t,lambda_final,rho_final,c_final,cov_trace_final,m_train
0,1.0,0.0,0.9988952534806151,0.0005526786008141802,0
1,1.0,0.0,0.9989032009531138,0.0005487004855638262,0
2,1.0,0.0,0.9989162361662768,0.0005421757652007405,0
3,0.6117478005587791,1.0,0.9989090312818916,0.000545782128831592,1
4,0.6202174799836093,0.951229424500714,0.9989217644914564,0.0005394086113184623,0
5,0.6117492290658246,1.0,0.9989005091280898,0.0005500478777077292,1
6,0.611756730409388,1.0,0.9988557595766898,0.0005724477830958152,1
7,0.6117469441425324,1.0,0.9989141405220683,0.0005432247252290577,1
8,0.6202287420859756,0.951229424500714,0.9988561114313043,0.0005722716542859049,0
9,0.6288716843054509,0.9048374180359595,0.9989204376241494,0.0005400727615229375,0
10,0.6117461906080401,1.0,0.9989186360187976,0.0005409745385357269,1
11,0.6202171394927358,0.951229424500714,0.9989237494979675,0.0005384150377427926,0
12,0.6288762842670492,0.9048374180359595,0.9988941393565752,0.0005532362792381197,0
13,0.6117541355656801,1.0,0.9988712388760773,0.0005646993272758912,1
14,0.611751357213451,1.0,0.9988878132769701,0.000556402830821422,1
15,0.6202286740392724,0.951229424500714,0.998856508094926,0.000572073095385186,0
16,0.6288778837434938,0.9048374180359595,0.9988849952698438,0.0005578134051941636,0
17,0.6376890143392637,0.8607079764250578,0.9988757401767646,0.0005624461386916931,0
18,0.6466164570808706,0.8187307530779818,0.9989348775625945,0.0005328450417098153,0
19,0.6556679228637303,0.7788007830714049,0.9988716712752809,0.000564482883407505,0
20,0.6647779201083543,0.7408182206817179,0.998904039578032,0.0005482807128745152,0
21,0.611751282380992,1.0,0.9988882596994919,0.0005561793710813811,1
22,0.6117523371193236,1.0,0.9988819675518354,0.0005593289563393392,1
23,0.611747972357289,1.0,0.9989080063646111,0.0005462951474219453,1
24,0.6117562375144074,1.0,0.9988586998683142,0.0005709759553225938,1
25,0.6117544113943583,1.0,0.998869593428617,0.0005655229813924182,1
26,0.611747749788697,1.0,0.9989093341668605,0.0005456305209706616,1
27,0.611749081414735,1.0,0.9989013899764456,0.0005496069689488702,1
28,0.6117442087377913,1.0,0.9989304597645735,0.0005350563008665049,1
29,0.6117459478194324,1.0,0.9989200844730743,0.0005402495279220504,1
30,0.6117488211492225,1.0,0.9989029426562673,0.0005488297758091867,1
31,0.6202162952919206,0.951229424500714,0.9989286710759084,0.000535951603561983,0
32,0.6288728969736566,0.9048374180359595,0.9989135046332148,0.0005435430153753504,0
33,0.6117482977484143,1.0,0.9989060651472762,0.000547266818090671,1
34,0.6202232099602564,0.951229424500714,0.998888360501283,0.0005561289140933188,0
35,0.628876856637515,0.9048374180359595,0.9988908671445615,0.0005548741992360392,0
36,0.6376880749401523,0.8607079764250578,0.9988810246931492,0.0005598009135684399,0
37,0.6466241036723333,0.8187307530779818,0.9988924115504754,0.000554101139450057,0
38,0.6117470077178546,1.0,0.9989137612406805,0.0005434145721059893,1
39,0.6117530359973238,1.0,0.9988777983575089,0.0005614158911138029,1
40,0.6202187787293924,0.951229424500714,0.9989141930660229,0.000543198424693755,0
41,0.6117502785065719,1.0,0.9988942484685253,0.0005531816628679845,1
42,0.6117516178612129,1.0,0.9988862583520337,0.0005571811595415721,1
43,0.6202188780422908,0.951229424500714,0.9989136140952629,0.0005434882248246243,0
44,0.6117564717495588,1.0,0.9988573025717749,0.0005716754023599388,1
45,0.6202210440540801,0.951229424500714,0.998900986876684,0.0005498087405385912,0
46,0.6288773028057613,0.9048374180359595,0.9988883164341149,0.0005561509721985263,0
47,0.6376871112654139,0.8607079764250578,0.9988864458076433,0.0005570873272406259,0
48,0.6117477549230265,1.0,0.998909303536389,0.0005456458529286974,1
49,0.6117498132252841,1.0,0.998897024194681,0.0005517922653900127,1
50,0.6202188419336139,0.951229424500714,0.9989138246002727,0.000543382857861646,0
51,0.6288746070665063,0.9048374180359595,0.9989037279080341,0.00054843671887416,0
52,0.6376832610092903,0.8607079764250578,0.9989081056512984,0.0005462454498112706,0
53,0.6466213338871247,0.8187307530779818,0.998907793538212,0.0005464016769623763,0
54,0.6117507253656277,1.0,0.998891582654663,0.0005545160470750655,1
55,0.6202219405751839,0.951229424500714,0.9988957604860412,0.0005524248177995787,0
56,0.6288770571825818,0.9048374180359595,0.9988897206423428,0.0005554480871923688,0
57,0.6117536012273076,1.0,0.9988744264666884,0.0005631037334691312,1
58,0.6117469387769763,1.0,0.998914172532228,0.0005432087027513173,1
59,0.6117489755418583,1.0,0.9989020215874658,0.00054929081621007,1
60,0.6117510035202688,1.0,0.9988899232811239,0.000555346655194232,1
61,0.6117485034738832,1.0,0.9989048378338485,0.0005478811472175703,1
62,0.6117567232188689,1.0,0.9988558024705682,0.0005724263115885518,1
63,0.6117489268295728,1.0,0.9989023121929398,0.0005491453537795664,1
64,0.6117510433815827,1.0,0.9988896854827712,0.0005554656865186269,1
65,0.611750173526442,1.0,0.99889487474693,0.0005528681771264864,1
66,0.6117434869404608,1.0,0.9989347660259891,0.0005329008694790488,1
67,0.6117465205937936,1.0,0.9989166673594962,0.0005419599347283015,1
68,0.6117508980513539,1.0,0.9988905524713858,0.0005550317105496574,1
69,0.6117580860053864,1.0,0.998847673037461,0.000576495700868243,1
70,0.6202257874864077,0.951229424500714,0.9988733348408348,0.0005636501617393802,0
71,0.6288734198465205,0.9048374180359595,0.9989105153172589,0.0005450393012974472,0
72,0.6376812390758761,0.8607079764250578,0.9989194803999264,0.0005405518911140558,0
73,0.6117425207188021,1.0,0.9989405305727646,0.000530015530846916,1
74,0.6202203911828725,0.951229424500714,0.998904792901934,0.0005479036378061256,0
75,0.6288802319055568,0.9048374180359595,0.9988715712092463,0.0005645329729447615,0
76,0.6376859898196432,0.8607079764250578,0.9988927545046687,0.0005539294722462143,0
77,0.6117564709385019,1.0,0.9988573074100147,0.000571672980472543,1
78,0.6117511302612406,1.0,0.9988891671900764,0.0005557251209871788,1
79,0.6117503924992095,1.0,0.9988935684250035,0.0005535220611405174,1
80,0.6117522064932016,1.0,0.9988827468118894,0.0005589388903579472,1
81,0.6117482419661907,1.0,0.9989063979322858,0.0005471002433917385,1
82,0.6117534289944041,1.0,0.998875453923727,0.0005625894263235555,1
83,0.6117577680074088,1.0,0.9988495699825589,0.0005755461350095919,1
84,0.6117498352690282,1.0,0.998896892688171,0.0005518580912536926,1
85,0.6117530103664677,1.0,0.9988779512593005,0.0005613393543342014,1
86,0.6117486132735296,1.0,0.9989041827939507,0.0005482090263546697,1
87,0.6202261357828383,0.951229424500714,0.9988713044753162,0.0005646664905927215,0
88,0.628884207740307,0.9048374180359595,0.9988488425662658,0.000575910262191392,0
89,0.6117520803619617,1.0,0.9988834992582473,0.0005585622465141757,1
90,0.6202240862709507,0.951229424500714,0.9988832520215517,0.0005586860030514926,0
91,0.6288731071629307,0.9048374180359595,0.998912302958857,0.0005441445064329397,0
92,0.6117478015017941,1.0,0.9989090256560389,0.0005457849448300521,1
93,0.6202271830560399,0.951229424500714,0.9988651995173854,0.0005677224281093831,0
94,0.6288773049960931,0.9048374180359595,0.9988883039121741,0.0005561572401369178,0
95,0.637684844000548,0.8607079764250578,0.9988992003669864,0.0005507029789659666,0
96,0.6117496430389151,1.0,0.9988980394775026,0.0005512840637030298,1
97,0.6202172576631878,0.951229424500714,0.9989230605827817,0.0005387598665766367,0
98,0.611748376609189,1.0,0.9989055946807697,0.0005475023090110596,1
99,0.6202275770793721,0.951229424500714,0.9988629026177368,0.000568872183997634,0
100,0.6288739982317993,0.9048374180359595,0.9989072086454566,0.0005466944431868778,0
101,0.6376874837709221,0.8607079764250578,0.9988843502879996,0.0005581362562007546,0
102,0.6117483300728599,1.0,0.9989058723065104,0.0005473633440760364,1
103,0.6202179285015856,0.951229424500714,0.9989191497130555,0.0005407174134269873,0
104,0.6117478670658342,1.0,0.9989086345132455,0.0005459807298614858,1
105,0.6117446303293506,1.0,0.9989279445513695,0.0005363152555545163,1
106,0.6117506766755825,1.0,0.9988918731229092,0.0005543706518145258,1
107,0.6202189080652362,0.951229424500714,0.9989134390686714,0.0005435758333047215,0
108,0.611750315393038,1.0,0.9988940284156206,0.0005532918111290523,1
109,0.6117506385998733,1.0,0.9988921002697253,0.000554256952426027,1
110,0.6117493000944084,1.0,0.9989000853902745,0.0005502599798647208,1
111,0.6202251556487652,0.951229424500714,0.9988770181016413,0.0005618064574942413,0
112,0.628878836514901,0.9048374180359595,0.9988795484011859,0.0005605398869885786,0
113,0.637688227313514,0.8607079764250578,0.9988801675262456,0.0005602299773158372,0
114,0.6466262208784961,0.8187307530779818,0.9988806538530155,0.0005599865413826553,0
115,0.6117505786669917,1.0,0.9988924578092044,0.0005540779844398427,1
116,0.6202196565803281,0.951229424500714,0.9989090754188131,0.0005457600362689994,0
117,0.6288751357464578,0.9048374180359595,0.9989007054325583,0.000549949617446887,0
118,0.611745937997549,1.0,0.9989201430695844,0.0005402201979940271,1
119,0.6202252698071091,0.951229424500714,0.9988763526207795,0.0005621395721177051,0
120,0.6117483469127072,1.0,0.9989057718435868,0.0005474136305602256,1
121,0.6202196028940626,0.951229424500714,0.9989093883949847,0.0005456033773046079,0
122,0.6117513823426188,1.0,0.9988876633658001,0.0005564778698694052,1
123,0.6202202702789702,0.951229424500714,0.9989054977343428,0.0005475508353343136,0
124,0.6288750229539488,0.9048374180359595,0.9989013502688933,0.000549626844560968,0
125,0.6376845540936965,0.8607079764250578,0.9989008312609033,0.0005498866340410074,0
126,0.6117517114560005,1.0,0.9988857000021854,0.0005574606458192807,1
127,0.6202214756988975,0.951229424500714,0.9988984705401618,0.0005510682946509756,0
128,0.6117522198189299,1.0,0.9988826673162037,0.0005589786826604275,1
129,0.6202229300323857,0.951229424500714,0.9988899923571297,0.0005553120788101019,0
130,0.6288724264617376,0.9048374180359595,0.9989161946068291,0.0005421965674697405,0
131,0.6376823337510563,0.8607079764250578,0.9989133220878639,0.0005436343873344036,0
132,0.6466200984848333,0.8187307530779818,0.9989146544321131,0.0005429674909524657,0
133,0.6556604975981563,0.7788007830714049,0.9989125037385701,0.0005440440072738437,0
134,0.6647803344607938,0.7408182206817179,0.9988908541098693,0.0005548807238187934,0
135,0.6739500864207617,0.7046880897187134,0.9988719032009474,0.0005643667895956896,0
136,0.6831372392017928,0.6703200460356393,0.998898254241976,0.0005511765630163963,0
137,0.6117485818432474,1.0,0.9989043702998515,0.0005481151705643166,1
138,0.6117454027100718,1.0,0.9989233365563385,0.0005386217310537611,1
139,0.6117505766294955,1.0,0.9988924699642271,0.000554071900189969,1
140,0.6117534800071978,1.0,0.9988751496062516,0.0005627417563866428,1
141,0.6117516421244117,1.0,0.998886113607247,0.0005572536126341795,1
142,0.6117502141997829,1.0,0.998894632102513,0.0005529896335742669,1
143,0.6117526371330583,1.0,0.9988801778005597,0.0005602248343996371,1
144,0.6117450316019352,1.0,0.9989255505698842,0.0005375135323506424,1
145,0.6117514671195261,1.0,0.9988871576188862,0.0005567310249840842,1
146,0.6117492121897664,1.0,0.9989006098062455,0.000549997483224123,1
147,0.6117552598559133,1.0,0.9988645319828777,0.0005680565746644002,1
148,0.6202262348207798,0.951229424500714,0.9988707271428204,0.000564955483108603,0
149,0.6288766057169332,0.9048374180359595,0.9988923016426142,0.0005541561543175079,0
150,0.6376882945827267,0.8607079764250578,0.9988797891077602,0.0005604193987146698,0
151,0.6117448773251682,1.0,0.9989264709799234,0.0005370528325444264,1
152,0.6202245584932344,0.951229424500714,0.9988804992028869,0.0005600639531034537,0
153,0.6288747070833249,0.9048374180359595,0.9989031561086245,0.0005487229324287295,0
154,0.6376860169509748,0.8607079764250578,0.9988926018766632,0.0005540058708468395,0
155,0.6466252300830636,0.8187307530779818,0.9988861561174606,0.0005572323338257044,0
156,0.6117436491042811,1.0,0.9989337985500486,0.0005333851235273981,1
157,0.6202224493598142,0.951229424500714,0.9988927944747809,0.000553909465037675,0
158,0.6288690074662086,0.9048374180359595,0.9989357417132468,0.0005324125058669128,0
159,0.6376880937472182,0.8607079764250578,0.9988809188951143,0.0005598538718476774,0
160,0.6466248624871639,0.8187307530779818,0.9988881975269703,0.0005562104919414592,0
161,0.6556700657805059,0.7788007830714049,0.998859887470301,0.0005703814762031403,0
162,0.6647845066341369,0.7408182206817179,0.9988680691351304,0.0005662859912285966,0
163,0.611753625987058,1.0,0.9988742787622906,0.0005631776688932514,1
164,0.6202197311371935,0.951229424500714,0.9989086407730122,0.0005459775965585844,0
165,0.6288742286711304,0.9048374180359595,0.9989058912107384,0.0005473538816089774,0
166,0.6376854860374818,0.8607079764250578,0.9988955885496703,0.0005525108810268461,0
167,0.6466294897035286,0.8187307530779818,0.9988625010861449,0.0005690731783841159,0
168,0.655669197596552,0.7788007830714049,0.998864661556084,0.0005679917144187194,0
169,0.6647805440923493,0.7408182206817179,0.9988897092611928,0.0005554537840925505,0
170,0.6739456723696601,0.7046880897187134,0.9988959097662027,0.0005523500952127885,0
171,0.6831300326463998,0.6703200460356393,0.998937391116959,0.0005315869260615231,0
172,0.6923330798161641,0.6376281516217733,0.9988888103164257,0.0005559037562782997,0
173,0.6117490972442426,1.0,0.9989012955416263,0.0005496542382913446,1
174,0.6117507078803367,1.0,0.9988916869659459,0.0005544638335620035,1
175,0.6202209366365823,0.951229424500714,0.9989016130840844,0.0005494952924529978,0
176,0.6288721286174843,0.9048374180359595,0.9989178974235671,0.0005413442360651018,0
177,0.6376829001626438,0.8607079764250578,0.9989101356465043,0.0005452293437591924,0
178,0.6117500831015181,1.0,0.9988954141940294,0.0005525981552415839,1
179,0.6117518283670998,1.0,0.9988850025570084,0.000557809757544699,1
180,0.6202178850230254,0.951229424500714,0.9989194031847435,0.0005405905404683901,0
181,0.6117508726599072,1.0,0.9988907039478687,0.0005549558881930274,1
182,0.611750172920142,1.0,0.9988948783639265,0.000552866366627323,1
183,0.6202150793863177,0.951229424500714,0.9989357597038261,0.0005324035009938417,0
184,0.6117565996929694,1.0,0.998856539344761,0.0005720574525804543,1
185,0.6202287919211662,0.951229424500714,0.99885582092792,0.0005724170723411948,0
186,0.6117467419199765,1.0,0.9989153469546946,0.000542620853560363,1
187,0.6202317340881489,0.951229424500714,0.998838670420039,0.0005810022228512833,0
188,0.6117455899690557,1.0,0.9989222193809114,0.0005391809211391424,1
189,0.6117522339618993,1.0,0.9988825829452114,0.0005590209153463214,1
190,0.620225203622872,0.951229424500714,0.9988767384386957,0.0005619464461913674,0
191,0.6288796687394904,0.9048374180359595,0.998874790715756,0.0005629214037430289,0
192,0.6376911761793119,0.8607079764250578,0.9988635790512522,0.0005685335823313789,0
193,0.6466252849588512,0.8187307530779818,0.9988858513703367,0.0005573848773205233,0
194,0.6117492102363801,1.0,0.9989006214596392,0.0005499916501144896,1
195,0.6117472360399623,1.0,0.9989123991050304,0.0005440963810026352,1
196,0.61174824373224,1.0,0.9989063873964044,0.0005471055170998158,1
197,0.6202257873781336,0.951229424500714,0.9988733354720103,0.0005636498457956792,0
198,0.6288806547249914,0.9048374180359595,0.9988691540452929,0.0005657429217248405,0
199,0.6376830609744628,0.8607079764250578,0.9989092309756087,0.0005456821729342028,0
200,0.6466222543828353,0.8187307530779818,0.9989026815378377,0.0005489604784293832,0
201,0.6556593255157701,0.7788007830714049,0.9989189493440754,0.0005408177063286396,0
202,0.6647762788960119,0.7408182206817179,0.9989130028176333,0.0005437941961358911,0
203,0.6117493426646409,1.0,0.9988998314276141,0.0005503871010335144,1
204,0.6117515191331792,1.0,0.9988868473253254,0.0005568863446348918,1
205,0.6202203175212382,0.951229424500714,0.9989052223264264,0.0005476886901939357,0
206,0.6288706429599861,0.9048374180359595,0.9989263911914746,0.0005370927696440293,0
207,0.6376820772902025,0.8607079764250578,0.9989147648548056,0.0005429122196208078,0
208,0.6117489430315927,1.0,0.9989022155356739,0.0005491937355228953,1
209,0.611751631502111,1.0,0.998886176975749,0.0005572218930522005,1
210,0.6202226199767906,0.951229424500714,0.9988917998487374,0.0005544073295452742,0
211,0.6288718987219215,0.9048374180359595,0.9989192117709466,0.0005406863509084579,0
212,0.6376840170670719,0.8607079764250578,0.9989038523557178,0.0005483744267470443,0
213,0.6466181761682838,0.8187307530779818,0.998925330267835,0.0005376238018663534,0
214,0.6117433573866397,1.0,0.9989355389503578,0.000532513995332726,1
215,0.611754379900576,1.0,0.9988697813035972,0.0005654289376035108,1
216,0.6202224170120545,0.951229424500714,0.998892983048931,0.0005538150734605792,0
217,0.628880075557777,0.9048374180359595,0.9988724650164736,0.0005640855646626653,0
218,0.6117534903240592,1.0,0.9988750880608992,0.0005627725637174018,1
219,0.611753870227941,1.0,0.9988728217439968,0.0005639069995945271,1
220,0.6117493675855316,1.0,0.9988996827562673,0.0005504615185842919,1
221,0.6202207961661025,0.951229424500714,0.9989024319799475,0.0005490853944626735,0
222,0.6117486863434497,1.0,0.9989037468756629,0.0005484272246516275,1
223,0.6202202595226117,0.951229424500714,0.9989055604406245,0.0005475194478407893,0
224,0.6288789591733972,0.9048374180359595,0.9988788471816417,0.0005608908901658334,0
225,0.6117527747016149,1.0,0.9988793571280726,0.0005606356308307242,1
226,0.6202238702358552,0.951229424500714,0.9988845114012255,0.0005580556096209911,0
227,0.6288794480503375,0.9048374180359595,0.9988760523548498,0.0005622898739913826,0
228,0.6376857189054405,0.8607079764250578,0.9988942785411504,0.0005531666099107782,0
229,0.6117510693514651,1.0,0.9988895305557803,0.0005555432361245304,1
230,0.6202159384423347,0.951229424500714,0.9989307514716999,0.0005349102911613669,0
231,0.6288715511727656,0.9048374180359595,0.9989211987659985,0.000539691779449473,0
232,0.6376814418755755,0.8607079764250578,0.998918339506351,0.000541122955273542,0
233,0.6466278260167135,0.8187307530779818,0.9988717399879818,0.0005644484882491462,0
234,0.65566693196772,0.7788007830714049,0.9988771202236523,0.0005617553390862975,0
235,0.664785932266215,0.7408182206817179,0.9988602836390633,0.0005701831657650509,0
236,0.6739401263327146,0.7046880897187134,0.998926073691961,0.0005372516900444042,0
237,0.6831370099529221,0.6703200460356393,0.9988994992075649,0.0005505533940360218,0
238,0.692328597090732,0.6376281516217733,0.9989131791348508,0.000543705941602519,0
239,0.7015125630672834,0.6065306597126334,0.9988573061100179,0.0005716736312145551,0
240,0.7106409110025467,0.5769498103804866,0.9988774791886603,0.0005615756548507122,0
241,0.7197107195583723,0.5488116360940264,0.9988810663402505,0.0005597800666910494,0
242,0.7286954389846982,0.522045776761016,0.9989123248531936,0.0005441335473445603,0
243,0.6117478650456858,1.0,0.9989086465650694,0.0005459746973659405,1
244,0.6202244684771938,0.951229424500714,0.9988810239503451,0.0005598012853865631,0
245,0.6117554712053873,1.0,0.9988632711964381,0.0005686876848875146,1
246,0.6202259944765056,0.951229424500714,0.9988721282083008,0.0005642541588733162,0
247,0.6117510304524375,1.0,0.9988897626134213,0.0005554270783278662,1
248,0.6202194618754487,0.951229424500714,0.9989102104954084,0.0005451918784764922,0
249,0.6288724465547892,0.9048374180359595,0.9989160797322187,0.000542254067096671,0
250,0.6376832970140561,0.8607079764250578,0.9989079031015518,0.0005463468353972402,0
251,0.6466251977631738,0.8187307530779818,0.998886335602746,0.0005571424911203197,0
252,0.6556704278794506,0.7788007830714049,0.9988578963201704,0.0005713781886250584,0
253,0.6647773051957344,0.7408182206817179,0.9989073978223247,0.0005465997512832693,0
254,0.6739422269041203,0.7046880897187134,0.998914648938017,0.0005429702409852819,0
255,0.6117471349444846,1.0,0.9989130022252326,0.00054379449265856,1
256,0.6117487322413528,1.0,0.9989034730595059,0.0005485642829994753,1
257,0.6117536914622881,1.0,0.9988738881696786,0.000563373185334473,1
258,0.620229737689003,0.951229424500714,0.9988503078032389,0.0005751767999116249,0
259,0.6288777067904076,0.9048374180359595,0.9988860068917679,0.0005573070298773718,0
260,0.6117501469022424,1.0,0.9988950335786163,0.0005527886734280642,1
261,0.6202217399571953,0.951229424500714,0.9988969300122678,0.0005518394085966843,0
262,0.6288740511884309,0.9048374180359595,0.9989069058891837,0.0005468459869519449,0
263,0.6376867545974843,0.8607079764250578,0.998888452238731,0.0005560829943251898,0
264,0.6466237989365045,0.8187307530779818,0.9988941038850881,0.0005532540346169625,0
265,0.6117500556412029,1.0,0.9988955780138545,0.0005525161547591442,1
266,0.6117439153999863,1.0,0.9989322098220983,0.0005341803359909067,1
267,0.6117483087107907,1.0,0.9989059997480647,0.0005472995535079249,1
268,0.6202142020298618,0.951229424500714,0.9989408746630799,0.000529843303248973,0
269,0.6288781643135393,0.9048374180359595,0.9988833912836609,0.0005586162941545049,0
270,0.6117513695932231,1.0,0.998887739423899,0.0005564397984732716,1
271,0.6202271055614492,0.951229424500714,0.9988656512613111,0.000567496299586799,0
272,0.6288757970912444,0.9048374180359595,0.9988969245266173,0.0005518421544507672,0
273,0.6117501585399318,1.0,0.9988949641517799,0.00055282342524706,1
274,0.6202166424649704,0.951229424500714,0.9989266470992371,0.0005369646782591262,0
275,0.6288812543526454,0.9048374180359595,0.9988657261219704,0.0005674588267512934,0
276,0.6117538853347406,1.0,0.9988727316245314,0.0005639521101769676,1
277,0.611753822133858,1.0,0.9988731086488607,0.0005637633853043084,1
278,0.6202261110071577,0.951229424500714,0.998871448902922,0.0005645941951955751,0
279,0.6288712377213929,0.9048374180359595,0.998922990823074,0.0005387947840356963,0
280,0.6376837898694576,0.8607079764250578,0.9989051304812476,0.0005477346631155947,0
281,0.6117520882472004,1.0,0.9988834522181776,0.0005585857928389795,1
282,0.6117552563505143,1.0,0.9988645528940426,0.0005680461071965848,1
283,0.6117471269146384,1.0,0.9989130501300941,0.00054377051416379,1
284,0.6117551883934965,1.0,0.9988649582860908,0.0005678431808014444,1
285,0.6117465159407992,1.0,0.9989166951187176,0.0005419460400652313,1
286,0.611754102899494,1.0,0.9988714337454705,0.0005646017824840468,1
287,0.6117521446992479,1.0,0.998883115448732,0.0005587543658100078,1
288,0.6117504209954737,1.0,0.9988933984255369,0.000553607155031592,1
289,0.6117524505922234,1.0,0.9988812906213717,0.0005596678005246884,1
290,0.6117489264253579,1.0,0.9989023146043866,0.000549144146731206,1
291,0.6117533131641875,1.0,0.9988761449108863,0.000562243543902715,1
292,0.6117536858840015,1.0,0.9988739214469494,0.0005633565279412339,1
293,0.6117523074310645,1.0,0.9988821446593208,0.0005592403034877557,1
294,0.6202235013781148,0.951229424500714,0.9988866616679201,0.0005569792767938805,0
295,0.6117469458246718,1.0,0.9989141304866594,0.0005432297483879597,1
296,0.6202245299622544,0.951229424500714,0.9988806655238595,0.0005599806994215273,0
297,0.6288808948623662,0.9048374180359595,0.9988677812372675,0.0005664301033057252,0
298,0.6376876987758091,0.8607079764250578,0.998883140786413,0.0005587416828041806,0
299,0.646627915155443,0.8187307530779818,0.9988712449739042,0.0005646962749170964,0
300,0.6556611381257939,0.7788007830714049,0.9989089813202843,0.0005458071369188774,0
301,0.6647730903382861,0.7408182206817179,0.9989304169114699,0.0005350777503598671,0
302,0.6739449195364295,0.7046880897187134,0.9989000042381689,0.0005503006005984802,0
303,0.6831394912172202,0.6703200460356393,0.9988860244643056,0.0005572982338097856,0
304,0.6923338309675806,0.6376281516217733,0.9988847269917395,0.0005579476939969661,0
305,0.7015109942723785,0.6065306597126334,0.9988658631136366,0.0005673902531416674,0
306,0.7106363061486876,0.5769498103804866,0.9989027400747577,0.0005489311778181,0
307,0.7197033168185256,0.5488116360940264,0.9989219956091816,0.0005392929277351019,0
308,0.6117491414140472,1.0,0.9989010320358683,0.0005497861361043986,1
309,0.6117485505340515,1.0,0.9989045570834312,0.0005480216763481341,1
310,0.6117494089122149,1.0,0.9988994362124375,0.0005505849263020329,1
311,0.6117523947646565,1.0,0.9988816236645132,0.0005595010924838721,1
312,0.6202212029410029,0.951229424500714,0.9989000606211051,0.0005502723780865557,0
313,0.6288694869503118,0.9048374180359595,0.9989330003719367,0.0005337846387065027,0
314,0.6376880690524575,0.8607079764250578,0.9988810578140311,0.0005597843345762617,0
315,0.6466210100334838,0.8187307530779818,0.9989095920766948,0.0005455014252698292,0
316,0.6117507965081025,1.0,0.9988911582430872,0.0005547284883817426,1
317,0.62022049061082,0.951229424500714,0.9989042132682399,0.0005481937724948861,0
318,0.6117492488900875,1.0,0.998900390861734,0.0005501070759771319,1
319,0.6202183684699923,0.951229424500714,0.9989165847865715,0.0005420012659678521,0
320,0.6288735729725514,0.9048374180359595,0.9989096398828682,0.0005454774960911718,0
321,0.6376853196545411,0.8607079764250578,0.9988965245452756,0.0005520423660101588,0
322,0.6466228366204022,0.8187307530779818,0.9988994480807193,0.0005505789856230766,0
323,0.6556649923024458,0.7788007830714049,0.9988877865653393,0.0005564162015077006,0
324,0.6647715060359364,0.7408182206817179,0.9989390695976484,0.0005307467936897878,0
325,0.6739448603787574,0.7046880897187134,0.9989003259827272,0.000550139551191645,0
326,0.6117454283362362,1.0,0.9989231836721283,0.0005386982555557977,1
327,0.6117440060296458,1.0,0.9989316691237677,0.0005344509742142189,1
328,0.6202237298014058,0.951229424500714,0.9988853300670667,0.0005576458197521679,0
329,0.6117513355426185,1.0,0.9988879425570379,0.0005563381188198392,1
330,0.6202204132174067,0.951229424500714,0.9989046644474808,0.0005479679354560929,0
331,0.6288756481174839,0.9048374180359595,0.998897776207417,0.0005514158439798293,0
332,0.6117470534377031,1.0,0.9989134884826588,0.0005435510994367288,1
333,0.6202197510057911,0.951229424500714,0.9989085249446569,0.0005460355740138192,0
334,0.6117514679781408,1.0,0.9988871524967179,0.0005567335889215138,1
335,0.6202210975141567,0.951229424500714,0.9989006752228677,0.0005499647389153121,0
336,0.6288796830491069,0.9048374180359595,0.9988747089103983,0.0005629623524994805,0
337,0.6117505170251785,1.0,0.9988928255437968,0.0005538939133109672,1
338,0.6202251230996203,0.951229424500714,0.998877207845514,0.0005617114789076584,0
339,0.6288793518196861,0.9048374180359595,0.9988766024883714,0.0005620144977978871,0
340,0.6117483093235718,1.0,0.9989059960923421,0.0005473013833710847,1
341,0.6202235582855201,0.951229424500714,0.9988863299241505,0.0005571453335836138,0
342,0.611745135380611,1.0,0.9989249314304842,0.0005378234351213802,1
343,0.620221668370649,0.951229424500714,0.9988973473349562,0.000551630516873841,0
344,0.6288768820582922,0.9048374180359595,0.9988907218156456,0.0005549469443833241,0
345,0.6376869424344267,0.8607079764250578,0.9988873955636546,0.0005566119200690965,0
346,0.6466216998675195,0.8187307530779818,0.9989057610513341,0.0005474190325976503,0
347,0.6556627545557148,0.7788007830714049,0.9989000922408763,0.000550256550792128,0
348,0.6117449660049721,1.0,0.9989259419190203,0.0005373176473523856,1
349,0.6202229938661319,0.951229424500714,0.9988896202342493,0.0005554983470440975,0
350,0.611756966519426,1.0,0.9988543511020043,0.0005731528276756495,1
351,0.6202238157603713,0.951229424500714,0.9988848289671934,0.0005578966493438309,0
352,0.611751271317383,1.0,0.9988883257008788,0.0005561463336599996,1
353,0.6202219968123158,0.951229424500714,0.9988954326453984,0.0005525889193553239,0
354,0.628880922280495,0.9048374180359595,0.998867624494536,0.0005665085635117042,0
355,0.6117521616583133,1.0,0.9988830142780322,0.0005588050077236415,1
356,0.620223906930045,0.951229424500714,0.9988842974917621,0.0005581626838041299,0
357,0.6288786944580299,0.9048374180359595,0.9988803605190549,0.0005601333727396139,0
358,0.6376805966592745,0.8607079764250578,0.9989230944645693,0.000538742907419162,0
359,0.6466192690754738,0.8187307530779818,0.9989192606480188,0.0005406618859314987,0
360,0.6556651944932466,0.7788007830714049,0.9988866746991681,0.0005569727539076932,0
361,0.6117474609167614,1.0,0.9989110575262986,0.0005447679011649248,1
362,0.6117520883317795,1.0,0.9988834517136135,0.0005585860454030597,1
363,0.6117508125011083,1.0,0.9988910628343433,0.0005547762457112833,1
364,0.620221068326306,0.951229424500714,0.9989008453779576,0.0005498795677468446,0
365,0.6288795278138646,0.9048374180359595,0.9988755963612598,0.0005625181273832781,0
366,0.6117499140700795,1.0,0.9988964225844287,0.0005520934027539738,1
367,0.6202270678002015,0.951229424500714,0.9988658713853519,0.0005673861125880933,0
368,0.6117492505040037,1.0,0.9989003812335334,0.0005501118953768703,1
369,0.6117470876417156,1.0,0.9989132844265264,0.0005436532384886292,1
370,0.6202222453009492,0.951229424500714,0.998893984054985,0.0005533140160052832,0
371,0.6288682080465517,0.9048374180359595,0.9989403122360009,0.0005301248150238955,0
372,0.6117487907381913,1.0,0.9989031240812106,0.000548738963719716,1
373,0.6117477290224554,1.0,0.9989094580544765,0.0005455685095326811,1
374,0.6117510372949,1.0,0.9988897217937399,0.0005554475108539105,1
375,0.6202268062391166,0.951229424500714,0.9988673961219063,0.0005666228792879745,0
376,0.6288754648979715,0.9048374180359595,0.9988988236720264,0.0005508915340428457,0
377,0.6117514870257863,1.0,0.998887038865734,0.0005567904677141101,1
378,0.6117464445522007,1.0,0.9989171210148967,0.0005417328610832594,1
379,0.6202196599557421,0.951229424500714,0.9989090557410821,0.0005457698858797662,0
380,0.6288765996584341,0.9048374180359595,0.9988923362787276,0.0005541388170566568,0
381,0.6376870138991397,0.8607079764250578,0.9988869935399158,0.0005568131558747625,0
382,0.6117457490945193,1.0,0.9989212700497845,0.0005396560990657436,1
383,0.61175427980543,1.0,0.9988703784177981,0.0005651300427757013,1
384,0.6202237082202564,0.951229424500714,0.9988854558749566,0.0005575828456158265,0
385,0.6288745192392828,0.9048374180359595,0.9989042300194975,0.0005481853876781612,0
386,0.6117520601357657,1.0,0.9988836199193736,0.0005585018485202592,1
387,0.6202226050751799,0.951229424500714,0.9988918867188771,0.0005543638462891864,0
388,0.6288723611727717,0.9048374180359595,0.998916567872529,0.0005420097321615539,0
389,0.6376889557939798,0.8607079764250578,0.9988760695176364,0.0005622812829422449,0
390,0.6466246885406312,0.8187307530779818,0.9988891635245842,0.0005557269557713365,0
391,0.6556553596506959,0.7788007830714049,0.9989407590939192,0.0005299011490986557,0
392,0.6117516325025554,1.0,0.9988861710074878,0.0005572248805103253,1
393,0.6202144611832576,0.951229424500714,0.9989393638034293,0.0005305995345893382,0
394,0.611752987208143,1.0,0.9988780894111466,0.0005612702008222849,1
395,0.6202224341975435,0.951229424500714,0.9988928828645838,0.0005538652211510944,0
396,0.628875437789022,0.9048374180359595,0.9988989786538184,0.0005508139577276865,0
397,0.6376813082629709,0.8607079764250578,0.9989190911727703,0.0005407467152412801,0
398,0.6117441526930458,1.0,0.9989307941279688,0.0005348889401978822,1
399,0.6202236813424927,0.951229424500714,0.9988856125596333,0.0005575044158702357,0
400,0.6288721012754533,0.9048374180359595,0.998918053741932,0.0005412659922208597,0
401,0.6117493744560991,1.0,0.9988996417683108,0.0005504820351376494,1
402,0.6202217706048496,0.951229424500714,0.9988967513480261,0.000551928839373874,0
403,0.6288702439502911,0.9048374180359595,0.9989286724174832,0.0005359509320552378,0
404,0.6376840826309179,0.8607079764250578,0.9989034835193782,0.0005485590473223349,0
405,0.6117519971736256,1.0,0.9988839955256203,0.000558313835538205,1
406,0.6117435487521233,1.0,0.9989343972549332,0.0005330854516642818,1
407,0.6202242918971637,0.951229424500714,0.9988820533227097,0.000559286022903039,0
408,0.6117478560192389,1.0,0.9989087004151499,0.0005459477429095856,1
409,0.6117564965729365,1.0,0.9988571544916112,0.0005717495271494966,1
410,0.6117543849685813,1.0,0.9988697510705982,0.0005654440712074941,1
411,0.62022043090163,0.951229424500714,0.9989045613539994,0.0005480195387223523,0
412,0.6117460460530103,1.0,0.9989194984202961,0.0005405428711830274,1
413,0.6202242815311588,0.951229424500714,0.9988821137513284,0.0005592557747788454,0
414,0.6288734456887276,0.9048374180359595,0.9989103675751155,0.0005451132529438234,0
415,0.6376900019136242,0.8607079764250578,0.9988701846931505,0.0005652270146504472,0
416,0.6466306927633461,0.8187307530779818,0.9988558202356369,0.0005724174188792355,0
417,0.611745276284567,1.0,0.9989240908040794,0.0005382442008526547,1
418,0.6117514081686475,1.0,0.9988875092974563,0.0005565549898306212,1
419,0.611747283453852,1.0,0.9989121162411837,0.0005442379669350189,1
420,0.6202211877391441,0.951229424500714,0.9989001492426094,0.0005502280185435383,0
421,0.6117510815071525,1.0,0.9988894580393273,0.0005555795346607994,1
422,0.6202202483715712,0.951229424500714,0.9989056254477884,0.000547486908647729,0
423,0.6117475600501721,1.0,0.998910466113209,0.0005450639301557954,1
424,0.6202223844028633,0.951229424500714,0.9988931731471714,0.0005537199190118502,0
425,0.6288725122241021,0.9048374180359595,0.9989157042922743,0.0005424419907984866,0
426,0.6376846602678645,0.8607079764250578,0.998900233969327,0.0005501856085418574,0
427,0.646625248197409,0.8187307530779818,0.9988860555212672,0.0005572826880116157,0
428,0.6556630858415424,0.7788007830714049,0.9988982704436132,0.0005511684532629136,0
429,0.6647831278329002,0.7408182206817179,0.9988755989481288,0.0005625168324928178,0
430,0.6739473615568208,0.7046880897187134,0.9988867227634959,0.000556948694958976,0
431,0.6831349027980854,0.6703200460356393,0.9989109424569386,0.000544825498568535,0
432,0.6923338024440137,0.6376281516217733,0.9988848820480484,0.0005578700792869272,0
433,0.6117506590014508,1.0,0.9988919785607978,0.0005543178743889095,1
434,0.6117508040275574,1.0,0.9988911133846163,0.0005547509425157214,1
435,0.6117495771946782,1.0,0.9988984322856557,0.000551087442996846,1
436,0.6117579519801617,1.0,0.9988484725340039,0.0005760954915848375,1
437,0.6202220588658658,0.951229424500714,0.9988950708974739,0.0005527699933587759,0
438,0.6288814036726292,0.9048374180359595,0.9988648724989522,0.0005678861231139267,0
439,0.6376956556164143,0.8607079764250578,0.998838381218903,0.0005811469915644389,0
440,0.6466260435327057,0.8187307530779818,0.9988816387190113,0.0005594935568071367,0
441,0.6117491095738853,1.0,0.9989012219861214,0.0005496910564974642,1
442,0.6117470493472054,1.0,0.9989135128859736,0.0005435388845078241,1
443,0.6117482765439957,1.0,0.9989061916483565,0.0005472034982868053,1
444,0.6117588807557026,1.0,0.9988429321575912,0.0005788688811081907,1
445,0.6117593516663643,1.0,0.9988401230763123,0.0005802750507563648,1
446,0.6117584069985005,1.0,0.9988457582310282,0.0005774542095177103,1
447,0.6117528716926246,1.0,0.9988787785236916,0.0005609252576733179,1
448,0.6117558403957568,1.0,0.998861068829934,0.0005697901225262217,1
449,0.6117537184081783,1.0,0.9988737274239855,0.0005634536487983162,1
450,0.6117510297235351,1.0,0.9988897669617924,0.0005554249017257272,1
451,0.6202351983721404,0.951229424500714,0.9988184769207062,0.0005911108139878157,0
452,0.6288756616809967,0.9048374180359595,0.9988976986649721,0.0005514546579854955,0
453,0.6117553497220913,1.0,0.9988639958939153,0.0005683249239195689,1
454,0.6117418037178499,1.0,0.9989448082833919,0.0005278744116624381,1
455,0.6202175625810287,0.951229424500714,0.9989212829627593,0.000539649635606053,0
456,0.6288843209620899,0.9048374180359595,0.9988481953218956,0.0005762342574509006,0
457,0.637691041792039,0.8607079764250578,0.9988643350222887,0.0005681551669169591,0
458,0.6466295301125718,0.8187307530779818,0.9988622766851272,0.0005691855066789104,0
459,0.65566752234783,0.7788007830714049,0.9988738737125711,0.0005633804220375902,0
460,0.6647786004981218,0.7408182206817179,0.9989003237556553,0.0005501406659534315,0
461,0.6739499113647411,0.7046880897187134,0.9988728552611928,0.0005638902220855848,0
462,0.6831364912412199,0.6703200460356393,0.9989023161441828,0.0005491433759870894,0
463,0.6923321815535262,0.6376281516217733,0.9988936933714947,0.0005534595186998753,0
464,0.7015020235226358,0.6065306597126334,0.9989147954152888,0.0005428969227787503,0
465,0.6117497490810139,1.0,0.9988974068607263,0.000551600721135356,1
466,0.6117598513267666,1.0,0.9988371425097177,0.0005817670668322231,1
467,0.6202291050956494,0.951229424500714,0.9988539953482716,0.0005733309085918975,0
468,0.6288838362251654,0.9048374180359595,0.9988509663760999,0.0005748471345760184,0
469,0.6117483137813358,1.0,0.9989059694982706,0.0005473146949699862,1
470,0.6117549888542376,1.0,0.9988661486226944,0.0005672473365461508,1
471,0.6202126179874433,0.951229424500714,0.9989501096727728,0.0005252209240674842,0
472,0.6288758063439672,0.9048374180359595,0.9988968716289696,0.0005518686324826325,0
473,0.611758992832987,1.0,0.9988422635919114,0.0005792035512960822,1
474,0.6202249656594969,0.951229424500714,0.9988781256368221,0.0005612520676410479,0
475,0.6288739582990682,0.9048374180359595,0.9989074369433837,0.0005465801693589071,0
476,0.6376927834764812,0.8607079764250578,0.9988545375520463,0.0005730594957376997,0
477,0.6466214511088475,0.8187307530779818,0.9989071425420961,0.0005467275310263118,0
478,0.6117554423003958,1.0,0.9988634436264464,0.0005686013717762279,1
479,0.6202286960164147,0.951229424500714,0.998856379983877,0.0005721372242446059,0
480,0.6288819294109009,0.9048374180359595,0.9988618669995978,0.0005693905828054763,0
481,0.6117562492048332,1.0,0.9988586301306693,0.0005710108639875378,1
482,0.6202222069512138,0.951229424500714,0.998894207618573,0.0005532021104545034,0
483,0.6288863832717404,0.9048374180359595,0.9988364060088228,0.000582135746136893,0
484,0.6117427761861004,1.0,0.9989390064319413,0.0005307784100870958,1
485,0.6117537102605941,1.0,0.9988737760283903,0.0005634293191947278,1
486,0.6202180435053317,0.951229424500714,0.9989184792636588,0.0005410530009576895,0
487,0.611752859966753,1.0,0.9988788484748973,0.0005608902428122711,1
488,0.6117580989335172,1.0,0.9988475959177315,0.0005765343052192997,1
489,0.6202245985206534,0.951229424500714,0.998880265863642,0.0005601807534976759,0
490,0.6117509708746725,1.0,0.9988901180331476,0.0005552491709769226,1
491,0.620225090183124,0.951229424500714,0.9988773997308983,0.0005616154283799239,0
492,0.6288775051714544,0.9048374180359595,0.9988871595275158,0.0005567300696061031,0
493,0.6376905780350983,0.8607079764250578,0.9988669438078437,0.0005668492928073744,0
494,0.6117551398673391,1.0,0.9988652477650773,0.0005676982768570999,1
495,0.6117492166470714,1.0,0.9989005832151269,0.0005500107934167552,1
496,0.6117514759733178,1.0,0.9988871048005408,0.0005567574635795381,1
497,0.611747778085478,1.0,0.9989091653534542,0.0005457150198409246,1
498,0.6202217385116218,0.951229424500714,0.9988969384394168,0.0005518351903691295,0
499,0.6288797083135969,0.9048374180359595,0.9988745644781333,0.0005630346499929738,0
500,0.6376888696725078,0.8607079764250578,0.9988765539859606,0.0005620387762782795,0
501,0.6466197080387464,0.8187307530779818,0.9989168228140629,0.0005418821231552146,0
502,0.6556662563549172,0.7788007830714049,0.9988808354459845,0.0005598956431598621,0
503,0.6647782482280563,0.7408182206817179,0.9989022476112911,0.0005491776800891798,0
504,0.6117524791630504,1.0,0.998881120180227,0.0005597531165481567,1
505,0.6117544795144433,1.0,0.9988691870609796,0.0005657263951927575,1
506,0.6202238234203113,0.951229424500714,0.9988847843134051,0.000557919001164646,0
507,0.6117483741449364,1.0,0.9989056093819678,0.00054749495035871,1
508,0.6117474753828127,1.0,0.9989109712242611,0.0005448110992257396,1
509,0.6202198072196581,0.951229424500714,0.9989081972336711,0.0005461996085732511,0
510,0.611751755096085,1.0,0.9988854396626913,0.0005575909607932493,1
511,0.6202248272122322,0.951229424500714,0.9988789327109644,0.0005608480775067869,0
512,0.6117489847376122,1.0,0.9989019667278811,0.0005493182761535667,1
513,0.6202173302042877,0.951229424500714,0.998922637679891,0.0005389715460327347,0
514,0.6288727813563877,0.9048374180359595,0.9989141656302307,0.0005432121575012398,0
515,0.6376839742819012,0.8607079764250578,0.9989040930483086,0.0005482539484041044,0
516,0.6466245192056848,0.8187307530779818,0.9988901039132367,0.0005552562387768128,0
517,0.6556692195282229,0.7788007830714049,0.9988645409549572,0.0005680520835251108,0
518,0.6117531353132513,1.0,0.9988772058851139,0.0005617124602095463,1
519,0.6202197202570116,0.951229424500714,0.9989087042014324,0.0005459458477000934,0
520,0.6117494257491181,1.0,0.9988993357680463,0.0005506352038337462,1
521,0.61174749671039,1.0,0.9989108439875298,0.0005448747869531775,1
522,0.620225804980608,0.951229424500714,0.9988732328596861,0.0005637012098304522,0
523,0.6288792055251142,0.9048374180359595,0.9988774388292119,0.0005615958572530088,0
524,0.6117543853876339,1.0,0.9988697485707544,0.0005654453225437213,1
525,0.6202168636776961,0.951229424500714,0.9989253574589901,0.0005376101916625144,0
526,0.6117475926309917,1.0,0.9989102717416876,0.0005451612219286553,1
527,0.6202174133658802,0.951229424500714,0.9989221528615585,0.0005392142167019975,0
528,0.628876169423109,0.9048374180359595,0.9988947959151251,0.0005529076366381738,0
529,0.6376880522971371,0.8607079764250578,0.9988811520701091,0.0005597371537468783,0
530,0.6466253428648743,0.8187307530779818,0.9988855297952308,0.0005575458442404251,0
531,0.6117506488588272,1.0,0.9988920390682647,0.0005542875870973758,1
532,0.6117491088015554,1.0,0.9989012265936443,0.0005496887502019046,1
533,0.6117530102719576,1.0,0.9988779518231039,0.0005613390721158209,1
534,0.6117486882471396,1.0,0.9989037355186918,0.00054843290936905,1
535,0.6202258599577298,0.951229424500714,0.9988729123747123,0.000563861633102721,0
536,0.6288747404694802,0.9048374180359595,0.998902965238986,0.0005488184720491059,0
537,0.6376831109386691,0.8607079764250578,0.9989089498947223,0.0005458228668617328,0
538,0.6466265072930444,0.8187307530779818,0.9988790632908575,0.0005607827142878845,0
539,0.6117539812928637,1.0,0.998872159187569,0.0005642386517494202,1
540,0.6202238147943406,0.951229424500714,0.9988848345986909,0.0005578938304515725,0
541,0.6117514255974952,1.0,0.9988874053235453,0.0005566070346882873,1
542,0.6117463123142574,1.0,0.9989179099319976,0.0005413379750748659,1
543,0.6202242753543161,0.951229424500714,0.9988821497592311,0.0005592377506789513,0
544,0.6288813735848445,0.9048374180359595,0.9988650445028132,0.0005678000234566764,0
545,0.6117448966422364,1.0,0.9989263557348705,0.0005371105170001048,1
546,0.6117527817146694,1.0,0.9988793152913533,0.0005606565726591199,1
547,0.6202143338721504,0.951229424500714,0.9989401060244942,0.0005302280301636929,0
548,0.6288728392752523,0.9048374180359595,0.9989138345014504,0.0005433779018897321,0
549,0.6376877398024574,0.8607079764250578,0.9988829099928217,0.0005588572086392572,0
550,0.6466162299890043,0.8187307530779818,0.9989361387709299,0.0005322137655538016,0
551,0.6556690934995074,0.7788007830714049,0.9988652339805918,0.0005677051769297872,0
552,0.6647758068510478,0.7408182206817179,0.9989155808382457,0.0005425037848195391,0
553,0.6739448211230421,0.7046880897187134,0.9989005394853204,0.0005500326823855281,0
554,0.6831331627540734,0.6703200460356393,0.9989203921501232,0.0005400955231091301,0
555,0.6923257462986097,0.6376281516217733,0.9989286767960652,0.0005359487404162636,0
556,0.7015086952047014,0.6065306597126334,0.9988784035159414,0.0005611129720529866,0
557,0.6117464745545208,1.0,0.9989169420244679,0.0005418224533232516,1
558,0.6202241903884793,0.951229424500714,0.9988826450677404,0.0005589898193355633,0
559,0.6288788147612449,0.9048374180359595,0.9988796727635234,0.0005604776360745701,0
560,0.6376761389128229,0.8607079764250578,0.9989481730229348,0.0005261902676295043,0
561,0.6117502274595494,1.0,0.9988945529989168,0.0005530292291415897,1
562,0.6202211533272164,0.951229424500714,0.9989003498521181,0.0005501276033575826,0
563,0.628878106398746,0.9048374180359595,0.9988837223754847,0.0005584505632134052,0
564,0.6376926990691468,0.8607079764250578,0.9988550123644458,0.0005728218173426821,0
565,0.6466211253557602,0.8187307530779818,0.9989089516278213,0.0005458219993657467,0
566,0.6556648914400748,0.7788007830714049,0.9988883412175151,0.0005561385667076179,0
567,0.611750302975911,1.0,0.9988941024922356,0.0005532547318142029,1
568,0.6202201825910842,0.951229424500714,0.9989060089280788,0.0005472949584739041,0
569,0.6117586101416435,1.0,0.9988445464328057,0.0005780608091591204,1
570,0.6117507819632776,1.0,0.9988912450124963,0.000554685055518871,1
571,0.6117496896122744,1.0,0.9988977616341121,0.0005514231386727135,1
572,0.6117525932860941,1.0,0.9988804393721518,0.0005600939019997197,1
573,0.6117471582543444,1.0,0.9989128631621156,0.0005438640998847773,1
574,0.6117494745048022,1.0,0.9988990449049647,0.0005507807956434385,1
575,0.6117509846530178,1.0,0.9988900358364295,0.0005552903150026575,1
576,0.6117513645308705,1.0,0.9988877696239918,0.0005564246816131738,1
577,0.6117479374796733,1.0,0.9989082144377143,0.0005461909971497526,1
578,0.6117491489256898,1.0,0.9989009872233408,0.0005498085670195449,1
579,0.6202250191347445,0.951229424500714,0.9988778139047325,0.0005614081087687367,0
580,0.6288720100338656,0.9048374180359595,0.9989185753835906,0.0005410048889599924,0
581,0.611752294543969,1.0,0.9988822215382481,0.0005592018210077024,1
582,0.6202232689786757,0.951229424500714,0.9988880164504502,0.0005563011309824569,0
583,0.6288723729112524,0.9048374180359595,0.9989165007620598,0.0005420433237915571,0
584,0.6117510627752548,1.0,0.9988895697870857,0.00055552359866545,1
585,0.611749564667901,1.0,0.9988985070169031,0.0005510500361684227,1
586,0.6202195450532887,0.951229424500714,0.998909725590955,0.0005454345952722377,0
587,0.6288759067500254,0.9048374180359595,0.9988962976096073,0.0005521559592044958,0
588,0.6376817627337668,0.8607079764250578,0.9989165344526261,0.00054202646023706,0
589,0.6117451031099466,1.0,0.9989251239559075,0.000537727068818642,1
590,0.611751680448686,1.0,0.9988858849796283,0.0005573680539312641,1
591,0.611746416777334,1.0,0.9989172867166354,0.0005416499204061056,1
592,0.6117551445720308,1.0,0.9988652196996022,0.0005677123255366839,1
593,0.6202219234549109,0.951229424500714,0.9988958602906162,0.0005523748603496186,0
594,0.628873438605908,0.9048374180359595,0.9989104080682079,0.000545092984312684,0
595,0.6117513825495347,1.0,0.9988876621314182,0.0005564784877476711,1
596,0.6117466874343502,1.0,0.9989156720090003,0.0005424581499570405,1
597,0.620222107051396,0.951229424500714,0.9988947899948093,0.0005529106000712601,0
598,0.628877214007892,0.9048374180359595,0.9988888240841794,0.0005558968647436733,0
599,0.637680778945821,0.8607079764250578,0.9989220689673114,0.0005392562090887148,0
600,0.6117448578623392,1.0,0.9989265870946017,0.0005369947128154236,1
601,0.6117503820651368,1.0,0.9988936306713068,0.0005534909035160453,1
602,0.6202212326626735,0.951229424500714,0.9988998873542234,0.0005503591069313615,0
603,0.6288769910946048,0.9048374180359595,0.9988900984625203,0.0005552589671632794,0
604,0.6376913532116509,0.8607079764250578,0.9988625831893194,0.0005690320800492155,0
605,0.611750645216177,1.0,0.9988920607990877,0.0005542767096342262,1
606,0.6117540679214651,1.0,0.9988716424061725,0.0005644973342671612,1
607,0.6202163304161423,0.951229424500714,0.9989284663056998,0.0005360540984825904,0
608,0.6288723814954476,0.9048374180359595,0.9989164516850686,0.0005420678889040619,0
609,0.6376871538028234,0.8607079764250578,0.9988862065143123,0.0005572071073020598,0
610,0.6117527553797968,1.0,0.9988794723933382,0.0005605779335431869,1
611,0.620227803033188,0.951229424500714,0.9988615854574072,0.0005695315143194244,0
612,0.6117535588038896,1.0,0.9988746795438488,0.0005629770523160074,1
613,0.620218167992116,0.951229424500714,0.9989177535307231,0.0005414162604300055,0
614,0.6117520816231495,1.0,0.9988834917345226,0.0005585660125813072,1
615,0.6202235641424594,0.951229424500714,0.9988862957809213,0.0005571624242318579,0
616,0.6288742597622863,0.9048374180359595,0.9989057134610174,0.0005474428538226456,0
617,0.6376861527160747,0.8607079764250578,0.9988918381270455,0.0005543881691580644,0
618,0.611754546103382,1.0,0.9988687898275734,0.0005659252367880186,1
619,0.61175327633318,1.0,0.9988763646270481,0.0005621335622304228,1
620,0.6117545858738017,1.0,0.9988685525789834,0.0005660439954380716,1
621,0.6117490656399645,1.0,0.9989014840847317,0.0005495598630570316,1
622,0.6202177652223775,0.951229424500714,0.9989201016000766,0.0005402409551631397,0
623,0.6288734291845739,0.9048374180359595,0.9989104619307927,0.0005450660236449169,0
624,0.6117471487115104,1.0,0.9989129200932247,0.0005438356033514009,1
625,0.6202216788615224,0.951229424500714,0.9988972861770872,0.0005516611295644752,0
626,0.6288780689931693,0.9048374180359595,0.9988839362186921,0.000558343522133587,0
627,0.6376879476696535,0.8607079764250578,0.9988817406461808,0.0005594425361654397,0
628,0.6466167232877967,0.8187307530779818,0.9989333991220195,0.0005335850507445575,0
629,0.6556640438157093,0.7788007830714049,0.9988930024021159,0.0005538053861442501,0
630,0.6647721728235336,0.7408182206817179,0.9989354279190943,0.0005325695701247804,0
631,0.6117488066981693,1.0,0.9989030288677901,0.0005487866227082111,1
632,0.6117519709392807,1.0,0.9988841520290012,0.0005582354964271561,1
633,0.6117472695539758,1.0,0.9989121991656574,0.0005441964595446717,1
634,0.6117511618695374,1.0,0.9988889786264815,0.0005558195076412565,1
635,0.6117457848883137,1.0,0.9989210565067554,0.0005397629858936717,1
636,0.6117491967751196,1.0,0.9989007017660163,0.0005499514527354105,1
637,0.6117491244062304,1.0,0.9989011335001418,0.0005497353481559316,1
638,0.6117447997542604,1.0,0.9989269337658491,0.0005368211909611983,1
639,0.6117556766545239,1.0,0.9988620456102214,0.0005693011757445379,1
640,0.611747915042171,1.0,0.9989083482955439,0.000546123995087553,1
641,0.6117500861105243,1.0,0.9988953962432235,0.0005526071405696451,1
642,0.6202223410457559,0.951229424500714,0.9988934259014437,0.0005535934018591157,0
643,0.6117475209783619,1.0,0.9989106992089292,0.0005449472551879819,1
644,0.6202192646725821,0.951229424500714,0.9989113601364653,0.000544616431162389,0
645,0.6288791078298368,0.9048374180359595,0.9988779973367947,0.0005613162897079353,0
646,0.637688289852867,0.8607079764250578,0.9988798157152655,0.0005604060800424515,0
647,0.6466269941010856,0.8187307530779818,0.9988763598792749,0.0005621359387873876,0
648,0.6117533498924803,1.0,0.9988759258075427,0.0005623532188452269,1
649,0.6202184066797449,0.951229424500714,0.9989163620319148,0.0005421127641073967,0
650,0.6288723202557425,0.9048374180359595,0.9989168018007223,0.0005418926412185346,0
651,0.6117500276368786,1.0,0.9988957450791127,0.0005524325297797453,1
652,0.6202254585301649,0.951229424500714,0.9988752524697135,0.000562690266740146,0
653,0.6288758241969472,0.9048374180359595,0.9988967695638183,0.0005519197214185039,0
654,0.6117511439416553,1.0,0.9988890855776946,0.0005557659725589834,1
655,0.6202182969237879,0.951229424500714,0.9989170018857781,0.0005417924902172245,0
656,0.6288692343692879,0.9048374180359595,0.9989344444452244,0.0005330618313493338,0
657,0.6117487505160325,1.0,0.998903364037072,0.000548618854058032,1
658,0.6117480717740171,1.0,0.9989074132640121,0.0005465920219946206,1
659,0.6117506200042959,1.0,0.9988922112046854,0.0005542014234284791,1
660,0.6117514016097216,1.0,0.9988875484255301,0.000556535404005073,1
661,0.6117458037838983,1.0,0.998920943777176,0.0005398194115666948,1
662,0.6117518967831981,1.0,0.9988845944140823,0.0005580140568426404,1
663,0.6117492749898449,1.0,0.9989002351574549,0.0005501850138239274,1
664,0.6117541576827773,1.0,0.998871106937067,0.0005647653713333491,1
665,0.6117565279864179,1.0,0.9988569670992125,0.0005718433305604167,1
666,0.6117448922150699,1.0,0.9989263821472119,0.0005370972966356072,1
667,0.6117508048410893,1.0,0.9988911085313666,0.000554753371834431,1
668,0.6202208847470275,0.951229424500714,0.998901915582703,0.0005493438768536822,0
669,0.6288669362934272,0.9048374180359595,0.9989475832897639,0.0005264854447773358,0
670,0.6376862074704859,0.8607079764250578,0.998891530105089,0.0005545423510185376,0
671,0.6117556509509772,1.0,0.9988621989420279,0.0005692244225055297,1
672,0.6202243067507189,0.951229424500714,0.9988819667339285,0.0005593293657505764,0
673,0.6288754671684909,0.9048374180359595,0.9988988106914748,0.0005508980314734945,0
674,0.611752768794976,1.0,0.9988793923644186,0.0005606179928921891,1
675,0.6202124148842253,0.951229424500714,0.9989512937787712,0.0005246282491754732,0
676,0.6117536572166307,1.0,0.9988740924621854,0.0005632709239337639,1
677,0.6202239178024967,0.951229424500714,0.9988842341106151,0.0005581944097753753,0
678,0.628875730524787,0.9048374180359595,0.9988973050859548,0.0005516516646936939,0
679,0.6117562275263515,1.0,0.9988587594507085,0.000570946130086828,1
680,0.6202204586773159,0.951229424500714,0.998904399430483,0.0005481005892730528,0
681,0.611750264244929,1.0,0.9988943335489626,0.0005531390755601042,1
682,0.6117569621749093,1.0,0.9988543770184609,0.0005731398545849017,1
683,0.6202234721366521,0.951229424500714,0.9988868321321407,0.0005568939496929145,0
684,0.6288809373001167,0.9048374180359595,0.9988675386310479,0.0005665515439275458,0
685,0.611753244777554,1.0,0.9988765528728663,0.0005620393334513819,1
686,0.6202189566308649,0.951229424500714,0.9989131559427621,0.0005437175502634871,0
687,0.611753972163754,1.0,0.9988722136471356,0.0005642113912212933,1
688,0.6202221697958548,0.951229424500714,0.9988944242194938,0.0005530936901154236,0
689,0.6117516317926894,1.0,0.9988861752422713,0.000557222760757534,1
690,0.611749535866973,1.0,0.9988986788352109,0.0005509640322892171,1
691,0.6117475082947637,1.0,0.9989107748771191,0.0005449093798367888,1
692,0.6117500150695228,1.0,0.9988958200521382,0.0005523950018280153,1
693,0.6117508028324304,1.0,0.998891120514331,0.0005547473737009672,1
694,0.6117504152522654,1.0,0.9988934326876515,0.0005535900049963353,1
695,0.6117498584326408,1.0,0.9988967545008813,0.0005519272612051712,1
696,0.6117519155293223,1.0,0.998884482582289,0.0005580700351809539,1
697,0.6117429795603251,1.0,0.998937793085561,0.0005313857280061188,1
698,0.6117499674418072,1.0,0.9988961041846914,0.0005522527785314639,1
699,0.6202196909533282,0.951229424500714,0.9989088750337438,0.0005458603382355649,0
700,0.628878880761071,0.9048374180359595,0.9988792954526371,0.0005606665031462875,0
701,0.6117496288423218,1.0,0.9988981241703565,0.000551241670562303,1
702,0.6202174736361296,0.951229424500714,0.9989218014961811,0.0005393900889850556,0
703,0.6117480547173181,1.0,0.9989075150208779,0.0005465410879143897,1
704,0.6202176935083308,0.951229424500714,0.9989205196798663,0.00054003168932622,0
705,0.6288765303532549,0.9048374180359595,0.9988927324928286,0.000553940490366163,0
706,0.6117511262926133,1.0,0.9988891908654663,0.0005557132701279595,1
707,0.6117492359846703,1.0,0.9989004678520673,0.0005500685384356775,1
708,0.6202235642685898,0.951229424500714,0.9988862950456393,0.000557162792282732,0
709,0.62887576158895,0.9048374180359595,0.9988971274926232,0.0005517405593911624,0
710,0.6376834681604253,0.8607079764250578,0.9989069402949131,0.0005468287652626547,0
711,0.6117521840743637,1.0,0.9988828805532619,0.0005588719448810905,1
712,0.6117506987204355,1.0,0.9988917416107992,0.0005544364808206957,1
713,0.6202257937943849,0.951229424500714,0.9988732980689455,0.0005636685684225109,0
714,0.6117501762372775,1.0,0.9988948585749314,0.0005528762720717415,1
715,0.6202221036332327,0.951229424500714,0.9988948099213514,0.0005529006257766192,0
716,0.6288752898258771,0.9048374180359595,0.998899824559298,0.0005503905389738185,0
717,0.6376809717334601,0.8607079764250578,0.9989209843950828,0.0005397990806755419,0
718,0.6466244161698457,0.8187307530779818,0.9988906761154078,0.0005549698198780094,0
719,0.655657170829232,0.7788007830714049,0.9989307986884453,0.0005348866575190143,0
720,0.6117514997937302,1.0,0.9988869626970645,0.0005568285944839723,1
721,0.6117463780725507,1.0,0.9989175176250977,0.000541534341048957,1
722,0.620222486007239,0.951229424500714,0.9988925808354108,0.0005540164031365856,0
723,0.6288810177460948,0.9048374180359595,0.9988670787413254,0.0005667817495407468,0
724,0.6117480592933802,1.0,0.9989074877210029,0.0005465547527807662,1
725,0.6202204499966028,0.951229424500714,0.9989044500363075,0.0005480752586091608,0
726,0.628874451796797,0.9048374180359595,0.998904615590898,0.0005479923905345936,0
727,0.6376837901649679,0.8607079764250578,0.9989051288188207,0.0005477354952401662,0
728,0.6466211220654945,0.8187307530779818,0.9989089699004938,0.0005458128530505181,0
729,0.6556620728330873,0.7788007830714049,0.9989038411620621,0.0005483800297166367,0
730,0.6117485670121648,1.0,0.998904458778728,0.0005480708826047757,1
731,0.6202219875945634,0.951229424500714,0.9988954863813054,0.0005525620216922471,0
732,0.6288770289367093,0.9048374180359595,0.9988898821219263,0.000555367257663803,0
733,0.6376913600117148,0.8607079764250578,0.9988625449368722,0.0005690512280524506,0
734,0.6466255784583735,0.8187307530779818,0.998884221452425,0.0005582007459401812,0
735,0.6556610918870905,0.7788007830714049,0.9989092355977479,0.0005456798593410502,0
736,0.6647859148828706,0.7408182206817179,0.9988603785705558,0.0005701356458618225,0
737,0.6117517821485886,1.0,0.9988852782781993,0.0005576717430825073,1
738,0.6202271769639184,0.951229424500714,0.9988652350305482,0.0005677046513551826,0
739,0.6117460868881336,1.0,0.9989192548017386,0.0005406648122341579,1
740,0.6202236353557902,0.951229424500714,0.9988858806404858,0.0005573702259223314,0
741,0.6288692548286419,0.9048374180359595,0.9989343274735191,0.0005331203795918379,0
742,0.6117517971736399,1.0,0.9988851886447274,0.0005577166098343767,1
743,0.6202278001810786,0.951229424500714,0.9988616020832914,0.0005695231919030478,0
744,0.628879742617181,0.9048374180359595,0.998874368371138,0.0005631328139774549,0
745,0.637681524948607,0.8607079764250578,0.9989178721615289,0.0005413568807672083,0
746,0.6117492408446619,1.0,0.9989004388586314,0.0005500830511109645,1
747,0.6202178546465821,0.951229424500714,0.9989195802736512,0.0005405019002379886,0
748,0.6288774527020242,0.9048374180359595,0.9988874594903885,0.0005565799211009998,0
749,0.6376906045638979,0.8607079764250578,0.9988667945743706,0.0005669239941903499,0
750,0.646623670149705,0.8187307530779818,0.9988948190969537,0.0005528960328994771,0
751,0.6556671387814988,0.7788007830714049,0.998875982949478,0.0005623246157263572,0
752,0.664776776972359,0.7408182206817179,0.9989102826375509,0.0005451557680538082,0
753,0.6117492958277492,1.0,0.9989001108440317,0.0005502472389723719,1
754,0.6202173526895153,0.951229424500714,0.9989225065946993,0.0005390371593221503,0
755,0.6288701993296348,0.9048374180359595,0.9989289275240081,0.0005358232420111927,0
756,0.6117494542639096,1.0,0.9988991656565808,0.0005507203532947349,1
757,0.6202269789728745,0.951229424500714,0.9988663891924077,0.0005671269151640592,0
758,0.6117508867412502,1.0,0.9988906199435008,0.0005549979370233319,1
759,0.6117512539827333,1.0,0.9988884291129824,0.000556094570066632,1
760,0.6202212971296726,0.951229424500714,0.99889951153445,0.0005505472238031732,0
761,0.6288689123847863,0.9048374180359595,0.9989362853208663,0.0005321404125535773,0
762,0.6376838357253891,0.8607079764250578,0.9989048725134182,0.000547863788422308,0
763,0.6466243047314617,0.8187307530779818,0.9988912949809641,0.0005546600435534809,0
764,0.6117513718314427,1.0,0.9988877260715222,0.0005564464820956047,1
765,0.6117583686186457,1.0,0.9988459871764367,0.0005773396045447187,1
766,0.6202224120827755,0.951229424500714,0.9988930117846071,0.0005538006896997109,0
767,0.6288797406849501,0.9048374180359595,0.9988743794173289,0.0005631272846580088,0
768,0.6376822971389535,0.8607079764250578,0.9989135280557091,0.0005435312913903237,0
769,0.6466205336368264,0.8187307530779818,0.9989122377781829,0.00054417713225801,0
770,0.6117513706854929,1.0,0.9988877329078273,0.0005564430601369199,1
771,0.6202223475152535,0.951229424500714,0.9988933881869032,0.0005536122800198084,0
772,0.6288804605348197,0.9048374180359595,0.9988702641860016,0.0005651872232695648,0
773,0.6376890565098048,0.8607079764250578,0.9988755029505227,0.000562564885328818,0
774,0.6466188339852191,0.8187307530779818,0.9989216769799194,0.0005394524143188443,0
775,0.6117531008172049,1.0,0.9988774116723409,0.0005616094509484182,1
776,0.6202187345974357,0.951229424500714,0.9989144503450684,0.0005430696453580796,0
777,0.6117478477584374,1.0,0.9989087496975375,0.0005459230747960701,1
778,0.6117517605066013,1.0,0.9988854073856966,0.0005576071172982225,1
779,0.6117484278463293,1.0,0.9989052890111323,0.0005476553112996543,1
780,0.6202249566267264,0.951229424500714,0.9988781782930564,0.0005612257099546374,0
781,0.6117477464504929,1.0,0.9989093540819766,0.0005456205525404882,1
782,0.6202275888905662,0.951229424500714,0.9988628337662768,0.0005689066489187833,0
783,0.611747184819677,1.0,0.9989127046773729,0.0005439434285034882,1
784,0.620223714020341,0.951229424500714,0.9988854220632055,0.0005575997703549884,0
785,0.6117442534508406,1.0,0.998930193006288,0.0005351898228341423,1
786,0.6202202283126287,0.951229424500714,0.998905742385318,0.0005474283758294801,0
787,0.6288725559723708,0.9048374180359595,0.9989154541778772,0.0005425671837588897,0
788,0.6376866041751316,0.8607079764250578,0.9988892984393997,0.0005556594233507119,0
789,0.6117542331551875,1.0,0.998870656708421,0.0005649907401243785,1
790,0.6117491250852364,1.0,0.9989011294493662,0.0005497373757718225,1
791,0.6117496748948584,1.0,0.9988978494340096,0.0005513791902843253,1
792,0.6117487253014278,1.0,0.9989035144614689,0.0005485435592943632,1
793,0.6117483349119152,1.0,0.9989058434377414,0.0005473777942711286,1
794,0.6117530822103198,1.0,0.998877522672313,0.0005615538885918014,1
795,0.6117484078884097,1.0,0.9989054080757244,0.0005475957137651075,1
796,0.6117456560656379,1.0,0.9989218250532685,0.0005393782977281506,1
797,0.6117503546424206,1.0,0.9988937942663897,0.000553409015382779,1
798,0.6117469293003822,1.0,0.9989142290682699,0.0005431804040035976,1
799,0.6202252429582724,0.951229424500714,0.9988765091347923,0.0005620612270851898,0
800,0.6117517401179832,1.0,0.9988855290161149,0.0005575462342329585,1
801,0.6117490088166742,1.0,0.9989018230781983,0.0005493901799528961,1
802,0.6117514004044048,1.0,0.9988875556159952,0.0005565318047685856,1
803,0.6117490851296704,1.0,0.9989013678140843,0.0005496180623169119,1
804,0.6202199493716707,0.951229424500714,0.9989073685282228,0.0005466144143553462,0
805,0.6288727759983628,0.9048374180359595,0.9989141962626805,0.0005431968246275792,0
806,0.6117498756939124,1.0,0.9988966515252385,0.0005519788058956713,1
807,0.6202226645635625,0.951229424500714,0.9988915399266265,0.0005545374348003503,0
808,0.6288737547658935,0.9048374180359595,0.998908600556401,0.000545997726833965,0
809,0.6117515820680184,1.0,0.9988864718803382,0.0005570742763604732,1
810,0.6202232226585804,0.951229424500714,0.9988882864757523,0.0005561659680506898,0
811,0.6288747585724056,0.9048374180359595,0.9989028617440459,0.0005488702763530167,0
812,0.6376898388580278,0.8607079764250578,0.9988711019405181,0.0005647678724313071,0
813,0.6466195132776811,0.8187307530779818,0.9989179044415534,0.0005413407232707786,0
814,0.6556598977591066,0.7788007830714049,0.9989158024134918,0.0005423928769381928,0
815,0.6647776138376245,0.7408182206817179,0.9989057122237607,0.0005474434731287358,0
816,0.6739433658441651,0.7046880897187134,0.9989084544384795,0.0005460708656236442,0
817,0.6831441661811529,0.6703200460356393,0.9988606371212274,0.0005700062230497603,0
818,0.6117556182334232,1.0,0.9988623941152086,0.0005691267247640939,1
819,0.6202207616898793,0.951229424500714,0.9989026329649319,0.0005489847915620793,0
820,0.6288720546292579,0.9048374180359595,0.9989183204250875,0.0005411325062362394,0
821,0.6376821694768438,0.8607079764250578,0.9989142462418644,0.0005431718078729531,0
822,0.6466255145647235,0.8187307530779818,0.9988845762786347,0.0005580231346920284,0
823,0.655665496271277,0.7788007830714049,0.9988850151961688,0.0005578034309103338,0
824,0.6647826618163167,0.7408182206817179,0.9988781439395866,0.0005612429059806547,0
825,0.6117508551062719,1.0,0.9988908086667327,0.0005549034706171127,1
826,0.6117476804968813,1.0,0.9989097475493056,0.0005454236041136846,1
827,0.6202187989668234,0.951229424500714,0.9989140750865374,0.000543257478561115,0
828,0.6117503212610861,1.0,0.9988939934087224,0.0005533093339582024,1
829,0.6117490610685408,1.0,0.9989015113566897,0.000549546212082383,1
830,0.6202203292729418,0.951229424500714,0.9989051538176204,0.0005477229821402275,0
831,0.6117478578539846,1.0,0.9989086894694027,0.0005459532217622628,1
832,0.6117531631460793,1.0,0.9988770398475678,0.0005617955723072178,1
833,0.6117443652948541,1.0,0.9989295257447864,0.0005355238109992533,1
834,0.6117511479399738,1.0,0.998889061725182,0.0005557779120791821,1
835,0.6117547510134541,1.0,0.9988675674469697,0.0005665371196319266,1
836,0.6117490230756526,1.0,0.9989017380127005,0.0005494327594634289,1
837,0.6117500991192467,1.0,0.9988953186371882,0.000552645986498218,1
838,0.6117523194746138,1.0,0.9988820728126392,0.0005592762670318879,1
839,0.6117533426597281,1.0,0.9988759689546609,0.0005623316210090181,1
840,0.6117475140889204,1.0,0.9989107403101646,0.000544926682160492,1
841,0.6117478605109231,1.0,0.9989086736186076,0.0005459611558184138,1
842,0.6117519776433172,1.0,0.998884112035455,0.0005582555155389122,1
843,0.6117522899621592,1.0,0.9988822488713771,0.0005591881391501263,1
844,0.6117513225976002,1.0,0.9988880197821793,0.0005562994632634209,1
845,0.6117556295356775,1.0,0.9988623266927741,0.000569160474376226,1
846,0.6117461603062797,1.0,0.9989188167961133,0.0005408840520372068,1
847,0.611750629273565,1.0,0.9988921559073416,0.0005542291027640187,1
848,0.6202248751594728,0.951229424500714,0.99887865320387,0.0005609879879225118,0
849,0.6117515035370149,1.0,0.9988869403660616,0.0005568397724269842,1
850,0.6202181623509501,0.951229424500714,0.9989177864175707,0.0005413997991913622,0
851,0.6288759791784532,0.9048374180359595,0.9988958835380581,0.0005523632237803947,0
852,0.6117469630647079,1.0,0.9989140276350211,0.0005432812301121809,1
853,0.6202221500500638,0.951229424500714,0.9988945393296051,0.0005530360713611987,0
854,0.6117554374472645,1.0,0.9988634725773496,0.0005685868798539124,1
855,0.6202211186616042,0.951229424500714,0.998900551940577,0.0005500264479027009,0
856,0.6288798100751607,0.9048374180359595,0.9988739827269897,0.000563325853380103,0
857,0.6117546507095137,1.0,0.9988681658047392,0.0005662376016528774,1
858,0.6202163301138179,0.951229424500714,0.9989284680682162,0.0005360532162790839,0
859,0.6288814245339892,0.9048374180359595,0.9988647532401307,0.0005679458202920925,0
860,0.6117455165144444,1.0,0.9989226576063215,0.0005389615720720051,1
861,0.6202242436699945,0.951229424500714,0.9988823344630043,0.0005591452954497262,0
862,0.6288814531274334,0.9048374180359595,0.998864589779081,0.000568027643713453,0
863,0.637684949626069,0.8607079764250578,0.9988986061631191,0.0005510004083981863,0
864,0.6117526874740488,1.0,0.9988798774886062,0.0005603751587355334,1
865,0.6117479303874362,1.0,0.9989082567486351,0.0005461698185672671,1
866,0.6117472228007524,1.0,0.9989124780881067,0.0005440568464682895,1
867,0.6202169188881088,0.951229424500714,0.9989250355901276,0.0005377712992528324,0
868,0.611749197982079,1.0,0.9989006945656097,0.0005499550569007403,1
869,0.6202239898954276,0.951229424500714,0.99888381384376,0.0005584047779687906,0
870,0.6288769883232372,0.9048374180359595,0.9988901143062325,0.000555251036504953,0
871,0.6376823719903545,0.8607079764250578,0.9989131069660026,0.0005437420652878814,0
872,0.6466211586106188,0.8187307530779818,0.9989087669451516,0.0005459144415680524,0
873,0.6556653086721714,0.7788007830714049,0.9988860468191922,0.0005572870439013086,0
874,0.6647821368474984,0.7408182206817179,0.9988810108872949,0.0005598078242285221,0
875,0.6739422050188368,0.7046880897187134,0.9989147679687165,0.0005429106609738637,0
876,0.6117508090614227,1.0,0.9988910833543176,0.0005547659743338945,1
877,0.6117516721742775,1.0,0.998885934341504,0.0005573433454659622,1
878,0.6202302860281196,0.951229424500714,0.998847111412946,0.0005767768371656285,0
879,0.6288779326703214,0.9048374180359595,0.9988847155606331,0.0005579534159317193,0
880,0.6376922742329905,0.8607079764250578,0.9988574021786668,0.0005716255419410745,0
881,0.6117431383955549,1.0,0.9989368454638093,0.0005318600429272596,1
882,0.6117532740891723,1.0,0.9988763780137256,0.0005621268613623275,1
883,0.620223358042157,0.951229424500714,0.9988874972507447,0.0005565610198948671,0
884,0.6288726848640249,0.9048374180359595,0.9989147172884473,0.0005429360286389131,0
885,0.6117491683054507,1.0,0.9989008716086841,0.0005498664379520932,1
886,0.6117500639158979,1.0,0.9988955286495556,0.0005525408641988912,1
887,0.611746635239202,1.0,0.9989159833987554,0.000542302286096208,1
888,0.6202206396195195,0.951229424500714,0.9989033445952374,0.0005486285856474273,0
889,0.6117474050386834,1.0,0.9989113908856522,0.0005446010398135162,1
890,0.6202217816400254,0.951229424500714,0.998896687017133,0.0005519610403471982,0
891,0.6117543052530324,1.0,0.9988702266109373,0.0005652060320510481,1
892,0.6117505801983671,1.0,0.9988924486735294,0.0005540825573420412,1
893,0.620221713555013,0.951229424500714,0.998897083927049,0.0005517623662288414,0
894,0.6288782768464459,0.9048374180359595,0.9988827479471573,0.0005589383220890913,0
895,0.611749679131727,1.0,0.9988978241580615,0.0005513918422028505,1
896,0.6202242240980149,0.951229424500714,0.9988824485578962,0.0005590881841757937,0
897,0.6117523733729435,1.0,0.998881751278274,0.0005594372141674913,1
898,0.6117452348311943,1.0,0.9989243381128508,0.0005381204132981208,1
899,0.611752503337527,1.0,0.998880975965834,0.0005598253045194744,1
900,0.6202147751407466,0.951229424500714,0.9989375334412615,0.0005315156882173996,0
901,0.6117492001446166,1.0,0.9989006816644729,0.0005499615145681602,1
902,0.6117512577913549,1.0,0.998888406392155,0.0005561059431223833,1
903,0.6117517919423647,1.0,0.9988852198524307,0.0005577009885682425,1
904,0.6202275991801777,0.951229424500714,0.9988627737846437,0.0005689366738795767,0
905,0.6117547933793398,1.0,0.9988673147157152,0.0005666636285379722,1
906,0.611752565454521,1.0,0.9988806054030583,0.0005600107935083758,1
907,0.620225940715218,0.951229424500714,0.9988724416053085,0.00056409728345871,0
908,0.6288795212547441,0.9048374180359595,0.9988756338585487,0.0005624993576343887,0
909,0.637685637867379,0.8607079764250578,0.9988947344239307,0.0005529384162540235,0
910,0.6466276589618707,0.8187307530779818,0.9988726676943958,0.0005639841113196937,0
911,0.6556623766822192,0.7788007830714049,0.9989021702364033,0.000549216410050506,0
912,0.664784043254453,0.7408182206817179,0.9988705997048624,0.0005650192741292116,0
913,0.673945582017599,0.7046880897187134,0.9988964011675672,0.0005521041230154797,0
914,0.6117500642106106,1.0,0.9988955268913895,0.0005525417442538961,1
915,0.6202210818749176,0.951229424500714,0.998900766394225,0.0005499191030702039,0
916,0.6117514149450619,1.0,0.9988874688719295,0.0005565752251059941,1
917,0.6202241095759049,0.951229424500714,0.9988831161651243,0.0005587540072133589,0
918,0.6288739232676577,0.9048374180359595,0.9989076372202116,0.0005464799214278512,0
919,0.6376889722871821,0.8607079764250578,0.9988759767366967,0.0005623277256126049,0
920,0.6117457782843913,1.0,0.9989210959052442,0.000539743265372314,1
921,0.6117479050452999,1.0,0.9989084079349657,0.0005460941427892276,1
922,0.6117501915994157,1.0,0.9988947669292165,0.0005529221456280197,1
923,0.6202181838297012,0.951229424500714,0.9989176612008381,0.0005414624753906114,0
924,0.6117497581965365,1.0,0.998897352480158,0.0005516279414331189,1
925,0.611746220315883,1.0,0.9989184587847839,0.000541063251481382,1
926,0.6202207275081923,0.951229424500714,0.9989028322329231,0.0005488850481212527,0
927,0.6288758565944826,0.9048374180359595,0.9988965843477542,0.0005520124317399967,0
928,0.6376815050628927,0.8607079764250578,0.9989179840327742,0.0005413008845526327,0
929,0.6466278043259018,0.8187307530779818,0.9988718604436048,0.0005643881924119211,0
930,0.6117452381007533,1.0,0.9989243186068195,0.0005381301768160873,1
931,0.6117466091885755,1.0,0.9989161388136041,0.000542224494350343,1
932,0.6117479442998929,1.0,0.9989081737495996,0.0005462113634431165,1
933,0.6202185525973449,0.951229424500714,0.9989155113642764,0.0005425385595157918,0
934,0.6288782425310067,0.9048374180359595,0.9988829441241571,0.000558840123886637,0
935,0.6117521681906566,1.0,0.9988829753088043,0.0005588245141263247,1
936,0.6202199148769192,0.951229424500714,0.9989075696226368,0.0005465137571772609,0
937,0.6288717413092986,0.9048374180359595,0.9989201117238508,0.0005402358878038738,0
938,0.6376823812709618,0.8607079764250578,0.9989130547563319,0.0005437681985279656,0
939,0.6466215902456292,0.8187307530779818,0.9989063698403893,0.0005471143047176925,0
940,0.6117531963379206,1.0,0.9988768418407261,0.0005618946870397803,1
941,0.6202211862497066,0.951229424500714,0.9989001579255083,0.0005502236723139008,0
942,0.6288779507683849,0.9048374180359595,0.9988846120960514,0.0005580052059858847,0
943,0.6117463395836896,1.0,0.9989177472454721,0.0005414194064603103,1
944,0.620221424307916,0.951229424500714,0.9988987701309227,0.0005509183341070255,0
945,0.61175096358249,1.0,0.9988901615357232,0.0005552273955214461,1
946,0.6202225734698655,0.951229424500714,0.9988920709646371,0.0005542716212218929,0
947,0.6288790807153806,0.9048374180359595,0.9988781523456872,0.0005612386982098599,0
948,0.611750670723799,1.0,0.9988919086292334,0.0005543528789581471,1
949,0.6117473439016443,1.0,0.9989117556192867,0.000544418474287086,1
950,0.6117537972458331,1.0,0.99887325711822,0.0005636890668813895,1
951,0.6117499012993088,1.0,0.9988964987710431,0.0005520552673628327,1
952,0.6117489024544916,1.0,0.998902457608707,0.0005490725660030291,1
953,0.6117456696237051,1.0,0.9989217441668049,0.0005394187846135307,1
954,0.6117450680934183,1.0,0.9989253328631,0.0005376225028378534,1
955,0.6117539367891875,1.0,0.998872424673622,0.0005641057588585246,1
956,0.6117500424767801,1.0,0.9988956565487805,0.0005524768438818743,1
957,0.6117556075745235,1.0,0.9988624576997837,0.000569094896269304,1
958,0.6117498209141304,1.0,0.9988969783252766,0.0005518152254170934,1
959,0.6117433285218007,1.0,0.998935711159507,0.0005324277990129223,1
960,0.6202221648701475,0.951229424500714,0.998894452934407,0.0005530793167682068,0
961,0.6117483291251766,1.0,0.9989058779601866,0.0005473605141416423,1
962,0.6117520594896728,1.0,0.9988836237736969,0.0005584999192047204,1
963,0.6202268161914373,0.951229424500714,0.9988673381060782,0.000566651920094651,0
964,0.6288794161299974,0.9048374180359595,0.9988762348377119,0.0005621985299026815,0
965,0.6376836521963878,0.8607079764250578,0.9989059049774898,0.0005473469906939048,0
966,0.6466231752806044,0.8187307530779818,0.9988975673367334,0.0005515203945707153,0
967,0.6556659627253328,0.7788007830714049,0.9988824501320607,0.000559087396212969,0
968,0.6647768259120824,0.7408182206817179,0.9989100153599725,0.0005452895526482492,0
969,0.6117548036070285,1.0,0.9988672537030409,0.0005666941694693569,1
970,0.6117501152552844,1.0,0.9988952223745645,0.0005526941710408799,1
971,0.6117521317443307,1.0,0.9988831927323669,0.0005587156807873123,1
972,0.620221201648525,0.951229424500714,0.9989000681557973,0.0005502686065920188,0
973,0.628876221949616,0.9048374180359595,0.9988944956229586,0.0005530579488696177,0
974,0.611750463594702,1.0,0.9988931442924448,0.0005537343623616522,1
975,0.6202200706062561,0.951229424500714,0.9989066617661484,0.0005469681820552911,0
976,0.6117453408472834,1.0,0.9989237056262901,0.0005384369972158529,1
977,0.6117480950571932,1.0,0.998907274361251,0.0005466615493446199,1
978,0.6202166115676085,0.951229424500714,0.9989268272268634,0.000536874517679959,0
979,0.6117537459683989,1.0,0.9988735630135439,0.0005635359467157691,1
980,0.6202239187400959,0.951229424500714,0.9988842286448648,0.0005581971457031866,0
981,0.6117509283845033,1.0,0.9988903715144787,0.0005551222895040176,1
982,0.6202203589260109,0.951229424500714,0.9989049809494048,0.0005478095109912475,0
983,0.6288807860289161,0.9048374180359595,0.9988684034117954,0.0005661186635206988,0
984,0.6376851110032448,0.8607079764250578,0.9988976983252404,0.0005514548280387704,0
985,0.6466273450461264,0.8187307530779818,0.9988744109669772,0.0005631114920576896,0
986,0.6556683175305928,0.7788007830714049,0.9988695010073976,0.0005655692443001773,0
987,0.6117454863819319,1.0,0.9989228373750046,0.0005388715907978408,1
988,0.6202239052681099,0.951229424500714,0.9988843071800427,0.0005581578342531978,0
989,0.6288751066920062,0.9048374180359595,0.9989008715372064,0.0005498664737303053,0
990,0.6117550929984001,1.0,0.9988655273581757,0.0005675583215128757,1
991,0.6202219317620958,0.951229424500714,0.9988958118629367,0.0005523991009549214,0
992,0.6117522941843013,1.0,0.9988822236838725,0.0005592007469950202,1
993,0.6117446411247929,1.0,0.9989278801459371,0.0005363474928318274,1
994,0.6202207056009577,0.951229424500714,0.9989029599449254,0.000548821121986496,0
995,0.6288737151850596,0.9048374180359595,0.9989088268429362,0.0005458844599597486,0
996,0.6376889089748589,0.8607079764250578,0.9988763328942055,0.0005621494465000568,0
997,0.6117508890465551,1.0,0.9988906061908593,0.0005550048209810685,1
998,0.6117477434302588,1.0,0.998909372100142,0.0005456115336214108,1
999,0.6117492961277428,1.0,0.9989001090543498,0.0005502481347986724,1
1000,0.6117482569453552,1.0,0.998906308569726,0.0005471449735907076,1
1001,0.6202240660980554,0.951229424500714,0.9988833696196373,0.0005586271382750098,0
1002,0.6117509892666254,1.0,0.9988900083132868,0.0005553040918660566,1
1003,0.6117540807961893,1.0,0.9988715656022659,0.0005645357796020919,1
1004,0.6117493832561568,1.0,0.9988995892695393,0.0005505083134396843,1
1005,0.6202223111296568,0.951229424500714,0.998893600300168,0.0005535061059051354,0
1006,0.628871645930269,0.9048374180359595,0.9989206570214079,0.0005399629443512763,0
1007,0.6376853846607475,0.8607079764250578,0.9988961588494552,0.0005522254159449203,0
1008,0.6466200572395074,0.8187307530779818,0.9989148834919414,0.0005428528366118779,0
1009,0.6117476390338579,1.0,0.9989099949103308,0.0005452997886262653,1
1010,0.6202179379560937,0.951229424500714,0.9989190945950942,0.000540745002227725,0
1011,0.6288725070639981,0.9048374180359595,0.9989157337932485,0.0005424272243003331,0
1012,0.6117488400092708,1.0,0.998902830141752,0.0005488860948552618,1
1013,0.6202229655928347,0.951229424500714,0.9988897850552079,0.0005554158449630034,0
1014,0.611749220833365,1.0,0.9989005582407915,0.0005500232943282929,1
1015,0.6202261108657311,0.951229424500714,0.9988714497273559,0.0005645937825129383,0
1016,0.6117463548887461,1.0,0.9989176559371545,0.0005414651100840435,1
1017,0.6117524439953775,1.0,0.9988813299752947,0.0005596481015261382,1
1018,0.6202224133567142,0.951229424500714,0.9988930043580665,0.0005538044070851029,0
1019,0.6288762560120145,0.9048374180359595,0.998894300889507,0.000553155423363428,0
1020,0.6376855772855236,0.8607079764250578,0.9988950752297002,0.0005527678248495753,0
1021,0.6466174227647298,0.8187307530779818,0.9989295144309321,0.0005355294739885131,0
1022,0.6117454927025999,1.0,0.9989227996662913,0.0005388904654860117,1
1023,0.6117509717610145,1.0,0.9988901127455456,0.0005552518177154886,1
1024,0.6117515857450884,1.0,0.9988864499443632,0.0005570852565748946,1
1025,0.6117515402408552,1.0,0.9988867214050443,0.0005569493749417743,1
1026,0.6117531123654135,1.0,0.9988773427811396,0.000561643935261938,1
1027,0.6117492744772605,1.0,0.9989002382153981,0.0005501834831689516,1
1028,0.620220672589427,0.951229424500714,0.9989031523913797,0.0005487247930919518,0
1029,0.6288800114835945,0.9048374180359595,0.9988728313153521,0.0005639022085165172,0
1030,0.6117512425579598,1.0,0.9988884972689613,0.0005560604541560976,1
1031,0.620222260900966,0.951229424500714,0.9988938931131589,0.0005533595372676773,0
1032,0.6117510319816748,1.0,0.9988897534905388,0.000555431644839041,1
1033,0.6202188903843796,0.951229424500714,0.9989135421438317,0.0005435242396675645,0
1034,0.6117484380501796,1.0,0.998905228137197,0.0005476857816244362,1
1035,0.6202227484547206,0.951229424500714,0.9988910508767493,0.0005547822311457421,0
1036,0.6117536197773262,1.0,0.9988743158064691,0.0005631591259301531,1
1037,0.6117479952683685,1.0,0.9989078696815809,0.0005463635636518431,1
1038,0.6202217214277607,0.951229424500714,0.9988970380318913,0.0005517853391454278,0
1039,0.611749582160717,1.0,0.9988984026596605,0.0005511022723301826,1
1040,0.6202173793558468,0.951229424500714,0.9989223511343889,0.0005391149733274574,0
1041,0.6288748885395885,0.9048374180359595,0.9989021187183885,0.0005492421973686348,0
1042,0.6117499746316318,1.0,0.9988960612923634,0.0005522742483964681,1
1043,0.6202190062882104,0.951229424500714,0.9989128664525257,0.0005438624528891933,0
1044,0.6117471060004953,1.0,0.9989131749007596,0.0005437080609514247,1
1045,0.6117553906539873,1.0,0.99886375171835,0.0005684471505670855,1
1046,0.6202200240824864,0.951229424500714,0.998906932985995,0.0005468324237206218,0
1047,0.6288787118241939,0.9048374180359595,0.9988802612392469,0.0005601830682871551,0
1048,0.6117544893327806,1.0,0.998869128490102,0.0005657557137862812,1
1049,0.6202168135899767,0.951229424500714,0.9989256494634066,0.0005374640324066979,0
1050,0.6117488001066065,1.0,0.9989030681914797,0.0005487669392717026,1
1051,0.6202225812149269,0.951229424500714,0.9988920258141649,0.0005542942214979989,0
1052,0.628872388583616,0.9048374180359595,0.9989164111610642,0.0005420881728852931,0
1053,0.6376832227148634,0.8607079764250578,0.9989083210819046,0.0005461376167774922,0
1054,0.6466215394019654,0.8187307530779818,0.9989066522026334,0.0005469729690466157,0
1055,0.6556615474107574,0.7788007830714049,0.9989067305696628,0.0005469337426453519,0
1056,0.6117481152836013,1.0,0.9989071536945776,0.0005467219486849167,1
1057,0.6202210497247121,0.951229424500714,0.9989009538188477,0.0005498252876425199,0
1058,0.6288741194216364,0.9048374180359595,0.9989065157959948,0.0005470412470221933,0
1059,0.6376846035386489,0.8607079764250578,0.9989005531041714,0.0005500258654651771,0
1060,0.6117488290024907,1.0,0.9989028958055538,0.0005488532268936964,1
1061,0.6202229524785313,0.951229424500714,0.9988898615058748,0.0005553775771455186,0
1062,0.6288760909915542,0.9048374180359595,0.9988952443057528,0.0005526831933189371,0
1063,0.6117494018555987,1.0,0.9988994783102967,0.0005505638541816509,1
1064,0.6202201020642438,0.951229424500714,0.9989064783754227,0.0005470599777903412,0
1065,0.6288768129898334,0.9048374180359595,0.9988911166755623,0.000554749295216084,0
1066,0.6117470632784181,1.0,0.9989134297743871,0.0005435804855017103,1
1067,0.6202183595526399,0.951229424500714,0.9989166367728326,0.0005419752446460648,0
1068,0.6117483448732558,1.0,0.9989057840105158,0.0005474075404317264,1
1069,0.620223178462866,0.951229424500714,0.9988885441169673,0.0005560370040888518,0
1070,0.6288798509011642,0.9048374180359595,0.9988737493327671,0.0005634426820561522,0
1071,0.6376865124637758,0.8607079764250578,0.9988898143619168,0.000555401175322283,0
1072,0.611751988692504,1.0,0.9988840461205218,0.0005582885098244796,1
1073,0.6117496470165855,1.0,0.9988980157478504,0.0005512959416182789,1
1074,0.6202195568862524,0.951229424500714,0.9989096566079835,0.0005454691244054447,0
1075,0.6117477110171431,1.0,0.99890956547091,0.0005455147426838507,1
1076,0.6202267517213387,0.951229424500714,0.9988677139266675,0.0005664637967552063,0
1077,0.6288728541697346,0.9048374180359595,0.9989137493480139,0.0005434205249055074,0
1078,0.6376904096397114,0.8607079764250578,0.99886789108954,0.0005663751149135954,0
1079,0.6466209833472839,0.8187307530779818,0.9989097402801075,0.000545427242679716,0
1080,0.6556669343244943,0.7788007830714049,0.9988771072636818,0.0005617618263559901,0
1081,0.6117497370026947,1.0,0.9988974789164872,0.0005515646534882798,1
1082,0.6202181908387756,0.951229424500714,0.9989176203393709,0.0005414829282615739,0
1083,0.6288795102072642,0.9048374180359595,0.9988756970149703,0.0005624677438791768,0
1084,0.6376806034633284,0.8607079764250578,0.9989230561866861,0.0005387620669941808,0
1085,0.6466223506019916,0.8187307530779818,0.9989021471837366,0.0005492279490517942,0
1086,0.6556690589927617,0.7788007830714049,0.9988654237315666,0.0005676101936676088,0
1087,0.6117464301381255,1.0,0.9989172070076477,0.0005416898180992413,1
1088,0.6202213326666353,0.951229424500714,0.9988993043666293,0.0005506509218427759,0
1089,0.6117490090682529,1.0,0.9989018215773421,0.0005493909312060155,1
1090,0.620219489629761,0.951229424500714,0.9989100486951895,0.0005452728668527585,0
1091,0.6117542644249531,1.0,0.9988704701695588,0.0005650841150164871,1
1092,0.6202248679765958,0.951229424500714,0.9988786950762428,0.0005609670282334552,0
1093,0.6117513836737709,1.0,0.998887655424648,0.0005564818448670428,1
1094,0.6117528446979608,1.0,0.998878939561564,0.0005608446483626813,1
1095,0.6117469885644726,1.0,0.998913875507028,0.0005433573768077633,1
1096,0.6202197281352313,0.951229424500714,0.9989086582736122,0.0005459688366984894,0
1097,0.6117496985229347,1.0,0.9988977084756651,0.0005514497472259191,1
1098,0.611749592961575,1.0,0.9988983382247735,0.0005511345253045,1
1099,0.6117507948327976,1.0,0.9988911682373776,0.000554723485689388,1
1100,0.6117501856105901,1.0,0.9988948026566766,0.0005529042621329023,1
1101,0.6202238326109772,0.951229424500714,0.9988847307362198,0.0005579458196664119,0
1102,0.628871889518482,0.9048374180359595,0.9989192643884378,0.0005406600136985767,0
1103,0.611745188677643,1.0,0.9989246134627621,0.0005379825901102969,1
1104,0.6202189583248239,0.951229424500714,0.9989131460673918,0.0005437224933210253,0
1105,0.6288747436811426,0.9048374180359595,0.9989029468778193,0.0005488276627149925,0
1106,0.6376856751072526,0.8607079764250578,0.9988945249295336,0.0005530432793651661,0
1107,0.6117527611640354,1.0,0.9988794378871731,0.0005605952059802509,1
1108,0.6117442830849996,1.0,0.9989300162087992,0.0005352783162573301,1
1109,0.6202183944209001,0.951229424500714,0.9989164334983417,0.0005420769921313562,0
1110,0.6117464986438708,1.0,0.9989167983101811,0.000541894388381673,1
1111,0.6117528168914403,1.0,0.9988791054426441,0.000560761614743778,1
1112,0.6117557378237214,1.0,0.9988616807119448,0.0005694838327715537,1
1113,0.6202199490986332,0.951229424500714,0.9989073701199521,0.0005466136176201389,0
1114,0.6117557949883143,1.0,0.998861339702887,0.0005696545316393551,1
1115,0.6202177917301245,0.951229424500714,0.9989199470648179,0.0005403183063298762,0
1116,0.6117538418512123,1.0,0.9988729910251282,0.0005638222635234091,1
1117,0.6117504147334721,1.0,0.998893435782603,0.0005535884558063084,1
1118,0.6117550453689735,1.0,0.9988658114880262,0.0005674160952560025,1
1119,0.6202222668046955,0.951229424500714,0.9988938586967931,0.0005533767645059922,0
1120,0.6288719491858354,0.9048374180359595,0.9989189232609886,0.0005408307619860733,0
1121,0.6117476447746614,1.0,0.9989099606617124,0.0005453169316216962,1
1122,0.6202177751436798,0.951229424500714,0.9989200437607162,0.0005402699061082572,0
1123,0.6288815795956535,0.9048374180359595,0.9988638667946277,0.0005683895469795793,0
1124,0.6376854641345456,0.8607079764250578,0.9988957117656752,0.0005524492049124365,0
1125,0.6466270307952181,0.8187307530779818,0.998876156104568,0.0005622379407647126,0
1126,0.611750829935881,1.0,0.998890958824532,0.0005548283083537723,1
1127,0.6117495122856329,1.0,0.9988988195149454,0.0005508936148746961,1
1128,0.6117493113057322,1.0,0.9989000185064955,0.0005502934585790998,1
1129,0.6117514301127054,1.0,0.9988873783875128,0.0005566205177057967,1
1130,0.6202214671649858,0.951229424500714,0.9988985202897595,0.0005510433924222437,0
1131,0.6288767367414201,0.9048374180359595,0.9988915525830614,0.0005545310995605806,0
1132,0.6376864567409093,0.8607079764250578,0.9988901278312435,0.0005552442664855502,0
1133,0.6466261618961777,0.8187307530779818,0.9988809814032558,0.0005598225827629122,0
1134,0.611753098883584,1.0,0.9988774232074177,0.0005616036769282248,1
1135,0.6202165765152281,0.951229424500714,0.9989270315777671,0.0005367722324688881,0
1136,0.611748422398847,1.0,0.998905321509621,0.0005476390442478671,1
1137,0.6202196398313967,0.951229424500714,0.9989091730604643,0.0005457111621277394,0
1138,0.6288746766024276,0.9048374180359595,0.9989033303688603,0.0005486357066453333,0
1139,0.6376910689986566,0.8607079764250578,0.9988641819763756,0.000568231776882613,0
1140,0.6466269016185542,0.8187307530779818,0.9988768734657179,0.0005618788567642605,0
1141,0.6556600529066169,0.7788007830714049,0.9989149492147333,0.0005428199395198226,0
1142,0.6117478576607998,1.0,0.9989086906219069,0.0005459526448805988,1
1143,0.6202184536109856,0.951229424500714,0.9989160884329511,0.0005422497120099417,0
1144,0.6288782630088092,0.9048374180359595,0.9988828270551591,0.0005588987238485124,0
1145,0.6376846511849694,0.8607079764250578,0.9989002850658878,0.0005501600321341013,0
1146,0.6466240826341711,0.8187307530779818,0.9988925283847038,0.0005540426575653972,0
1147,0.6556621305605457,0.7788007830714049,0.9989035237072545,0.0005485389313269878,0
1148,0.6647743895609501,0.7408182206817179,0.9989233212534825,0.0005386293907286785,0
1149,0.6117482975934533,1.0,0.9989060660717407,0.000547266355352196,1
1150,0.6202220018588952,0.951229424500714,0.9988954032258075,0.0005526036454169073,0
1151,0.6288700456241245,0.9048374180359595,0.9989298062943377,0.0005353833859218883,0
1152,0.6117461193231948,1.0,0.9989190612972357,0.0005407616691726271,1
1153,0.6202258569424917,0.951229424500714,0.9988729299518113,0.0005638528346366774,0
1154,0.6288745275314518,0.9048374180359595,0.9989041826128482,0.0005482091170052762,0
1155,0.6376839432563759,0.8607079764250578,0.9989042675857926,0.0005481665839263384,0
1156,0.6466221229922258,0.8187307530779818,0.9989034112175414,0.0005485952379255881,0
1157,0.6556584497371662,0.7788007830714049,0.9989237655247372,0.0005384070157242892,0
1158,0.6647852695184617,0.7408182206817179,0.998863902951621,0.0005683714479203055,0
1159,0.6739503314265947,0.7046880897187134,0.9988705707130332,0.0005650337864341803,0
1160,0.6831420854909289,0.6703200460356393,0.9988719362078484,0.0005643502675069464,0
1161,0.6923318302420138,0.6376281516217733,0.998895603145943,0.000552503574821558,0
1162,0.6117458330391614,1.0,0.9989207692426022,0.0005399067731292316,1
1163,0.611745887421836,1.0,0.9989204448000115,0.000540069169714302,1
1164,0.6202229803963403,0.951229424500714,0.9988896987572392,0.0005554590419070703,0
1165,0.6117553769450844,1.0,0.9988638334975748,0.0005684062144427559,1
1166,0.6202268547849936,0.951229424500714,0.9988671131297372,0.0005667645358333821,0
1167,0.6288757291714142,0.9048374180359595,0.9988973128231662,0.00055164779181743,0
1168,0.6117515376096647,1.0,0.998886737101714,0.0005569415178598181,1
1169,0.6117460284203486,1.0,0.9989196036151472,0.0005404902168671945,1
1170,0.6117475525803714,1.0,0.9989105106767524,0.000545041624081388,1
1171,0.6202199542745523,0.951229424500714,0.9989073399458469,0.0005466287211756184,0
1172,0.62887606733417,0.9048374180359595,0.9988953795542963,0.0005526154942608583,0
1173,0.6117499219221625,1.0,0.9988963757412452,0.0005521168502223523,1
1174,0.6202237843543986,0.951229424500714,0.9988850120490315,0.0005578050062354704,0
1175,0.6288811053364185,0.9048374180359595,0.9988665780094764,0.0005670323994946335,0
1176,0.6376798746557479,0.8607079764250578,0.9989271562841734,0.0005367098122947635,0
1177,0.6466251489659034,0.8187307530779818,0.998886606593597,0.0005570068446485153,0
1178,0.6117466162602645,1.0,0.9989160966247697,0.0005422456116562681,1
1179,0.6117499402582047,1.0,0.9988962663539005,0.0005521716043256455,1
1180,0.611750901683866,1.0,0.9988905308010922,0.0005550425577309035,1
1181,0.6117543885944284,1.0,0.9988697294407405,0.0005654548983738429,1
1182,0.6117507146710609,1.0,0.9988916464547993,0.0005544841116101132,1
1183,0.611747925857449,1.0,0.9989082837736694,0.000546156291282051,1
1184,0.6117466353445444,1.0,0.9989159827702956,0.0005423026006670989,1
1185,0.6117447970489555,1.0,0.998926949905631,0.0005368131124014576,1
1186,0.6117519016247774,1.0,0.9988845655311767,0.0005580285144217517,1
1187,0.6117490184594265,1.0,0.998901765551949,0.0005494189747001243,1
1188,0.6117542345956666,1.0,0.9988706481152844,0.0005649950415504776,1
1189,0.6202230931840473,0.951229424500714,0.9988890412545419,0.0005557881587827704,0
1190,0.6288764934742465,0.9048374180359595,0.9988929433282865,0.0005538349557933619,0
1191,0.6376872204871256,0.8607079764250578,0.9988858313832762,0.000557394881997554,0
1192,0.6466280220556347,0.8187307530779818,0.9988706513255019,0.0005649934346269656,0
1193,0.6117554391057151,1.0,0.998863462684017,0.000568591832148687,1
1194,0.6202216809784291,0.951229424500714,0.9988972738363132,0.0005516673067631692,0
1195,0.6117495698791666,1.0,0.9988984759279491,0.0005510655977866567,1
1196,0.611750828154484,1.0,0.9988909694517287,0.0005548229888559639,1
1197,0.6117495467122354,1.0,0.9988986141353935,0.000550996417865898,1
1198,0.6117533200192816,1.0,0.9988761040166838,0.0005622640140097978,1
1199,0.6117569891969511,1.0,0.9988542158232029,0.0005732205446607943,1
1200,0.6117536832626023,1.0,0.9988739370849081,0.0005633487001472388,1
1201,0.6117499203782263,1.0,0.9988963849519075,0.0005521122398031096,1
1202,0.6117465066002212,1.0,0.9989167508435173,0.0005419181474499966,1
1203,0.611746158812823,1.0,0.9989188257059304,0.0005408795923068778,1
1204,0.6117525059564116,1.0,0.9988809603427112,0.0005598331248320963,1
1205,0.6117526121793886,1.0,0.9988803266631018,0.0005601503196909275,1
1206,0.6117528791469865,1.0,0.9988787340543697,0.0005609475172926712,1
1207,0.6117455471465127,1.0,0.9989224748573692,0.0005390530451043047,1
1208,0.6117458444152095,1.0,0.9989207013740162,0.0005399407440858853,1
1209,0.6202227949961857,0.951229424500714,0.9988907795598913,0.0005549180401985614,0
1210,0.6117480080996703,1.0,0.9989077931325498,0.0005464018800152324,1
1211,0.6117497923957853,1.0,0.9988971484573835,0.0005517300654375977,1
1212,0.6117506382099733,1.0,0.9988921025957377,0.0005542557881299138,1
1213,0.6117420662017555,1.0,0.9989432422708604,0.0005286582456370753,1
1214,0.6117487462599372,1.0,0.9989033894279323,0.0005486061446905202,1
1215,0.6117483288540605,1.0,0.9989058795776076,0.0005473597045453389,1
1216,0.6117511124337403,1.0,0.9988892735424787,0.0005556718856532677,1
1217,0.6117539058487023,1.0,0.998872609248713,0.0005640133671429479,1
1218,0.6117525322632678,1.0,0.9988808034075094,0.0005599116803459136,1
1219,0.6117463617157815,1.0,0.9989176152078013,0.0005414854968265197,1
1220,0.6202194015627006,0.951229424500714,0.9989105621027319,0.0005450158830477183,0
1221,0.6288764695194864,0.9048374180359595,0.998893080276491,0.0005537664058070434,0
1222,0.6117476081168962,1.0,0.9989101793554861,0.0005452074654243541,1
1223,0.6202277218528796,0.951229424500714,0.998862058684279,0.0005692946312684954,0
1224,0.6288768888886869,0.9048374180359595,0.9988906827667317,0.0005549664905227915,0
1225,0.6376853079898906,0.8607079764250578,0.9988965901653956,0.0005520095197061186,0
1226,0.6466227678182805,0.8187307530779818,0.9988998301727268,0.0005503877291682003,0
1227,0.655661303407843,0.7788007830714049,0.9989080723961865,0.0005462620955428943,0
1228,0.6647774588391528,0.7408182206817179,0.9989065587228513,0.0005470197600987893,0
1229,0.6117513849742564,1.0,0.9988876476664419,0.000556485728289825,1
1230,0.6117476674742478,1.0,0.9989098252400122,0.0005453847163644809,1
1231,0.6202238516961992,0.951229424500714,0.9988846194785201,0.0005580015106297429,0
1232,0.6288735161579491,0.9048374180359595,0.9989099646966044,0.0005453149119742333,0
1233,0.6376897441951872,0.8607079764250578,0.9988716344541168,0.0005645013147865629,0
1234,0.646622421497142,0.8187307530779818,0.9989017534669946,0.00054942502382072,0
1235,0.6556624304252758,0.7788007830714049,0.9989018746931887,0.000549364344085994,0
1236,0.6647810970732061,0.7408182206817179,0.9988866893058477,0.0005569654424279185,0
1237,0.6739419499536838,0.7046880897187134,0.9989161552300647,0.0005422162772138555,0
1238,0.6831363960196952,0.6703200460356393,0.9989028332588887,0.0005488845345750017,0
1239,0.61174951488768,1.0,0.9988988039918528,0.0005509013849773815,1
1240,0.6202248377313501,0.951229424500714,0.9988788713900524,0.0005608787723747414,0
1241,0.6288727162605604,0.9048374180359595,0.9989145377907063,0.00054302587502622,0
1242,0.6117505847345841,1.0,0.9988924216119738,0.0005540961031226919,1
1243,0.6117470039776881,1.0,0.9989137835539793,0.0005434034033247409,1
1244,0.6117455820021529,1.0,0.9989222669109189,0.000539157130494887,1
1245,0.620226489004571,0.951229424500714,0.9988692454041588,0.0005656971905790562,0
1246,0.6117493249385344,1.0,0.9988999371768292,0.0005503341681936525,1
1247,0.6117507726088547,1.0,0.9988913008177629,0.0005546571219148204,1
1248,0.6202269186873377,0.951229424500714,0.9988667406191222,0.0005669510024211768,0
1249,0.6288726103502666,0.9048374180359595,0.9989151432926723,0.0005427227951531811,0
1250,0.6376865030278439,0.8607079764250578,0.9988898674438007,0.0005553746048829135,0
1251,0.6117507358786737,1.0,0.9988915199374233,0.0005545474404929641,1
1252,0.6117466781414399,1.0,0.9989157274493358,0.0005424303996997071,1
1253,0.6117504074038681,1.0,0.9988934795086409,0.0005535665685682178,1
1254,0.6117539741710836,1.0,0.998872201672441,0.000564217385328748,1
1255,0.6202228505706299,0.951229424500714,0.998890455584762,0.0005550802076689208,0
1256,0.6288755667305151,0.9048374180359595,0.9988982414959369,0.0005511829430651894,0
1257,0.6376824737455983,0.8607079764250578,0.9989125345243691,0.0005440285976165978,0
1258,0.6466187103175307,0.8187307530779818,0.9989223637862695,0.0005391086405626769,0
1259,0.6556627211408524,0.7788007830714049,0.9989002759951178,0.0005501645725122593,0
1260,0.6117484929089227,1.0,0.9989049008620511,0.0005478495985663544,1
1261,0.611756012026599,1.0,0.9988600449865878,0.0005703026281703331,1
1262,0.6202189639956779,0.951229424500714,0.9989131130076879,0.0005437390411582934,0
1263,0.6117482055539252,1.0,0.9989066151602901,0.0005469915104908672,1
1264,0.6202251366954685,0.951229424500714,0.998877128589082,0.0005617511516695366,0
1265,0.6288760948493783,0.9048374180359595,0.9988952222506919,0.0005526942330456984,0
1266,0.6117493425788458,1.0,0.9988998319394444,0.0005503868448364814,1
1267,0.6117539536947212,1.0,0.9988723238238866,0.000564156240650834,1
1268,0.6117515681701651,1.0,0.9988865547895549,0.0005570327755415362,1
1269,0.6202196238813105,0.951229424500714,0.9989092660450817,0.0005456646190508224,0
1270,0.6288804082461094,0.9048374180359595,0.9988705631088616,0.000565037592819085,0
1271,0.6376881016024925,0.8607079764250578,0.9988808747057384,0.0005598759912895778,0
1272,0.6117493048862526,1.0,0.9989000568034044,0.0005502742890388288,1
1273,0.6117519337694066,1.0,0.9988843737693422,0.0005581245024164432,1
1274,0.6202237107705706,0.951229424500714,0.9988854410078306,0.0005575902874731485,0
1275,0.6288730034964973,0.9048374180359595,0.9989128956305986,0.0005438478479754981,0
1276,0.611746728952092,1.0,0.9989154243194267,0.0005425821291933432,1
1277,0.6202226282246917,0.951229424500714,0.9988917517669392,0.0005544313971166474,0
1278,0.628872296622347,0.9048374180359595,0.9989169369160765,0.0005418250102882807,0
1279,0.6376815563363523,0.8607079764250578,0.9989176955832348,0.000541445265565696,0
1280,0.6466244889735522,0.8187307530779818,0.9988902718051834,0.0005551721995357486,0
1281,0.6556624101893739,0.7788007830714049,0.9989019859742222,0.00054930864240495,0
1282,0.6117512441306223,1.0,0.9988884878870372,0.0005560651503379848,1
1283,0.6202205554213275,0.951229424500714,0.9989038354436023,0.0005483828920841133,0
1284,0.6117477818639514,1.0,0.9989091428117779,0.0005457263029872422,1
1285,0.6117475569196087,1.0,0.9989104847896105,0.0005450545817697419,1
1286,0.6117432096396704,1.0,0.9989364204170235,0.0005320727925511642,1
1287,0.6202209740848277,0.951229424500714,0.9989013947735136,0.0005496045677769413,0
1288,0.6117508947789306,1.0,0.998890571993515,0.0005550219386437269,1
1289,0.6117458437004262,1.0,0.9989207056383557,0.0005399386096124375,1
1290,0.6117578789861162,1.0,0.9988489079635369,0.000575877525872286,1
1291,0.6202250710631604,0.951229424500714,0.9988775111899767,0.0005615596362115713,0
1292,0.6117455881827438,1.0,0.9989222300379279,0.0005391755868817791,1
1293,0.620232032543327,0.951229424500714,0.9988369306857096,0.0005818731021514812,0
1294,0.6288709547418823,0.9048374180359595,0.9989246086708543,0.0005379849886435178,0
1295,0.6117497226792139,1.0,0.9988975643662433,0.0005515218814549163,1
1296,0.6202273084020831,0.951229424500714,0.9988644688306958,0.0005680881866507597,0
1297,0.6117531174729206,1.0,0.9988773123121478,0.0005616591868804003,1
1298,0.6202214385426095,0.951229424500714,0.9988986871478159,0.0005509598714042174,0
1299,0.6117554467212322,1.0,0.99886341725436,0.0005686145728233489,1
1300,0.620223157100931,0.951229424500714,0.9988886686475118,0.0005559746695383658,0
1301,0.628874654771355,0.9048374180359595,0.9989034551778049,0.0005485732336647448,0
1302,0.6376882752110375,0.8607079764250578,0.9988798980818908,0.0005603648505468753,0
1303,0.6117497154258696,1.0,0.9988976076376083,0.0005515002218946895,1
1304,0.620224157873411,0.951229424500714,0.9988828346144868,0.0005588949399574081,0
1305,0.6288742138921157,0.9048374180359595,0.9989059757031324,0.0005473115891411954,0
1306,0.6117492306823185,1.0,0.9989004994845099,0.0005500527048050591,1
1307,0.6117529461236634,1.0,0.9988783345022066,0.0005611475176677665,1
1308,0.6117522381748258,1.0,0.9988825578126701,0.0005590334956745699,1
1309,0.6202235058474,0.951229424500714,0.9988866356140547,0.0005569923182463268,0
1310,0.6288817119382157,0.9048374180359595,0.998863110228916,0.000568768260247346,0
1311,0.6117468134674209,1.0,0.9989149201119946,0.0005428345066955426,1
1312,0.6117513321299197,1.0,0.9988879629159229,0.0005563279280447237,1
1313,0.620215227991442,0.951229424500714,0.9989348933445411,0.00053283714232276,0
1314,0.6288698512058464,0.9048374180359595,0.9989309178305776,0.0005348270226947506,0
1315,0.6376853230438508,0.8607079764250578,0.9988965054785313,0.0005520519099138293,0
1316,0.6117542416775256,1.0,0.9988706058686602,0.000565016188745676,1
1317,0.6202229118266087,0.951229424500714,0.9988900984889002,0.0005552589539586756,0
1318,0.6117531957113104,1.0,0.9988768455787859,0.0005618928159083384,1
1319,0.6202230948406836,0.951229424500714,0.998889031597086,0.0005557929928812946,0
1320,0.6288687365847738,0.9048374180359595,0.998937290420752,0.0005316373277248354,0
1321,0.6117518042768674,1.0,0.998885146269706,0.000557737820991986,1
1322,0.611748713976318,1.0,0.9989035820244185,0.0005485097407391087,1
1323,0.6202269506218603,0.951229424500714,0.9988665544609443,0.0005670441871211704,0
1324,0.628877261495518,0.9048374180359595,0.9988885526013108,0.000556032757196875,0
1325,0.6117532827568216,1.0,0.9988763263066713,0.000562152743972413,1
1326,0.6117475398558061,1.0,0.9989105865893234,0.0005450036263992476,1
1327,0.6202232042988266,0.951229424500714,0.9988883935048807,0.0005561123939302809,0
1328,0.6117503752180523,1.0,0.998893671518801,0.0005534704571481402,1
1329,0.620222699609101,0.951229424500714,0.9988913356259563,0.0005546396985011054,0
1330,0.6117510845500148,1.0,0.998889439886708,0.0005555886210613589,1
1331,0.620218718536478,0.951229424500714,0.9989145439767404,0.0005430227786481527,0
1332,0.6288805867440863,0.9048374180359595,0.9988695426763581,0.0005655483862403845,0
1333,0.637683579422501,0.8607079764250578,0.9989063143759659,0.0005471420672921581,0
1334,0.6466215265153156,0.8187307530779818,0.9989067237691552,0.0005469371466206437,0
1335,0.6117472908060461,1.0,0.998912072379155,0.0005442599218342306,1
1336,0.6117461569895739,1.0,0.998918836583256,0.0005408741477575963,1
1337,0.6202204993761814,0.951229424500714,0.9989041621689598,0.0005482193501631983,0
1338,0.6288762386866767,0.9048374180359595,0.9988943999378053,0.0005531058443973031,0
1339,0.6117461636089645,1.0,0.9989187970926188,0.0005408939144476186,1
1340,0.6117479638176954,1.0,0.9989080573101673,0.0005462696467979828,1
1341,0.6117445265797503,1.0,0.9989285635201022,0.0005360054391436342,1
1342,0.6117544998341905,1.0,0.9988690658443895,0.0005657870721057554,1
1343,0.6117536775580681,1.0,0.9988739711153106,0.0005633316657645061,1
1344,0.6117513387477459,1.0,0.998887923436447,0.000556347689758867,1
1345,0.6117458365809553,1.0,0.9989207481125449,0.0005399173495724374,1
1346,0.6117436798147691,1.0,0.9989336153301878,0.0005334768312451519,1
1347,0.6117483327525186,1.0,0.9989058563202389,0.0005473713459669706,1
1348,0.6117514339871628,1.0,0.998887355273969,0.0005566320873505162,1
1349,0.6202220344461777,0.951229424500714,0.9988952132546816,0.0005526987360256698,0
1350,0.6288762794707777,0.9048374180359595,0.9988941667766701,0.0005532225540126822,0
1351,0.6376853516789737,0.8607079764250578,0.9988963443901306,0.0005521325430989131,0
1352,0.611749271293195,1.0,0.9989002572106924,0.0005501739750652268,1
1353,0.6117503779547817,1.0,0.9988936551923567,0.0005534786294115219,1
1354,0.6202280675163443,0.951229424500714,0.9988600436998168,0.000570303272290068,0
1355,0.6288735417006179,0.9048374180359595,0.9989098186670566,0.0005453880064290076,0
1356,0.61175298907588,1.0,0.9988780782690906,0.0005612757781075556,1
1357,0.6202204238535268,0.951229424500714,0.9989046024422313,0.0005479989720773524,0
1358,0.6288722529811897,0.9048374180359595,0.9989171864186066,0.0005417001237788789,0
1359,0.6376871026169066,0.8607079764250578,0.9988864944596544,0.0005570629741171729,0
1360,0.6466222267650303,0.8187307530779818,0.9989028349136743,0.000548883706273429,0
1361,0.6117523066047419,1.0,0.9988821495888097,0.0005592378359849518,1
1362,0.6117508889225737,1.0,0.9988906069304889,0.0005550044507555169,1
1363,0.620220723251778,0.951229424500714,0.9989028570464227,0.000548872627744389,0
1364,0.6288773874297273,0.9048374180359595,0.9988878326462357,0.0005563931354055463,0
1365,0.6376839504792129,0.8607079764250578,0.99890422695293,0.0005481869226438734,0
1366,0.6117507448863367,1.0,0.9988914662007887,0.0005545743386269759,1
1367,0.620223562594455,0.951229424500714,0.9988863048050659,0.0005571579071288374,0
1368,0.6288752749726267,0.9048374180359595,0.9988999094754022,0.0005503480341608441,0
1369,0.6117474471425223,1.0,0.998911139701111,0.0005447267689698125,1
1370,0.6202224900642036,0.951229424500714,0.9988925571849838,0.0005540282414601623,0
1371,0.6288770837510935,0.9048374180359595,0.99888956875214,0.0005555241167135553,0
1372,0.6117539814656408,1.0,0.9988721581568709,0.0005642391676803376,1
1373,0.62022507569895,0.951229424500714,0.9988774841658212,0.0005615731634736602,0
1374,0.6117449996074918,1.0,0.9989257414475603,0.0005374179908671827,1
1375,0.6202217949024168,0.951229424500714,0.9988966097024244,0.0005519997404012228,0
1376,0.6117482832839582,1.0,0.9989061514391616,0.0005472236248992745,1
1377,0.6202195143384349,0.951229424500714,0.998909904650259,0.0005453449679098873,0
1378,0.6288798577171212,0.9048374180359595,0.9988737103672904,0.0005634621867619991,0
1379,0.6117504787626193,1.0,0.9988930538056235,0.0005537796559077826,1
1380,0.6117506981835359,1.0,0.9988917448137599,0.0005544348775635591,1
1381,0.6202210101596344,0.951229424500714,0.9989011844696898,0.0005497098353473954,0
1382,0.6288696913179552,0.9048374180359595,0.9989318319495145,0.0005343694742785852,0
1383,0.6376809317369782,0.8607079764250578,0.9989212094045784,0.0005396864544148973,0
1384,0.6466202658493124,0.8187307530779818,0.9989137249582694,0.0005434327330389912,0
1385,0.6556633186665828,0.7788007830714049,0.9988969901013312,0.0005518093308880341,0
1386,0.6647778122090426,0.7408182206817179,0.9989046288514966,0.0005479857529646958,0
1387,0.6739445608107106,0.7046880897187134,0.9989019552640177,0.0005493240143860518,0
1388,0.6117501807388526,1.0,0.9988948317199406,0.0005528897144230099,1
1389,0.6117480241676324,1.0,0.9989076972742512,0.0005464498615726455,1
1390,0.6117501116770147,1.0,0.9988952437214174,0.0005526834858097841,1
1391,0.6117517652504655,1.0,0.998885379085686,0.000557621283092837,1
1392,0.6202177395651075,0.951229424500714,0.9989202511772439,0.000540166085733672,0
1393,0.6288810592603329,0.9048374180359595,0.9988668414148262,0.00056690054739308,0
1394,0.6376803414283406,0.8607079764250578,0.998924530330483,0.0005380242009993297,0
1395,0.6466282239471455,0.8187307530779818,0.9988695301633719,0.0005655546498142203,0
1396,0.6556619292143581,0.7788007830714049,0.9989046309506102,0.0005479847022569821,0
1397,0.6647799815143184,0.7408182206817179,0.9988927816393086,0.000553915889887458,0
1398,0.6739432042866957,0.7046880897187134,0.9989093331193747,0.000545631045285379,0
1399,0.6831407330377828,0.6703200460356393,0.9988792807074306,0.0005606738840213722,0
1400,0.6117468697841675,1.0,0.9989145841338389,0.0005430026782812249,1
1401,0.6117490925882606,1.0,0.9989013233180307,0.0005496403348135222,1
1402,0.6202228478229288,0.951229424500714,0.9988904716026749,0.0005550721898163773,0
1403,0.6288747205059896,0.9048374180359595,0.998903079370847,0.0005487613434498501,0
1404,0.6376862595503034,0.8607079764250578,0.998891237129222,0.0005546890015312098,0
1405,0.6117521173267435,1.0,0.9988832787416919,0.0005586726280450646,1
1406,0.6117531468662633,1.0,0.9988771369652797,0.0005617469588626982,1
1407,0.6117521395201996,1.0,0.998883146344774,0.0005587389005162662,1
1408,0.6117470838561798,1.0,0.9989133070104753,0.0005436419342297853,1
1409,0.6117500073072991,1.0,0.9988958663592098,0.0005523718226987953,1
1410,0.6117454461692365,1.0,0.9989230772815035,0.0005387515082143754,1
1411,0.6117496286606556,1.0,0.9988981252541256,0.0005512411280800054,1
1412,0.6117562597154513,1.0,0.9988585674310131,0.0005710422496392732,1
1413,0.611751599314438,1.0,0.9988863689948854,0.0005571257764363234,1
1414,0.6117510371921588,1.0,0.9988897224066564,0.0005554472040550206,1
1415,0.6202203812510708,0.951229424500714,0.9989048508012438,0.000547874656411484,0
1416,0.6288680961080698,0.9048374180359595,0.9989409522242518,0.0005298044815474807,0
1417,0.611743653801879,1.0,0.9989337705240094,0.0005333991515038554,1
1418,0.620222444650133,0.951229424500714,0.9988928219302838,0.0005538957220700816,0
1419,0.6117472365905838,1.0,0.9989123958201076,0.0005440980252523265,1
1420,0.6202270413442986,0.951229424500714,0.9988660256064696,0.0005673089144825551,0
1421,0.6117511968256797,1.0,0.9988887700909209,0.0005559238914050214,1
1422,0.6117502853152161,1.0,0.9988942078503172,0.0005532019944541066,1
1423,0.6202207716932912,0.951229424500714,0.9989025746483412,0.0005490139818908052,0
1424,0.6288775030577606,0.9048374180359595,0.9988871716113048,0.0005567240209804908,0
1425,0.6376874755182658,0.8607079764250578,0.9988843967130329,0.0005581130177587029,0
1426,0.6117469453014837,1.0,0.9989141336079266,0.0005432281860578814,1
1427,0.6202252526363887,0.951229424500714,0.998876452716671,0.0005620894678748951,0
1428,0.6117485382289263,1.0,0.9989046304930391,0.0005479849312934076,1
1429,0.6202259541924624,0.951229424500714,0.9988723630408067,0.0005641366100541699,0
1430,0.6288767996398283,0.9048374180359595,0.9988911929967035,0.0005547110922843768,0
1431,0.6117524680755004,1.0,0.9988811863237296,0.0005597200077531982,1
1432,0.6202237011252243,0.951229424500714,0.9988854972356419,0.0005575621421987054,0
1433,0.6288699473414917,0.9048374180359595,0.9989303681996706,0.0005351021323386513,0
1434,0.6117500225691058,1.0,0.9988957753119038,0.0005524173966736877,1
1435,0.6117461999929101,1.0,0.9989185800295988,0.000541002563441056,1
1436,0.6117488439571815,1.0,0.9989028065894673,0.0005488978839323711,1
1437,0.6202208113449844,0.951229424500714,0.9989023434921022,0.0005491296870013863,0
1438,0.6288777916483322,0.9048374180359595,0.9988855217678884,0.00055754986238973,0
1439,0.6376869628311175,0.8607079764250578,0.9988872808223361,0.0005566693546335541,0
1440,0.6117527949104662,1.0,0.9988792365711887,0.0005606959769027035,1
1441,0.6202228329712166,0.951229424500714,0.9988905581817625,0.000555028852190125,0
1442,0.6288778884773606,0.9048374180359595,0.9988849682068516,0.0005578269517949666,0
1443,0.6376839466759529,0.8607079764250578,0.9989042483485867,0.0005481762130804156,0
1444,0.6117485981858779,1.0,0.9989042728034356,0.0005481639722431749,1
1445,0.6117496754924637,1.0,0.9988978458688669,0.0005513809748225163,1
1446,0.611755719032384,1.0,0.9988617928096282,0.0005694277200588108,1
1447,0.6117500347008695,1.0,0.9988957029374931,0.0005524536238832802,1
1448,0.6202244188195196,0.951229424500714,0.9988813134293446,0.0005596563837663531,0
1449,0.6117500814270315,1.0,0.9988954241835022,0.0005525931549819679,1
1450,0.6202178200027176,0.951229424500714,0.9989197822408699,0.000540400807416218,0
1451,0.6288726771542374,0.9048374180359595,0.9989147613662289,0.0005429139658041229,0
1452,0.6117513862475576,1.0,0.9988876400704058,0.0005564895305373295,1
1453,0.6117511975028856,1.0,0.998888766050958,0.0005559259136336618,1
1454,0.6202254110859375,0.951229424500714,0.9988755290431637,0.00056255182432143,0
1455,0.6288769179176861,0.9048374180359595,0.9988905168098899,0.0005550495611021744,0
1456,0.637679911583045,0.8607079764250578,0.9989269485394925,0.0005368137962044956,0
1457,0.6117461196864948,1.0,0.998919059129822,0.0005407627540521972,1
1458,0.611746567469086,1.0,0.9989163877070457,0.000542099912615734,1
1459,0.6202232674232786,0.951229424500714,0.9988880255177139,0.000556296592303691,0
1460,0.628871720846543,0.9048374180359595,0.9989202287127472,0.0005401773301232922,0
1461,0.637687463069623,0.8607079764250578,0.9988844667424477,0.0005580779639463577,0
1462,0.6117488579759609,1.0,0.9989027229568141,0.0005489397461917117,1
1463,0.620222808834887,0.951229424500714,0.9988906988861946,0.0005549584218406141,0
1464,0.628880533220942,0.9048374180359595,0.9988698486559024,0.0005653952233475038,0
1465,0.6376817198576552,0.8607079764250578,0.998916775660764,0.0005419057253706176,0
1466,0.6466178468261924,0.8187307530779818,0.9989271593261463,0.0005367082896747627,0
1467,0.611747177357736,1.0,0.9989127491941769,0.000543921145874171,1
1468,0.6117478499396789,1.0,0.9989087366846603,0.0005459295883426362,1
1469,0.6202216684846349,0.951229424500714,0.9988973466704602,0.0005516308494886267,0
1470,0.6288823533366137,0.9048374180359595,0.998859443543231,0.0005706036931397856,0
1471,0.6376828972450455,0.8607079764250578,0.9989101520598987,0.0005452211281080895,0
1472,0.6117487101608304,1.0,0.9989036047867252,0.0005484983470936634,1
1473,0.6202171270168547,0.951229424500714,0.9989238222304355,0.0005383786323287347,0
1474,0.6288744046301583,0.9048374180359595,0.9989048852445872,0.0005478574158590848,0
1475,0.6376862816761302,0.8607079764250578,0.9988911126600555,0.0005547513051983315,0
1476,0.6466290927744325,0.8187307530779818,0.9988647053310069,0.0005679698020798251,0
1477,0.6556663911666267,0.7788007830714049,0.9988800941096126,0.000560266726786941,0
1478,0.6647851578016714,0.7408182206817179,0.9988645130463824,0.0005680660536752993,0
1479,0.6739600603826517,0.7046880897187134,0.9988176603615905,0.0005915195766751673,0
1480,0.6831426181800595,0.6703200460356393,0.9988690434533207,0.0005657982803159818,0
1481,0.6923235351593322,0.6376281516217733,0.9989406972931424,0.000529932082253702,0
1482,0.7015053892378502,0.6065306597126334,0.9988964363608744,0.0005520865069210636,0
1483,0.7106297213789625,0.5769498103804866,0.9989388631616849,0.0005308501213056129,0
1484,0.7197212482689435,0.5488116360940264,0.9988228561571537,0.0005889186104250769,0
1485,0.6117528857626957,1.0,0.9988786945880692,0.0005609672725942536,1
1486,0.6117402505915484,1.0,0.9989540745087057,0.0005232364265303651,1
1487,0.6202146654730526,0.951229424500714,0.9989381727998838,0.0005311956689987788,0
1488,0.6288861114028306,0.9048374180359595,0.9988379601524646,0.0005813577696718196,0
1489,0.6376942740133376,0.8607079764250578,0.9988461529567999,0.0005772566186031599,0
1490,0.6466255279666686,0.8187307530779818,0.9988845018524255,0.0005580603893527398,0
1491,0.6556663827440057,0.7788007830714049,0.9988801404260103,0.0005602435426246217,0
1492,0.6647724625132654,0.7408182206817179,0.9989338457753567,0.000533361485671181,0
1493,0.6117485047844406,1.0,0.9989048300153549,0.0005478850607503439,1
1494,0.620225569844215,0.951229424500714,0.9988746035711598,0.0005630150814569585,0
1495,0.6288837764789172,0.9048374180359595,0.9988513079230994,0.0005746761646553019,0
1496,0.6376914024458643,0.8607079764250578,0.9988623062317934,0.0005691707165189099,0
1497,0.6117559752882222,1.0,0.9988602641448663,0.0005701929239852559,1
1498,0.6202299607368941,0.951229424500714,0.9988490076058669,0.000575827647294892,0
1499,0.6117555833716389,1.0,0.9988626020796362,0.0005690226241356273,1
1500,0.6202307585292561,0.951229424500714,0.9988443571107471,0.0005781555797003136,0
1501,0.6288795242831504,0.9048374180359595,0.9988756165457051,0.0005625080238002248,0
1502,0.6117602048640431,1.0,0.9988350336026085,0.0005828227491080349,1
1503,0.6117509309005825,1.0,0.9988903565044364,0.0005551298028622877,1
1504,0.6117559030072096,1.0,0.9988606953285877,0.0005699770861729762,1
1505,0.6117553943154072,1.0,0.998863729876482,0.000568458083924225,1
1506,0.6117558320791152,1.0,0.9988611184419087,0.0005697652882549208,1
1507,0.6117565061850754,1.0,0.9988570971518369,0.000571778229840164,1
1508,0.6117554262567972,1.0,0.9988635393330446,0.0005685534640295648,1
1509,0.6117480553360031,1.0,0.9989075113299268,0.0005465429354083063,1
1510,0.6117527475426136,1.0,0.998879519146449,0.0005605545307648591,1
1511,0.6117526362359372,1.0,0.9988801831523862,0.0005602221554864549,1
1512,0.6117479713633172,1.0,0.9989080122944533,0.0005462921792596269,1
1513,0.6117510526814627,1.0,0.9988896300030237,0.0005554934572274038,1
1514,0.611750441448259,1.0,0.9988932764108838,0.0005536682299474866,1
1515,0.6202278980948895,0.951229424500714,0.9988610313117093,0.0005698089030285442,0
1516,0.6288812523182501,0.9048374180359595,0.9988657377520793,0.0005674530050935275,0
1517,0.6376887008690864,0.8607079764250578,0.9988775035747745,0.0005615634480914559,0
1518,0.6117455289929685,1.0,0.9989225831602422,0.0005389988352582337,1
1519,0.6202227603255979,0.951229424500714,0.9988909816745964,0.0005548168706368146,0
1520,0.6288742269511474,0.9048374180359595,0.9989059010439697,0.0005473489596081483,0
1521,0.6376898365799467,0.8607079764250578,0.9988711147555649,0.0005647614576663404,0
1522,0.6117517547922715,1.0,0.998885441475122,0.0005575900535667097,1
1523,0.6202217019548107,0.951229424500714,0.9988971515518712,0.000551728516485476,0
1524,0.6288780055196108,0.9048374180359595,0.9988842990895757,0.000558161884005038,0
1525,0.6117452978252799,1.0,0.9989239622932884,0.0005383085254597491,1
1526,0.620223753026076,0.951229424500714,0.9988851946782538,0.0005577135897043374,0
1527,0.6288806004649614,0.9048374180359595,0.9988694642372812,0.000565587650166543,0
1528,0.6117444194322154,1.0,0.998929202761472,0.0005356854757405119,1
1529,0.6117548452941401,1.0,0.9988670050210899,0.0005668186514668151,1
1530,0.6117518447391671,1.0,0.9988849048878169,0.0005578586466540846,1
1531,0.620216538375756,0.951229424500714,0.9989272539260888,0.0005366609389058895,0
1532,0.6117591672186624,1.0,0.9988412233442914,0.0005797242782414633,1
1533,0.6117530376818858,1.0,0.9988777883081956,0.0005614209214155225,1
1534,0.6117492822974565,1.0,0.998900191562175,0.000550206835462998,1
1535,0.6202321006667461,0.951229424500714,0.998836533585982,0.0005820718832508907,0
1536,0.6117440213974386,1.0,0.9989315774392573,0.0005344968654986168,1
1537,0.6117545015496628,1.0,0.9988690556108134,0.000565792194687094,1
1538,0.620214725564806,0.951229424500714,0.9989378224670997,0.0005313710216157635,0
1539,0.6288754076063567,0.9048374180359595,0.9988991512080738,0.0005507275855097319,0
1540,0.6117564195951192,1.0,0.9988576136914261,0.0005715196645974095,1
1541,0.6117506903238447,1.0,0.9988917917020071,0.0005544114074295483,1
1542,0.6202224895624349,0.951229424500714,0.998892560110088,0.0005540267772866323,0
1543,0.6288816427356709,0.9048374180359595,0.9988635058405688,0.0005685702293208502,0
1544,0.6376820747563856,0.8607079764250578,0.9989147791092643,0.0005429050846483881,0
1545,0.6466249853920103,0.8187307530779818,0.9988875149858113,0.0005565521424854874,0
1546,0.611742920439817,1.0,0.9989381458028641,0.0005312091818571871,1
1547,0.620223699484131,0.951229424500714,0.9988855068024405,0.0005575573534623746,0
1548,0.6288762695278676,0.9048374180359595,0.9988942236198979,0.0005531941009352107,0
1549,0.611748471438115,1.0,0.9989050289521294,0.0005477854833187492,1
1550,0.6117540029895581,1.0,0.9988720297562836,0.0005643034404676241,1
1551,0.6202184494320406,0.951229424500714,0.998916112795291,0.0005422375176224786,0
1552,0.611750470732131,1.0,0.9988931017128821,0.0005537556757342776,1
1553,0.6117514187934151,1.0,0.9988874459141105,0.0005565867168004968,1
1554,0.6202167244346277,0.951229424500714,0.9989261692269535,0.0005372038711964878,0
1555,0.6288747677712149,0.9048374180359595,0.9989028091541972,0.0005488966001589085,0
1556,0.6376794553037781,0.8607079764250578,0.9989295154680965,0.0005355289548506513,0
1557,0.646619078541332,0.8187307530779818,0.9989203188039668,0.0005401322358239857,0
1558,0.6556637644391743,0.7788007830714049,0.9988945387316149,0.0005530363706871696,0
1559,0.6647812271902293,0.7408182206817179,0.9988859787084006,0.0005573211372767384,0
1560,0.673946616537197,0.7046880897187134,0.9988907746997663,0.0005549204729594795,0
1561,0.6831390327196507,0.6703200460356393,0.9988885143654903,0.0005560518963796585,0
1562,0.6117475345380436,1.0,0.9989106183141835,0.0005449877466698805,1
1563,0.6202199998490137,0.951229424500714,0.9989070742600312,0.0005467617094120549,0
1564,0.6117488285595831,1.0,0.9989028984478341,0.0005488519043025123,1
1565,0.6117473212045705,1.0,0.9989118910263893,0.0005443506969820935,1
1566,0.6202246213113659,0.951229424500714,0.9988801330055561,0.0005602472570112913,0
1567,0.6117466859678116,1.0,0.9989156807581854,0.0005424537706158907,1
1568,0.6117509087602143,1.0,0.9988904885860828,0.0005550636886802575,1
1569,0.6117485848800607,1.0,0.9989043521829128,0.0005481242389692791,1
1570,0.6117458964581033,1.0,0.9989203908903952,0.0005400961536538593,1
1571,0.6117507855563121,1.0,0.9988912235776902,0.0005546957848182009,1
1572,0.6117491057919484,1.0,0.9989012445481922,0.000549679763053231,1
1573,0.611750119504167,1.0,0.9988951970270442,0.0005527068588183884,1
1574,0.6117525649783288,1.0,0.9988806082438119,0.000560009371539845,1
1575,0.6117494623063868,1.0,0.9988991176773642,0.0005507443693413292,1
1576,0.6117520092517107,1.0,0.9988839234727128,0.0005583499022438837,1
1577,0.6117470108341841,1.0,0.9989137426491043,0.0005434238780025936,1
1578,0.6202220210775705,0.951229424500714,0.9988952911884326,0.0005526597260540187,0
1579,0.6117455583695814,1.0,0.9989224079012744,0.000539086559265121,1
1580,0.6117502489603726,1.0,0.998894424731789,0.000553093433684297,1
1581,0.6117528452764192,1.0,0.9988789361107444,0.0005608463757089204,1
1582,0.6117464499905669,1.0,0.9989170885702192,0.0005417491010081605,1
1583,0.6117569121364679,1.0,0.9988546755141229,0.0005729904355983597,1
1584,0.6202205463333617,0.951229424500714,0.9989038884235397,0.000548356373046876,0
1585,0.6288762455579067,0.9048374180359595,0.9988943606552433,0.0005531255074181468,0
1586,0.6117498875942639,1.0,0.9988965805312698,0.0005520143420900594,1
1587,0.6202234994100229,0.951229424500714,0.9988866731409853,0.0005569735338674598,0
1588,0.6288774992758562,0.9048374180359595,0.9988871932320977,0.0005567131985406427,0
1589,0.6117489946649616,1.0,0.998901907503785,0.0005493479207532395,1
1590,0.6117478072502492,1.0,0.9989089913618219,0.0005458021106663419,1
1591,0.6202244863678186,0.951229424500714,0.9988809196571251,0.0005598534904154616,0
1592,0.6117504069961184,1.0,0.9988934819411437,0.0005535653509695421,1
1593,0.620220707482841,0.951229424500714,0.9989029489741611,0.0005488266133929518,0
1594,0.6288798787128637,0.9048374180359595,0.9988735903388006,0.0005635222686801679,0
1595,0.6117438475756657,1.0,0.9989326144636158,0.0005339777990061666,1
1596,0.620216059348981,0.951229424500714,0.9989300465978955,0.0005352631054340463,0
1597,0.628879922089323,0.9048374180359595,0.9988733423642585,0.0005636463957845941,0
1598,0.61174447496593,1.0,0.9989288714476809,0.000535851310238647,1
1599,0.6202236047106233,0.951229424500714,0.9988860592874559,0.0005572808028172482,0
1600,0.6288765564505725,0.9048374180359595,0.9988925832957973,0.0005540151715794754,0
1601,0.6117442569012546,1.0,0.9989301724211046,0.0005352001264488773,1
1602,0.6117485540777166,1.0,0.998904535942725,0.000548032258293255,1
1603,0.6202157639167732,0.951229424500714,0.9989317689397322,0.0005344010128591857,0
1604,0.6117480581899967,1.0,0.9989074943035688,0.0005465514578981199,1
1605,0.6202200510457,0.951229424500714,0.9989067757984045,0.0005469111035243646,0
1606,0.6288755049948751,0.9048374180359595,0.9988985944381946,0.0005510062773244883,0
1607,0.6376879273091929,0.8607079764250578,0.9988818551828678,0.0005593852037127431,0
1608,0.6466230959932249,0.8187307530779818,0.9988980076575305,0.0005512999912408968,0
1609,0.6556630738760975,0.7788007830714049,0.9988983362435685,0.0005511355169995423,0
1610,0.6647801513755529,0.7408182206817179,0.9988918539838855,0.0005543802319424697,0
1611,0.6117509996632922,1.0,0.9988899462904727,0.0005553351377347352,1
1612,0.6117524658753426,1.0,0.9988811994489151,0.0005597134378099618,1
1613,0.6202224337385135,0.951229424500714,0.9988928855405403,0.0005538638816898592,0
1614,0.6288746746103899,0.9048374180359595,0.9989033417574029,0.0005486300061224463,0
1615,0.6117471212099318,1.0,0.9989130841635228,0.0005437534789333476,1
1616,0.6202187739530227,0.951229424500714,0.9989142209111423,0.0005431844870006171,0
1617,0.6117507850791276,1.0,0.9988912264244082,0.0005546943598792704,1
1618,0.6202247941883215,0.951229424500714,0.9988791252229899,0.0005607517134726875,0
1619,0.628877997319268,0.9048374180359595,0.9988843459699863,0.0005581384176187944,0
1620,0.6117478708169874,1.0,0.9989086121345737,0.0005459919314225126,1
1621,0.6202236296311036,0.951229424500714,0.9988859140127235,0.0005573535211927109,0
1622,0.6288731218009516,0.9048374180359595,0.9989122192718126,0.0005441863955194798,0
1623,0.611750415299182,1.0,0.9988934324077622,0.0005535901450960364,1
1624,0.6202220797601344,0.951229424500714,0.9988949490921027,0.0005528309634156113,0
1625,0.6117528529130657,1.0,0.9988788905539846,0.0005608691796540296,1
1626,0.6202241937876083,0.951229424500714,0.9988826252525052,0.0005589997380360168,0
1627,0.6117506520123541,1.0,0.9988920202553874,0.0005542970039696708,1
1628,0.6117475553341029,1.0,0.9989104942484647,0.0005450498471843152,1
1629,0.6117491127408682,1.0,0.9989012030927097,0.0005497005135946479,1
1630,0.62021931305132,0.951229424500714,0.9989110781009215,0.0005447576026390777,0
1631,0.628879047908149,0.9048374180359595,0.9988783398992848,0.0005611448160984726,0
1632,0.6376836872942122,0.8607079764250578,0.998905707530427,0.0005474458223663545,0
1633,0.6466252088956234,0.8187307530779818,0.9988862737797929,0.0005571734370611811,0
1634,0.6117492638531777,1.0,0.9989003015958736,0.0005501517580421094,1
1635,0.6202204876232271,0.951229424500714,0.9989042306849605,0.0005481850545816971,0
1636,0.6117525628097266,1.0,0.9988806211807393,0.0005600028958273155,1
1637,0.6117461906231315,1.0,0.9989186359287644,0.0005409745836010175,1
1638,0.620223031125368,0.951229424500714,0.9988894030292554,0.0005556070702769339,0
1639,0.6117475083245951,1.0,0.9989107746991495,0.000544909468918675,1
1640,0.6202173023407289,0.951229424500714,0.9989228001199059,0.0005388902384341187,0
1641,0.6288803741323555,0.9048374180359595,0.9988707581296261,0.0005649399721899639,0
1642,0.6376800189789719,0.8607079764250578,0.9989263443544409,0.0005371162133307328,0
1643,0.6466239078054334,0.8187307530779818,0.9988934992867359,0.0005535566685662681,0
1644,0.6117493783694833,1.0,0.998899618422115,0.000550493721094385,1
1645,0.6117486217939008,1.0,0.9989041319633665,0.0005482344695285257,1
1646,0.620227828162512,0.951229424500714,0.9988614389703299,0.0005696048413400116,0
1647,0.6288739671980996,0.9048374180359595,0.998907386067057,0.0005466056353461398,0
1648,0.637688417630828,0.8607079764250578,0.9988790969093222,0.0005607658861925952,0
1649,0.6466214031377508,0.8187307530779818,0.9989074089516785,0.0005465941805197685,0
1650,0.6556630168540414,0.7788007830714049,0.9988986498173273,0.0005509785572278038,0
1651,0.6117544655114124,1.0,0.9988692705954791,0.0005656845806603132,1
1652,0.6202225268026619,0.951229424500714,0.9988923430149985,0.0005541354451862958,0
1653,0.6117538677444901,1.0,0.9988728365589997,0.0005638995837341335,1
1654,0.6117474396294449,1.0,0.9989111845228816,0.0005447043336560607,1
1655,0.6117502633791618,1.0,0.9988943387138552,0.0005531364902553166,1
1656,0.6202219097337213,0.951229424500714,0.9988959402798583,0.0005523348215216797,0
1657,0.6117509681290532,1.0,0.9988901344125387,0.0005552409721817568,1
1658,0.6202233900012118,0.951229424500714,0.9988873109440417,0.00055665427700385,0
1659,0.6288760063303828,0.9048374180359595,0.9988957283112008,0.0005524409230040817,0
1660,0.6376819191691084,0.8607079764250578,0.9989156543949728,0.0005424669665309466,0
1661,0.6117491146231369,1.0,0.9989011918635756,0.0005497061343377541,1
1662,0.62021921704158,0.951229424500714,0.9989116378130142,0.0005444774415976341,0
1663,0.6117487068209577,1.0,0.9989036247116246,0.0005484883737092688,1
1664,0.620221686749826,0.951229424500714,0.9988972401912305,0.0005516841478759181,0
1665,0.6117497247441233,1.0,0.9988975520475893,0.000551528047579744,1
1666,0.620223074641494,0.951229424500714,0.9988891493494259,0.000555734051232505,0
1667,0.6288746838928985,0.9048374180359595,0.9989032886890081,0.0005486565694514338,0
1668,0.6117540576274356,1.0,0.9988717038150035,0.000564466595168003,1
1669,0.6117489874717635,1.0,0.9989019504166142,0.0005493264407520582,1
1670,0.620221128661699,0.951229424500714,0.9989004936434979,0.0005500556285257114,0
1671,0.6117473188495852,1.0,0.9989119050758555,0.0005443436645970394,1
1672,0.6202201162930244,0.951229424500714,0.9989063954258732,0.0005471014979700003,0
1673,0.611750483020007,1.0,0.9988930284074468,0.0005537923690690933,1
1674,0.6117493360858095,1.0,0.998899870675162,0.0005503674556466995,1
1675,0.6202234266031676,0.951229424500714,0.9988870975714059,0.000556761082174076,0
1676,0.6288726756944323,0.9048374180359595,0.9989147697121111,0.0005429097883294912,0
1677,0.6117489286177747,1.0,0.9989023015249666,0.0005491506936276967,1
1678,0.6117495167820277,1.0,0.9988987926906986,0.000550907041783758,1
1679,0.6202204745460073,0.951229424500714,0.998904306921018,0.0005481468947400329,0
1680,0.6117506812531772,1.0,0.9988918458145309,0.0005543843211511772,1
1681,0.6117467785432635,1.0,0.9989151284649175,0.0005427302170823696,1
1682,0.611746124025996,1.0,0.9989190332407739,0.0005407757125838166,1
1683,0.6202204828455291,0.951229424500714,0.9989042585374289,0.0005481711130709514,0
1684,0.6117493756739253,1.0,0.9988996345030878,0.0005504856717507163,1
1685,0.6202162642018336,0.951229424500714,0.9989288523276203,0.0005358608805201075,0
1686,0.6288794323470424,0.9048374180359595,0.9988761421277672,0.0005622449370279008,0
1687,0.6117487824752846,1.0,0.9989031733757453,0.0005487142893883155,1
1688,0.6202186640783576,0.951229424500714,0.9989148614550922,0.0005428638670058325,0
1689,0.6117554420041311,1.0,0.9988634453937861,0.0005686004871008931,1
1690,0.6117467750157249,1.0,0.9989151495097519,0.0005427196832374138,1
1691,0.6202254597301015,0.951229424500714,0.9988752454747526,0.000562693768158833,0
1692,0.6288757940458048,0.9048374180359595,0.9988969419373406,0.0005518334394759152,0
1693,0.6117471962066461,1.0,0.9989126367444553,0.0005439774319352183,1
1694,0.6117479726710461,1.0,0.998908004492797,0.0005462960843520996,1
1695,0.6117516478342845,1.0,0.9988860795443759,0.0005572706630622482,1
1696,0.6117489870410111,1.0,0.9989019529863762,0.0005493251544587152,1
1697,0.6202242414015097,0.951229424500714,0.9988823476871397,0.0005591386759837869,0
1698,0.6288779120217433,0.9048374180359595,0.9988848336062363,0.0005578943272329007,0
1699,0.6117491637183874,1.0,0.9989008989739189,0.0005498527402794248,1
1700,0.6117486546149222,1.0,0.9989039361607037,0.0005483324782741462,1
1701,0.6202171019331986,0.951229424500714,0.9989239684643157,0.0005383054366223819,0
1702,0.6117518270345105,1.0,0.998885010506703,0.0005578057782605212,1
1703,0.6202186931200387,0.951229424500714,0.9989146921487343,0.0005429486121522317,0
1704,0.6288748050300329,0.9048374180359595,0.9989025961445345,0.0005490032219860958,0
1705,0.6376835762725236,0.8607079764250578,0.9989063320965567,0.0005471331972958627,0
1706,0.611748943023354,1.0,0.9989022155848232,0.0005491937109212915,1
1707,0.6202230196720554,0.951229424500714,0.9988894697970341,0.0005555736492714422,0
1708,0.6288774225093242,0.9048374180359595,0.9988876320993139,0.0005564935205216013,0
1709,0.6376889753528802,0.8607079764250578,0.9988759594909057,0.0005623363582114147,0
1710,0.6466181780257931,0.8187307530779818,0.9989253199518472,0.0005376289654094248,0
1711,0.6556643752379115,0.7788007830714049,0.9988911798700015,0.0005547176629209492,0
1712,0.6117482047562759,1.0,0.9989066199189012,0.0005469891285809848,1
1713,0.6117461431397446,1.0,0.9989189192099909,0.0005408327896770317,1
1714,0.6117484506893865,1.0,0.9989051527344656,0.0005477235243112163,1
1715,0.6202230309956728,0.951229424500714,0.998889403785322,0.00055560669182335,0
1716,0.6117515238794399,1.0,0.9988868190109566,0.000556900517596197,1
1717,0.6117496388073604,1.0,0.998898064721758,0.0005512714276510768,1
1718,0.6202225216792128,0.951229424500714,0.9988923728825795,0.0005541204948362092,0
1719,0.6288733150340156,0.9048374180359595,0.9989111145397598,0.0005447393633591445,0
1720,0.6376879435125926,0.8607079764250578,0.9988817640315041,0.0005594308304139054,0
1721,0.6466256869814205,0.8187307530779818,0.9988836187822259,0.0005585024177295233,0
1722,0.655665210742912,0.7788007830714049,0.9988865853407971,0.0005570174828931384,0
1723,0.66477853932483,0.7408182206817179,0.9989006578416015,0.0005499734391128314,0
1724,0.6117500177674261,1.0,0.998895803957266,0.0005524030581598152,1
1725,0.6117483253323419,1.0,0.9989059005874289,0.0005473491881285799,1
1726,0.6202246974165141,0.951229424500714,0.9988796893520216,0.0005604693325228332,0
1727,0.6117491325303621,1.0,0.9989010850336534,0.0005497596080591366,1
1728,0.6117542778662197,1.0,0.9988703899860967,0.0005651242520851764,1
1729,0.6202223030811661,0.951229424500714,0.9988936472196114,0.0005534826201994278,0
1730,0.6288764204350397,0.9048374180359595,0.9988933608899789,0.0005536259436024415,0
1731,0.611751445699982,1.0,0.998887285399736,0.0005566670633841204,1
1732,0.6202186663925333,0.951229424500714,0.998914847963976,0.0005428706198918148,0
1733,0.6117496582763596,1.0,0.9988979485752377,0.0005513295649781655,1
1734,0.6202177378855511,0.951229424500714,0.9989202609687496,0.0005401611846889854,0
1735,0.6117524103062405,1.0,0.9988815309501216,0.0005595475015846479,1
1736,0.6202213575796403,0.951229424500714,0.9988991591327303,0.0005507236188148181,0
1737,0.6288725907292949,0.9048374180359595,0.9989152554681974,0.0005426666464805591,0
1738,0.6117474922089831,1.0,0.9989108708421627,0.000544861344996551,1
1739,0.6117446396327406,1.0,0.9989278890474963,0.000536343037275404,1
1740,0.6202192615334252,0.951229424500714,0.9989113784369434,0.0005446072709512401,0
1741,0.6117494203709181,1.0,0.998899367852925,0.0005506191437179201,1
1742,0.6202232004640319,0.951229424500714,0.9988884158600154,0.0005561012039241798,0
1743,0.6288765752266853,0.9048374180359595,0.998892475953739,0.0005540689021136092,0
1744,0.6376842093587843,0.8607079764250578,0.9989027705988814,0.0005489158989916344,0
1745,0.6117492216276494,1.0,0.9989005535022981,0.0005500256661826847,1
1746,0.6202235752307576,0.951229424500714,0.9988862311413086,0.0005571947800740655,0
1747,0.6288745423718486,0.9048374180359595,0.9989040977697354,0.0005482515851007487,0
1748,0.6117530778621814,1.0,0.9988775486112754,0.0005615409045364407,1
1749,0.6117520634795617,1.0,0.9988835999716668,0.0005585118335207857,1
1750,0.6202227595094333,0.951229424500714,0.9988909864324876,0.0005548144890500003,0
1751,0.611747680693828,1.0,0.998909746374357,0.0005454241922291578,1
1752,0.6202207767350031,0.951229424500714,0.9989025452568265,0.0005490286937935479,0
1753,0.6117488600212815,1.0,0.998902710754926,0.0005489458538376096,1
1754,0.62021692944806,0.951229424500714,0.9989249740271297,0.000537802113877351,0
1755,0.6288784024836854,0.9048374180359595,0.998882029695491,0.000559297849734311,0
1756,0.6376858615482655,0.8607079764250578,0.9988934760990189,0.0005535682752677021,0
1757,0.6117469734562935,1.0,0.9989139656402857,0.0005433122611797842,1
1758,0.6202207908357247,0.951229424500714,0.9989024630542844,0.0005490698402226587,0
1759,0.6288781692564654,0.9048374180359595,0.9988833630255605,0.0005586304389991585,0
1760,0.6376836818405949,0.8607079764250578,0.9989057382104085,0.0005474304655709407,0
1761,0.6466265517829032,0.8187307530779818,0.9988788162230792,0.0005609063868214452,0
1762,0.6556653504750164,0.7788007830714049,0.9988858169417768,0.0005574021108014171,0
1763,0.6117485060658768,1.0,0.998904822370592,0.0005478888873225775,1
1764,0.6202222766750617,0.951229424500714,0.9988938011565356,0.0005534055664946629,0
1765,0.6117511364147046,1.0,0.998889130480746,0.0005557434960643218,1
1766,0.6117514562518064,1.0,0.9988872224515636,0.0005566985725320193,1
1767,0.6117484449908878,1.0,0.9989051867304561,0.0005477065076855838,1
1768,0.6202193735463218,0.951229424500714,0.9989107254308482,0.0005449341299312935,0
1769,0.6117471261072782,1.0,0.9989130549466847,0.0005437681032479581,1
1770,0.6117482883458678,1.0,0.9989061212408789,0.0005472387405751586,1
1771,0.6117469322342644,1.0,0.9989142115651365,0.0005431891650829294,1
1772,0.6117485070494754,1.0,0.9989048165026628,0.000547891824503848,1
1773,0.6117509246840345,1.0,0.9988903935901721,0.000555111239395904,1
1774,0.6117482356007794,1.0,0.9989064359070006,0.0005470812352473797,1
1775,0.6117515779265922,1.0,0.9988864965864841,0.0005570619095168787,1
1776,0.6202224772997543,0.951229424500714,0.998892631596448,0.0005539909944805583,0
1777,0.628874068339969,0.9048374180359595,0.9989068078328274,0.0005468950687836094,0
1778,0.6117537531149222,1.0,0.9988735203809802,0.0005635572870366191,1
1779,0.6117475634348735,1.0,0.9989104459206645,0.0005450740374404004,1
1780,0.6202234369879452,0.951229424500714,0.9988870370329218,0.0005567913851412787,0
1781,0.6117481681380652,1.0,0.9989068383756049,0.0005468797806822292,1
1782,0.6117476255902851,1.0,0.9989100751123152,0.000545259643877676,1
1783,0.6117516810679193,1.0,0.9988858812855257,0.000557369903042662,1
1784,0.6202207168618035,0.951229424500714,0.9989028942978798,0.0005488539815586348,0
1785,0.6117487746982787,1.0,0.9989032197715152,0.000548691066031934,1
1786,0.6117520612194605,1.0,0.9988836134544982,0.0005585050845705994,1
1787,0.6202204785637349,0.951229424500714,0.9989042834989355,0.0005481586186271906,0
1788,0.6117515751774976,1.0,0.9988865129865189,0.0005570537003585957,1
1789,0.6202243063911586,0.951229424500714,0.9988819688299856,0.0005593283165489717,0
1790,0.611747116350703,1.0,0.9989131131529574,0.0005437389684445318,1
1791,0.6117473061533946,1.0,0.9989119808193064,0.0005443057516200697,1
1792,0.6202194171123643,0.951229424500714,0.9989104714523006,0.0005450612576982645,0
1793,0.6117478483708476,1.0,0.9989087460440129,0.0005459249035539965,1
1794,0.6117548763268971,1.0,0.9988668198971098,0.0005669113184566907,1
1795,0.6117487151065437,1.0,0.9989035752817572,0.0005485131157701884,1
1796,0.6117478845107193,1.0,0.9989085304403645,0.0005460328231575426,1
1797,0.6117488037259446,1.0,0.998903046599372,0.0005487777471811571,1
1798,0.6117477682122959,1.0,0.9989092242550426,0.0005456855368865634,1
1799,0.611754084125483,1.0,0.9988715457414334,0.0005645457212368975,1
1800,0.6117553310729488,1.0,0.9988641071437374,0.0005682692357496065,1
1801,0.6117494689548758,1.0,0.9988990780143021,0.0005507642227289771,1
1802,0.6117558111812185,1.0,0.9988612431059393,0.0005697028851737955,1
1803,0.6117475642584054,1.0,0.9989104410076154,0.0005450764966443665,1
1804,0.6202194818450244,0.951229424500714,0.9989100940781185,0.0005452501506292487,0
1805,0.6288718088250633,0.9048374180359595,0.9989197257253927,0.0005404290957131464,0
1806,0.6117494576539694,1.0,0.9988991454324121,0.0005507304765231867,1
1807,0.620229304777687,0.951229424500714,0.9988528313495871,0.0005739135760127724,0
1808,0.6288776753721101,0.9048374180359595,0.998886186506969,0.0005572171221282105,0
1809,0.6376831985798208,0.8607079764250578,0.9989084568569628,0.0005460696550606288,0
1810,0.6466221055582104,0.8187307530779818,0.9989035080376544,0.000548546774727285,0
1811,0.6556576865042636,0.7788007830714049,0.9989279628034596,0.0005363061197153654,0
1812,0.6647789505688407,0.7408182206817179,0.9988984119154047,0.0005510976393544287,0
1813,0.6739436408674642,0.7046880897187134,0.9989069586400114,0.0005468195826764312,0
1814,0.6831373785312728,0.6703200460356393,0.9988974975960085,0.0005515553034190386,0
1815,0.6923281203962844,0.6376281516217733,0.99891577055616,0.0005424088228928997,0
1816,0.6117487203138379,1.0,0.9989035442162605,0.0005485286655679915,1
1817,0.6202202067561706,0.951229424500714,0.9989058680529292,0.0005473654731961408,0
1818,0.6117499373717341,1.0,0.99889628357372,0.0005521629849024693,1
1819,0.6117559316682617,1.0,0.9988605243544817,0.0005700626707402136,1
1820,0.6202204037004833,0.951229424500714,0.9989047199281698,0.000547940164694105,0
1821,0.6288769339679701,0.9048374180359595,0.9988904250515094,0.0005550954912532737,0
1822,0.6376795537061063,0.8607079764250578,0.9989289618771328,0.0005358060470320994,0
1823,0.6117496079547571,1.0,0.9988982487796688,0.0005511792971822976,1
1824,0.6117488040849088,1.0,0.9989030444578779,0.0005487788191040499,1
1825,0.611750363514521,1.0,0.9988937413382952,0.0005534355087378088,1
1826,0.6202207321544269,0.951229424500714,0.9989028051469008,0.0005488986060079075,0
1827,0.6288734459552126,0.9048374180359595,0.9989103660515982,0.00054511401553342,0
1828,0.6376847122653228,0.8607079764250578,0.998899941453487,0.0005503320275098982,0
1829,0.6466243742776769,0.8187307530779818,0.9988909087606885,0.0005548533680684503,0
1830,0.6117521044068068,1.0,0.9988833558166664,0.0005586340474755614,1
1831,0.6117495348776296,1.0,0.9988986847373589,0.0005509610779615479,1
1832,0.6202231779790801,0.951229424500714,0.9988885469372231,0.000556035592391915,0
1833,0.6288734309937056,0.9048374180359595,0.9989104515878291,0.0005450712007673633,0
1834,0.6117509814074584,1.0,0.9988900551982839,0.0005552806233181714,1
1835,0.6117502460191582,1.0,0.9988944422781447,0.0005530846507964182,1
1836,0.6202238099967087,0.951229424500714,0.9988848625665937,0.000557879830888561,0
1837,0.6288749372366809,0.9048374180359595,0.9989018403160776,0.0005493815515377799,0
1838,0.6117494251803536,1.0,0.9988993391611408,0.0005506335054171428,1
1839,0.6117510293830997,1.0,0.9988897689927081,0.0005554238851392753,1
1840,0.6117458339506472,1.0,0.9989207638047511,0.0005399094949923235,1
1841,0.6202257763924052,0.951229424500714,0.9988733995125105,0.0005636177894298359,0
1842,0.6288739784238782,0.9048374180359595,0.9989073218885749,0.000546637759687704,0
1843,0.6376849259983963,0.8607079764250578,0.9988987390822298,0.0005509338755684453,0
1844,0.6117497024398014,1.0,0.9988976851087614,0.0005514614435706376,1
1845,0.6202198875231643,0.951229424500714,0.9989077290871493,0.0005464339377301931,0
1846,0.6117542237315322,1.0,0.998870712924968,0.0005649626000719103,1
1847,0.6202212163804848,0.951229424500714,0.9988999822736493,0.0005503115949521848,0
1848,0.6288746743934999,0.9048374180359595,0.9989033429973697,0.0005486293854584048,0
1849,0.6117472787444443,1.0,0.9989121443367676,0.0005442239038442434,1
1850,0.611744594967411,1.0,0.9989281555201653,0.0005362096579612434,1
1851,0.6202244673281734,0.951229424500714,0.9988810306485483,0.0005597979325332157,0
1852,0.6117498543704888,1.0,0.9988967787344818,0.0005519151310225143,1
1853,0.6202236442123511,0.951229424500714,0.9988858290108915,0.0005573960695129727,0
1854,0.6288760855637354,0.9048374180359595,0.9988952753364247,0.0005526676608235738,0
1855,0.6376812691030787,0.8607079764250578,0.9989193114752971,0.0005406364447977383,0
1856,0.6466235342143132,0.8187307530779818,0.9988955740088961,0.0005525181594523942,0
1857,0.6556622372000813,0.7788007830714049,0.998902937275488,0.0005488324691536447,0
1858,0.6647786136017728,0.7408182206817179,0.9989002521926492,0.0005501764868491378,0
1859,0.6739476632247418,0.7046880897187134,0.9988850820879025,0.0005577699477113708,0
1860,0.6117510021438318,1.0,0.9988899314924563,0.0005553425449653617,1
1861,0.6117491023395966,1.0,0.9989012651440426,0.0005496694538007067,1
1862,0.6117500252833165,1.0,0.998895759119748,0.0005524255017013903,1
1863,0.6117494166876052,1.0,0.9988993898265687,0.0005506081447903862,1
1864,0.620223355808677,0.951229424500714,0.9988875102709152,0.0005565545025591397,0
1865,0.628877917671486,0.9048374180359595,0.9988848013072888,0.0005579104947363029,0
1866,0.6376868606319814,0.8607079764250578,0.9988878557424176,0.0005563815744570758,0
1867,0.611750570980272,1.0,0.9988925036656118,0.0005540550308145958,1
1868,0.6202234910540657,0.951229424500714,0.9988867218523527,0.0005569491510383055,0
1869,0.6117501935984551,1.0,0.9988947550035733,0.0005529281150472834,1
1870,0.6202241319671135,0.951229424500714,0.998882985635409,0.0005588193450500144,0
1871,0.6117510098387565,1.0,0.9988898855872786,0.0005553655230619925,1
1872,0.6202225724612582,0.951229424500714,0.9988920768443965,0.0005542686780813867,0
1873,0.6288738243717387,0.9048374180359595,0.9989082026148381,0.0005461969150489372,0
1874,0.637682960356969,0.8607079764250578,0.9989097970142172,0.0005453988446644378,0
1875,0.6117470674245251,1.0,0.9989134050393177,0.0005435928664894118,1
1876,0.6202197631337789,0.951229424500714,0.9989084542418963,0.0005460709640226486,0
1877,0.6117509181283569,1.0,0.9988904326990369,0.000555091663242054,1
1878,0.6117469118218923,1.0,0.9989143333425218,0.0005431282102098531,1
1879,0.6117502476262118,1.0,0.9988944326909709,0.0005530894496888218,1
1880,0.6117459642613471,1.0,0.9989199863820396,0.0005402986264641156,1
1881,0.6117482208512559,1.0,0.9989065238995876,0.0005470371907903432,1
1882,0.6117506835024336,1.0,0.9988918323962301,0.0005543910377446134,1
1883,0.6117480726771649,1.0,0.9989074078760127,0.0005465947189409821,1
1884,0.6117534855379774,1.0,0.9988751166123236,0.0005627582719283739,1
1885,0.6117490863328366,1.0,0.9989013606363001,0.0005496216551562485,1
1886,0.6117524201588692,1.0,0.9988814721735922,0.0005595769227568702,1
1887,0.6202213838090048,0.951229424500714,0.9988990062249584,0.0005508001569628859,0
1888,0.6288738179399775,0.9048374180359595,0.9989082393856642,0.000546178509541155,0
1889,0.6376849390224767,0.8607079764250578,0.9988986658143597,0.0005509705498928157,0
1890,0.6466255974283064,0.8187307530779818,0.9988841161050631,0.0005582534784617243,0
1891,0.6117483187046022,1.0,0.9989059401271106,0.0005473293966342061,1
1892,0.62022159324992,0.951229424500714,0.9988977852608689,0.000551411312258922,0
1893,0.6117511309960839,1.0,0.9988891628062683,0.0005557273153287479,1
1894,0.6202196939534691,0.951229424500714,0.998908857543756,0.0005458690927818275,0
1895,0.6117511423098183,1.0,0.9988890953126407,0.0005557610996725951,1
1896,0.6117512441696463,1.0,0.9988884876542342,0.0005560652668689928,1
1897,0.6202206530441996,0.951229424500714,0.9989032663337042,0.0005486677593756468,0
1898,0.6288800317903342,0.9048374180359595,0.998872715225892,0.0005639603187499844,0
1899,0.61175392334386,1.0,0.9988725048815543,0.0005640656096227197,1
1900,0.6117473109794442,1.0,0.9989119520278624,0.0005443201630221951,1
1901,0.6117478515060235,1.0,0.9989087273401434,0.000545934265705354,1
1902,0.6117462872979132,1.0,0.9989180591768747,0.0005412632718061892,1
1903,0.6117475247734924,1.0,0.9989106765678281,0.0005449585880836153,1
1904,0.6117535062020765,1.0,0.9988749933404211,0.000562819977294802,1
1905,0.6117521247123835,1.0,0.9988832346820362,0.0005586946825020683,1
1906,0.6117524027113534,1.0,0.9988815762579428,0.0005595248223084938,1
1907,0.6117493938053865,1.0,0.9988995263356841,0.0005505398150329311,1
1908,0.6117465711408441,1.0,0.9989163658017767,0.0005421108771316938,1
1909,0.6202161164345011,0.951229424500714,0.9989297137951995,0.000535429685042217,0
1910,0.6288757146826545,0.9048374180359595,0.9988973956551933,0.0005516063300862403,0
1911,0.6117478717286671,1.0,0.9989086066956657,0.0005459946538477748,1
1912,0.6117478538981848,1.0,0.9989087130689592,0.0005459414090928684,1
1913,0.6202229730151332,0.951229424500714,0.9988897417864494,0.000555437503388211,0
1914,0.6117476421647031,1.0,0.9989099762322614,0.0005453091378517432,1
1915,0.6202195582790598,0.951229424500714,0.9989096484882942,0.0005454731886815144,0
1916,0.6117464500070696,1.0,0.9989170884717659,0.000541749150288183,1
1917,0.6117471888987153,1.0,0.9989126803424533,0.0005439556092074586,1
1918,0.6202207381591768,0.951229424500714,0.9989027701411815,0.0005489161280929831,0
1919,0.6288749962199728,0.9048374180359595,0.998901503107487,0.0005495503412195795,0
1920,0.6376877153723675,0.8607079764250578,0.9988830474232014,0.0005587884166072585,0
1921,0.6117446076462546,1.0,0.9989280798783686,0.0005362475194426408,1
1922,0.6202225602574043,0.951229424500714,0.9988921479877726,0.0005542330669401857,0
1923,0.6117465589457851,1.0,0.9989164385560422,0.0005420744605379756,1
1924,0.6202224384745391,0.951229424500714,0.9988928579314574,0.0005538777015316336,0
1925,0.6288773382413666,0.9048374180359595,0.9988881138517918,0.0005562523760993956,0
1926,0.6376847274897299,0.8607079764250578,0.9988998558073938,0.0005503748977180513,0
1927,0.611748306440187,1.0,0.9989060132940036,0.0005472927731207416,1
1928,0.6202225042715722,0.951229424500714,0.9988924743619055,0.0005540696989127743,0
1929,0.628875200005877,0.9048374180359595,0.9989003380608218,0.0005501335054960559,0
1930,0.6117525369836355,1.0,0.9988807752478632,0.0005599257759449079,1
1931,0.6202240190582935,0.951229424500714,0.9988836438384543,0.0005584898756137308,0
1932,0.6288752154113944,0.9048374180359595,0.9989002499873535,0.0005501775907109914,0
1933,0.6376831377354011,0.8607079764250578,0.9989087991458635,0.0005458983236239535,0
1934,0.6466211600541478,0.8187307530779818,0.9989087589284349,0.0005459184543052779,0
1935,0.6117509609662503,1.0,0.9988901771432838,0.0005552195830706625,1
1936,0.6202226872553688,0.951229424500714,0.9988914076429843,0.0005546036500227321,0
1937,0.6288769706246293,0.9048374180359595,0.9988902154879266,0.0005552003894480842,0
1938,0.6117484431893715,1.0,0.9989051974779067,0.0005477011280706665,1
1939,0.611746530971385,1.0,0.9989166054480038,0.0005419909240472172,1
1940,0.611745354678064,1.0,0.9989236231126049,0.0005384782985125422,1
1941,0.611753109217243,1.0,0.9988773615616491,0.0005616345344533752,1
1942,0.6202203334677497,0.951229424500714,0.9989051293631857,0.0005477352227593258,0
1943,0.6117521737795666,1.0,0.9988829419677072,0.0005588412033173599,1
1944,0.6202269199791571,0.951229424500714,0.9988667330886265,0.000566954771940869,0
1945,0.6117503682684491,1.0,0.9988937129778916,0.0005534497046441754,1
1946,0.6202252267492638,0.951229424500714,0.9988766036244511,0.0005620139291192103,0
1947,0.6288785338236828,0.9048374180359595,0.9988812788426527,0.0005596736964801293,0
1948,0.6376842227849304,0.8607079764250578,0.9989026950687703,0.000548953705531064,0
1949,0.6466250403355267,0.8187307530779818,0.998887209862053,0.0005567048742997773,0
1950,0.611749847302159,1.0,0.9988968209020539,0.000551894023951126,1
1951,0.6117466061664172,1.0,0.9989161568434327,0.0005422154696546106,1
1952,0.6117489640397121,1.0,0.9989020902064202,0.0005492564690215762,1
1953,0.6117467125163916,1.0,0.998915522372717,0.0005425330493197717,1
1954,0.6117495597680633,1.0,0.9988985362479655,0.0005510354045207501,1
1955,0.6202215106967709,0.951229424500714,0.9988982665153424,0.0005511704195646828,0
1956,0.6288753791717415,0.9048374180359595,0.998899313768766,0.0005506462155943078,0
1957,0.6376852774653236,0.8607079764250578,0.9988967618830211,0.0005519235660586615,0
1958,0.6117483187238748,1.0,0.998905940012135,0.0005473294541850136,1
1959,0.6202209930140702,0.951229424500714,0.9989012844224757,0.0005496598039816958,0
1960,0.6288788956934478,0.9048374180359595,0.9988792100865554,0.0005607092340776764,0
1961,0.6376847041626236,0.8607079764250578,0.9988999870358592,0.0005503092112250657,0
1962,0.6466237154225075,0.8187307530779818,0.9988945676763505,0.0005530218823032167,0
1963,0.6117507808839975,1.0,0.9988912514511097,0.0005546818326388142,1
1964,0.6202193648394343,0.951229424500714,0.9989107761897195,0.0005449087228209669,0
1965,0.6288735369939992,0.9048374180359595,0.9989098455751824,0.0005453745376829196,0
1966,0.6376871384733969,0.8607079764250578,0.9988862927496804,0.0005571639415420878,0
1967,0.6117484959878653,1.0,0.9989048824937643,0.0005478587927784227,1
1968,0.6117510909152891,1.0,0.9988894019137783,0.000555607628635621,1
1969,0.6117525545875028,1.0,0.9988806702309139,0.0005599783432569944,1
1970,0.6117482835138583,1.0,0.9989061500676262,0.00054722431141799,1
1971,0.6202185386112405,0.951229424500714,0.9989155929001559,0.0005424977473173335,0
1972,0.6288779906976749,0.9048374180359595,0.9988843838248692,0.0005581194690376507,0
1973,0.6376814968963097,0.8607079764250578,0.9989180299755996,0.0005412778882580564,0
1974,0.611749200409096,1.0,0.9989006800866581,0.0005499623043437506,1
1975,0.6117470454914338,1.0,0.998913535888947,0.0005435273705114273,1
1976,0.6202189514029118,0.951229424500714,0.998913186420463,0.0005437022948330063,0
1977,0.6117460489914925,1.0,0.9989194808895808,0.000540551646021983,1
1978,0.6202208431894152,0.951229424500714,0.9989021578496733,0.0005492226102222413,0
1979,0.6288788407875334,0.9048374180359595,0.998879523975199,0.0005605521136816287,0
1980,0.6376864771680812,0.8607079764250578,0.9988900129180478,0.0005553017869270957,0
1981,0.6466219562760986,0.8187307530779818,0.9989043370789741,0.0005481317992221213,0
1982,0.65566320805279,0.7788007830714049,0.9988975983841003,0.00055150485375482,0
1983,0.6647697652441799,0.7408182206817179,0.9989485770485186,0.0005259880421722815,0
1984,0.6117483588838168,1.0,0.9989057004265176,0.0005474493782121483,1
1985,0.6202191952114404,0.951229424500714,0.9989117650771765,0.0005444137401903308,0
1986,0.611750204753076,1.0,0.9988946884586013,0.0005529614243493582,1
1987,0.6117566110798729,1.0,0.9988564714179569,0.0005720914548639821,1
1988,0.6202237132121625,0.951229424500714,0.998885426774504,0.0005575974120772678,0
1989,0.6288734473022036,0.9048374180359595,0.9989103583507342,0.0005451178701656079,0
1990,0.6117516474178246,1.0,0.9988860820288127,0.0005572694194585874,1
1991,0.6202206924500742,0.951229424500714,0.9989030366102797,0.0005487827472121675,0
1992,0.6288749727893765,0.9048374180359595,0.9989016370606286,0.0005494832909988314,0
1993,0.6117516902760938,1.0,0.9988858263531729,0.0005573973998545275,1
1994,0.620220936142224,0.951229424500714,0.9989016159660261,0.0005494938498976521,0
1995,0.611752768197011,1.0,0.9988793959316085,0.0005606162072963447,1
1996,0.6117533126863028,1.0,0.9988761477617164,0.0005622421168838885,1
1997,0.6117493765274304,1.0,0.9988996294113064,0.0005504882204459331,1
1998,0.6202200770638702,0.951229424500714,0.9989066241201721,0.0005469870256462298,0
1999,0.6288736406700257,0.9048374180359595,0.9989092528510485,0.0005456712232709257,0
2000,0.6117482501220192,1.0,0.9989063492763185,0.00054712459801025,1
2001,0.6202235977968844,0.951229424500714,0.9988860995913212,0.0005572606284119158,0
2002,0.6288775786817431,0.9048374180359595,0.9988867392762075,0.000556940429401343,0
2003,0.6117529417771186,1.0,0.9988783604316939,0.0005611345383659099,1
2004,0.6117504215714447,1.0,0.9988933949894818,0.0005536088749624595,1
2005,0.6117448573245389,1.0,0.9989265903031038,0.0005369931068404872,1
2006,0.6117453956818162,1.0,0.9989233784865099,0.0005386007433717999,1
2007,0.6117478419989696,1.0,0.9989087840574415,0.0005459058760762682,1
2008,0.6117478942424959,1.0,0.9989084723824351,0.0005460618838419632,1
2009,0.6117529305054963,1.0,0.9988784276730132,0.0005611008799547905,1
2010,0.6117510697138272,1.0,0.998889528394058,0.0005555443181873008,1
2011,0.611748338833048,1.0,0.9989058200451015,0.0005473895034028149,1
2012,0.6117507423460575,1.0,0.9988914813552248,0.0005545667530001366,1
2013,0.6117472379521551,1.0,0.9989123876971852,0.000544102091135656,1
2014,0.611750468980244,1.0,0.9988931121640653,0.0005537504443521354,1
2015,0.6202224989552683,0.951229424500714,0.9988925053537557,0.0005540541858067595,0
2016,0.6288780017307465,0.9048374180359595,0.9988843207500742,0.0005581510416590918,0
2017,0.6117486502845395,1.0,0.9989039619947673,0.0005483195470690919,1
2018,0.6117511548817669,1.0,0.9988890203129721,0.0005557986412133453,1
2019,0.6117524906282147,1.0,0.9988810517840493,0.0005597873529445694,1
2020,0.6202188428147046,0.951229424500714,0.9989138194637218,0.0005433854289297597,0
2021,0.6288778758527487,0.9048374180359595,0.998885040380363,0.0005577908247577674,0
2022,0.6117512131208536,1.0,0.9988886728798952,0.0005559725509922318,1
2023,0.6202252822649021,0.951229424500714,0.998876279998681,0.0005621759240149203,0
2024,0.628874315812001,0.9048374180359595,0.9989053930220546,0.0005476032488478867,0
2025,0.6117525545086301,1.0,0.9988806707014337,0.0005599781077334579,1
2026,0.6202200379984738,0.951229424500714,0.9989068518598847,0.0005468730311640945,0
2027,0.6288739224232447,0.9048374180359595,0.9989076420477757,0.0005464775050061848,0
2028,0.6117560207089632,1.0,0.9988599931930199,0.0005703285545097903,1
2029,0.6202203870230214,0.951229424500714,0.9989048171525696,0.0005478914991941722,0
2030,0.6288777276178064,0.9048374180359595,0.9988858878236775,0.0005573666303205691,0
2031,0.6376884245034191,0.8607079764250578,0.9988790582480623,0.0005607852385150268,0
2032,0.6117486304985434,1.0,0.9989040800334655,0.0005482604629650199,1
2033,0.6117454063962979,1.0,0.9989233145645254,0.0005386327388120283,1
2034,0.611746273196746,1.0,0.9989181433029689,0.0005412211632018193,1
2035,0.6202167045141511,0.951229424500714,0.9989262853606731,0.0005371457419190974,0
2036,0.6288693447373978,0.9048374180359595,0.998933813440865,0.0005333776701724885,0
2037,0.6117495345963588,1.0,0.9988986864153417,0.000550960238045103,1
2038,0.6202220807452437,0.951229424500714,0.9988949433493041,0.0005528338379915345,0
2039,0.628877206863952,0.9048374180359595,0.9988888649255077,0.0005558764213638083,0
2040,0.611749402314039,1.0,0.9988994755753662,0.0005505652231535119,1
2041,0.6117471746817152,1.0,0.99891276515891,0.0005439131548194265,1
2042,0.6202219506201094,0.951229424500714,0.9988957019280144,0.0005524541291806633,0
2043,0.6117492230719359,1.0,0.9989005448860627,0.0005500299790421835,1
2044,0.611747260131388,1.0,0.9989122553793395,0.0005441683220964937,1
2045,0.6202236087704125,0.951229424500714,0.9988860356207835,0.0005572926493499589,0
2046,0.6117494451661973,1.0,0.9988992199310451,0.0005506931861567634,1
2047,0.6202295758176255,0.951229424500714,0.9988512513901773,0.0005747044636239767,0
2048,0.6288798932304259,0.9048374180359595,0.9988735073447915,0.00056356381248181,0
2049,0.6117491938505821,1.0,0.998900719213047,0.0005499427196198099,1
2050,0.6117584667022402,1.0,0.9988454020834805,0.0005776324891009967,1
2051,0.6117447122825393,1.0,0.9989274556201433,0.0005365599835894588,1
2052,0.6202261332670438,0.951229424500714,0.9988713191409124,0.0005646591495088833,0
2053,0.6288802351534966,0.9048374180359595,0.9988715526414726,0.000564542267319705,0
2054,0.6117508886329588,1.0,0.9988906086582299,0.0005550035859256235,1
2055,0.6202193676582209,0.951229424500714,0.998910759756932,0.0005449169481740197,0
2056,0.6288743768908843,0.9048374180359595,0.9989050438312476,0.0005477780356047273,0
2057,0.6117488564321515,1.0,0.9989027321668077,0.0005489351361364428,1
2058,0.6202209514515575,0.951229424500714,0.998901526717795,0.0005495385230835727,0
2059,0.6117510086563427,1.0,0.9988898926411381,0.0005553619922126215,1
2060,0.6117509186727792,1.0,0.998890429451205,0.0005550932889618434,1
2061,0.6117493302420618,1.0,0.9988999055373998,0.00055035000533049,1
2062,0.6117503618723312,1.0,0.9988937511350698,0.0005534306049256532,1
2063,0.6202206849622453,0.951229424500714,0.9989030802618798,0.0005487608974441904,0
2064,0.6117460629859687,1.0,0.9989193973998266,0.0005405934360557836,1
2065,0.6117511983451211,1.0,0.9988887610264898,0.0005559284286625417,1
2066,0.6117474236312055,1.0,0.9989112799657276,0.0005446565602189398,1
2067,0.6117552202578488,1.0,0.9988647682018653,0.0005679383309225586,1
2068,0.6117514061437341,1.0,0.9988875213773236,0.0005565489431701722,1
2069,0.611750197813641,1.0,0.9988947298570944,0.0005529407021988037,1
2070,0.6117503528216988,1.0,0.9988938051282304,0.0005534035784480534,1
2071,0.6117476627185569,1.0,0.9989098536116169,0.000545370515080435,1
2072,0.6117529977612955,1.0,0.9988780264559195,0.0005613017137915723,1
2073,0.6117473128119525,1.0,0.9989119410954094,0.0005443256352027327,1
2074,0.6117509998742245,1.0,0.998889945032125,0.0005553357676077335,1
2075,0.611753166844325,1.0,0.9988770177855786,0.0005618066157032773,1
2076,0.6202173961342089,0.951229424500714,0.9989222533193255,0.0005391639336235819,0
2077,0.6288783997146893,0.9048374180359595,0.9988820455254723,0.0005592899258850984,0
2078,0.6117525853123228,1.0,0.998880486940155,0.0005600700913412027,1
2079,0.62021795035777,0.951229424500714,0.998919022295716,0.0005407811910347753,0
2080,0.628876520370663,0.9048374180359595,0.998892789562804,0.0005539119237483512,0
2081,0.6117494937139765,1.0,0.9988989303083183,0.0005508381571223455,1
2082,0.6202188692708098,0.951229424500714,0.9989136652309076,0.000543462629196197,0
2083,0.6288788587654511,0.9048374180359595,0.9988794211982017,0.0005606035598270615,0
2084,0.6117490602320101,1.0,0.9989015163472202,0.0005495437140731183,1
2085,0.6202210239213617,0.951229424500714,0.998901104243528,0.000549749992555312,0
2086,0.6117492733001642,1.0,0.9989002452376439,0.0005501799681803838,1
2087,0.6202193085269854,0.951229424500714,0.9989111044766188,0.0005447444004144385,0
2088,0.6288704976919585,0.9048374180359595,0.9989272217198572,0.0005366770593150994,0
2089,0.6117484606161403,1.0,0.99890509351364,0.0005477531671792713,1
2090,0.6117536795585378,1.0,0.998873959181507,0.0005633376393928192,1
2091,0.6202195524217489,0.951229424500714,0.9989096826348286,0.0005454560967784473,0
2092,0.6117553876297085,1.0,0.998863769759412,0.0005684381197748965,1
2093,0.6202157539111132,0.951229424500714,0.9989318272718584,0.0005343718156075822,0
2094,0.6117486261700247,1.0,0.998904105856415,0.0005482475373250042,1
2095,0.6117494368253895,1.0,0.9988992696900281,0.0005506682792488929,1
2096,0.6117519426701424,1.0,0.9988843206711677,0.0005581510811563639,1
2097,0.6117528359002674,1.0,0.9988789920446053,0.0005608183773913666,1
2098,0.6202229916871681,0.951229424500714,0.998889632936654,0.0005554919887817154,0
2099,0.6288742734816606,0.9048374180359595,0.9989056350266702,0.0005474821139596273,0
2100,0.6117492482183723,1.0,0.9989003948690103,0.0005501050701333012,1
2101,0.6117548725973505,1.0,0.9988668421454847,0.0005669001816493476,1
2102,0.6202250598539218,0.951229424500714,0.9988775765338022,0.0005615269275848061,0
2103,0.6117542495568943,1.0,0.9988705588645176,0.0005650397173906316,1
2104,0.6202210961552475,0.951229424500714,0.9989006831448379,0.0005499607735710609,0
2105,0.6117498341596588,1.0,0.9988968993063426,0.0005518547785135444,1
2106,0.6202188847889563,0.951229424500714,0.998913574763813,0.0005435079119377939,0
2107,0.6117531763152949,1.0,0.9988769612862429,0.000561834897131406,1
2108,0.6117519540129449,1.0,0.9988842530046221,0.0005581849522195538,1
2109,0.6202219141619931,0.951229424500714,0.9988959144647408,0.0005523477433470716,0
2110,0.6288730023417877,0.9048374180359595,0.9989129022321965,0.0005438445435843118,0
2111,0.637687022201646,0.8607079764250578,0.9988869468342969,0.0005568365347055654,0
2112,0.6117432714958635,1.0,0.998936051379381,0.000532257507865881,1
2113,0.6202193804120424,0.951229424500714,0.9989106854055005,0.0005449541644285838,0
2114,0.6288738252785613,0.9048374180359595,0.9989081974304705,0.0005461995100659652,0
2115,0.6376808641963914,0.8607079764250578,0.9989215893699795,0.000539496266577619,0
2116,0.611753597783655,1.0,0.9988744470098154,0.0005630934503313053,1
2117,0.6117500503154513,1.0,0.998895609785661,0.0005525002512920087,1
2118,0.6202232452634965,0.951229424500714,0.9988881546992556,0.0005562319296337924,0
2119,0.6288774261272008,0.9048374180359595,0.99888761141624,0.0005565038735750364,0
2120,0.6376861079525072,0.8607079764250578,0.9988920899454163,0.0005542621203059946,0
2121,0.6466228665585257,0.8187307530779818,0.998899281819657,0.0005506622077513844,0
2122,0.6117494049498172,1.0,0.9988994598510272,0.0005505730939850662,1
2123,0.61174541718056,1.0,0.9989232502262416,0.0005386649426283356,1
2124,0.611750572182833,1.0,0.9988924964915328,0.0005540586218311694,1
2125,0.6117454889175954,1.0,0.9989228222473931,0.000538879162759912,1
2126,0.6117499028100976,1.0,0.9988964897581272,0.0005520597787992389,1
2127,0.6117465656130706,1.0,0.9989163987798115,0.0005420943702270664,1
2128,0.6117493833089083,1.0,0.9988995889548379,0.0005505084709636811,1
2129,0.6117449726264501,1.0,0.9989259024155083,0.0005373374203461226,1
2130,0.611749646156635,1.0,0.998898020878071,0.0005512933736781661,1
2131,0.620221431915434,0.951229424500714,0.9988987257818469,0.0005509405330916164,0
2132,0.6288767292018803,0.9048374180359595,0.9988915956861616,0.0005545095240956594,0
2133,0.6376825994572701,0.8607079764250578,0.9989118273123109,0.0005443825887240216,0
2134,0.6117464132585072,1.0,0.998917307709564,0.0005416394125649437,1
2135,0.6202217504764074,0.951229424500714,0.9988968686892321,0.0005518701039745777,0
2136,0.6288761007403363,0.9048374180359595,0.9988951885722701,0.0005527110908810705,0
2137,0.6376920520869336,0.8607079764250578,0.9988586518111308,0.0005710000113701002,0
2138,0.6466211169529972,0.8187307530779818,0.9989089982930305,0.0005457986412769563,0
2139,0.655663571115138,0.7788007830714049,0.9988956018483541,0.000552504224333248,0
2140,0.6647764393620593,0.7408182206817179,0.9989121264520003,0.0005442328559665811,0
2141,0.6117492838475936,1.0,0.998900182314467,0.0005502114644079912,1
2142,0.6117520554955207,1.0,0.9988836476011607,0.000558487992157904,1
2143,0.6202232842431215,0.951229424500714,0.9988879274656268,0.0005563456729260537,0
2144,0.6288724491491102,0.9048374180359595,0.9989160649001473,0.000542261491179543,0
2145,0.637685409659466,0.8607079764250578,0.998896018217901,0.0005522958094301846,0
2146,0.6117485951559875,1.0,0.9989042908790714,0.000548154924511527,1
2147,0.6202181800123812,0.951229424500714,0.9989176834550328,0.0005414513362370547,0
2148,0.6288766046630699,0.9048374180359595,0.9988923076674932,0.000554153138537481,0
2149,0.6376895249265335,0.8607079764250578,0.9988728679230511,0.0005638838840125768,0
2150,0.6117486577160944,1.0,0.9989039176598263,0.0005483417388631019,1
2151,0.6117519017069731,1.0,0.9988845650408309,0.0005580287598684037,1
2152,0.611749043955377,1.0,0.9989016134495096,0.0005494951095395359,1
2153,0.6117456781899631,1.0,0.9989216930611253,0.000539444365036264,1
2154,0.6202208145709951,0.951229424500714,0.9989023246855318,0.0005491391006196015,0
2155,0.6288716897493836,0.9048374180359595,0.9989204065002925,0.000540088340269919,0
2156,0.6376892213821137,0.8607079764250578,0.9988745754782197,0.0005630291437528559,0
2157,0.6466221042584177,0.8187307530779818,0.9989035152560765,0.0005485431615544404,0
2158,0.6117516283596384,1.0,0.9988861957225157,0.000557212509217002,1
2159,0.6202187054901337,0.951229424500714,0.9989146200339226,0.0005429847087352367,0
2160,0.6117440540884177,1.0,0.9989313824043679,0.000534594487254146,1
2161,0.620218378487759,0.951229424500714,0.9989165263851357,0.0005420304983574176,0
2162,0.628880001755791,0.9048374180359595,0.9988728869272133,0.0005638743712093333,0
2163,0.6376845459532626,0.8607079764250578,0.9989008770556079,0.0005498637114934932,0
2164,0.6117529814527481,1.0,0.9988781237451728,0.0005612530145279834,1
2165,0.6117458269271692,1.0,0.9989208057062582,0.0005398885216039903,1
2166,0.6202174002125497,0.951229424500714,0.9989222295432781,0.0005391758344734715,0
2167,0.6288769429738787,0.9048374180359595,0.9988903735653477,0.0005551212629303829,0
2168,0.6376862968781271,0.8607079764250578,0.9988910271410072,0.0005547941121924564,0
2169,0.6466265313687153,0.8187307530779818,0.9988789295902096,0.0005608496396353923,0
2170,0.6556661087192159,0.7788007830714049,0.9988816473028687,0.0005594892600731585,0
2171,0.6117480876261429,1.0,0.9989073186934045,0.0005466393590204363,1
2172,0.6117486563119515,1.0,0.9989039260366188,0.0005483375458710028,1
2173,0.6202185845240117,0.951229424500714,0.9989153252389413,0.000542631723226981,0
2174,0.6288794194843583,0.9048374180359595,0.9988762156614299,0.0005622081288307217,0
2175,0.6117498207960321,1.0,0.9988969790298166,0.0005518148727580998,1
2176,0.620222155991977,0.951229424500714,0.9988945046906108,0.0005530534100258846,0
2177,0.611752002505967,1.0,0.9988839637150557,0.0005583297585909814,1
2178,0.61175044661909,1.0,0.9988932455633941,0.0005536836707812937,1
2179,0.6117558694761762,1.0,0.9988608953540453,0.0005698769593792715,1
2180,0.6202241721494843,0.951229424500714,0.9988827513920432,0.0005589365977195798,0
2181,0.6117489974867033,1.0,0.9989018906699769,0.0005493563469100792,1
2182,0.6202218544933363,0.951229424500714,0.9988962623100861,0.000552173628467002,0
2183,0.6288717250771041,0.9048374180359595,0.9989202045259403,0.000540189436599131,0
2184,0.6376842775604616,0.8607079764250578,0.9989023869236835,0.0005491079473485337,0
2185,0.6117529956145333,1.0,0.9988780392625095,0.0005612953033042216,1
2186,0.6202195574746128,0.951229424500714,0.9989096531780022,0.00054547084126807,0
2187,0.6117465296611353,1.0,0.9989166132647993,0.0005419870114105638,1
2188,0.6117466358683783,1.0,0.9989159796451675,0.0005423041649268042,1
2189,0.6202196524364147,0.951229424500714,0.9989090995766838,0.0005457479441421877,0
2190,0.628875513520382,0.9048374180359595,0.9988985456979167,0.0005510306743350543,0
2191,0.637685894994548,0.8607079764250578,0.9988932879459231,0.0005536624560377132,0
2192,0.6466264940927615,0.8187307530779818,0.9988791365966688,0.0005607460202519182,0
2193,0.6556603387475821,0.7788007830714049,0.9989133772990079,0.0005436067517321843,0
2194,0.664777867284201,0.7408182206817179,0.9989043280679788,0.0005481363096617251,0
2195,0.6117515055134262,1.0,0.9988869285755491,0.0005568456742523817,1
2196,0.6202156443347154,0.951229424500714,0.998932466093025,0.0005340520635760111,0
2197,0.6117505386283612,1.0,0.9988926966663583,0.000553958423458399,1
2198,0.6202212463717015,0.951229424500714,0.9988998074354288,0.0005503991103385057,0
2199,0.611748445711811,1.0,0.9989051824295868,0.0005477086604771962,1
2200,0.6202222401805277,0.951229424500714,0.9988940139049857,0.000553299074479603,0
2201,0.6288721712626095,0.9048374180359595,0.9989176536152543,0.0005414662722920409,0
2202,0.6376878389809135,0.8607079764250578,0.998882352069097,0.0005591364825535992,0
2203,0.6466268754663203,0.8187307530779818,0.9988770186978827,0.0005618061590383924,0
2204,0.6556647344271581,0.7788007830714049,0.9988892046478216,0.0005557063712871036,0
2205,0.6647763394709181,0.7408182206817179,0.9989126719951137,0.000543959787420366,0
2206,0.6117471339511155,1.0,0.9989130081515243,0.0005437915262882847,1
2207,0.6117469640218025,1.0,0.998914021925129,0.0005432840881620516,1
2208,0.6202191629998292,0.951229424500714,0.9989119528627199,0.0005443197451387254,0
2209,0.6288759047146464,0.9048374180359595,0.9988963092458222,0.0005521501346685256,0
2210,0.6376878944009221,0.8607079764250578,0.9988820403066291,0.0005592925382272012,0
2211,0.6466249680529204,0.8187307530779818,0.9988876112768738,0.0005565039433357426,0
2212,0.6556613416276895,0.7788007830714049,0.9989078622165752,0.0005463673002354507,0
2213,0.664780661631267,0.7408182206817179,0.9988890673533447,0.0005557750948681021,0
2214,0.6117485993866844,1.0,0.9989042656396978,0.0005481675580411582,1
2215,0.6202252736881191,0.951229424500714,0.9988763299966192,0.0005621508969230223,0
2216,0.6117541667808216,1.0,0.998871052662911,0.0005647925390816162,1
2217,0.6202238506075056,0.951229424500714,0.9988846258250815,0.0005579983338056901,0
2218,0.6117504907698117,1.0,0.9988929821746602,0.0005538155110804666,1
2219,0.6117494793647786,1.0,0.9988990159116813,0.0005507953082631143,1
2220,0.6117516460893134,1.0,0.9988860899541916,0.0005572654523501473,1
2221,0.6202191204731783,0.951229424500714,0.998912200782412,0.000544195650287015,0
2222,0.6288774751283799,0.9048374180359595,0.9988873312809753,0.0005566440972102345,0
2223,0.6376883748292006,0.8607079764250578,0.9988793376867956,0.0005606453623749211,0
2224,0.611745388955723,1.0,0.9989234186140004,0.0005385806580026505,1
2225,0.611747349387765,1.0,0.9989117228899749,0.0005444348567714215,1
2226,0.6202246501653144,0.951229424500714,0.9988799648019716,0.0005603314530990583,0
2227,0.6288791080349999,0.9048374180359595,0.9988779961639108,0.0005613168768086222,0
2228,0.611747643444941,1.0,0.9989099685945884,0.0005453129608554735,1
2229,0.6202225319970294,0.951229424500714,0.9988923127339946,0.0005541506024775656,0
2230,0.6288688582687603,0.9048374180359595,0.9989365947178058,0.0005319855493775088,0
2231,0.6117535431371797,1.0,0.9988747730037273,0.0005629302697335802,1
2232,0.6202252667972364,0.951229424500714,0.9988763701666865,0.0005621307892954466,0
2233,0.6288716412906528,0.9048374180359595,0.9989206835468656,0.0005399496672920783,0
2234,0.6376862736056501,0.8607079764250578,0.9988911580606588,0.0005547285796972064,0
2235,0.6466200498640972,0.8187307530779818,0.9989149244519885,0.000542832334341399,0
2236,0.6117566413206109,1.0,0.9988562910215661,0.0005721817563297719,1
2237,0.6202195504738085,0.951229424500714,0.998909693990793,0.0005454504125987273,0
2238,0.6288720050669303,0.9048374180359595,0.9989186037803053,0.0005409906752317621,0
2239,0.6117459946252738,1.0,0.9989198052335283,0.0005403892986551616,1
2240,0.6202310059078446,0.951229424500714,0.9988429150965425,0.0005788774215144082,0
2241,0.6288794694732698,0.9048374180359595,0.9988759298838107,0.0005623511784176445,0
2242,0.6376868423064304,0.8607079764250578,0.998887958832643,0.0005563299719575513,0
2243,0.6117514556332583,1.0,0.9988872261415864,0.0005566967254652409,1
2244,0.6202172339885927,0.951229424500714,0.9989231986019004,0.0005386907826228624,0
2245,0.6288751015778299,0.9048374180359595,0.9989009007750173,0.0005498518387393492,0
2246,0.6117491619308482,1.0,0.998900909637917,0.0005498474024135289,1
2247,0.6202264002782022,0.951229424500714,0.9988697626251818,0.0005654382873785424,0
2248,0.6288820052560606,0.9048374180359595,0.998861433414944,0.0005696076221991196,0
2249,0.6376867044252649,0.8607079764250578,0.9988887344823565,0.0005559417154942384,0
2250,0.6466257038369227,0.8187307530779818,0.9988835251771827,0.0005585492725611948,0
2251,0.6117542361632075,1.0,0.9988706387641647,0.0005649997223966722,1
2252,0.6202237309285518,0.951229424500714,0.9988853234963395,0.0005576491087819532,0
2253,0.6288768183205824,0.9048374180359595,0.998891086200007,0.0005547645499096506,0
2254,0.6376874516707325,0.8607079764250578,0.998884530866523,0.0005580458661035295,0
2255,0.6117498429857381,1.0,0.9988968466525494,0.0005518811344841458,1
2256,0.6117508008622068,1.0,0.9988911322680046,0.0005547414903402934,1
2257,0.6117499070633305,1.0,0.9988964643846056,0.0005520724795756512,1
2258,0.6117542259279819,1.0,0.9988706998221096,0.000564969158907918,1
2259,0.6117488519730485,1.0,0.9989027587687389,0.0005489218205602699,1
2260,0.611747883026623,1.0,0.9989085392942008,0.0005460283914022903,1
2261,0.6117556745496914,1.0,0.9988620581663774,0.0005692948905143008,1
2262,0.6117457056344469,1.0,0.9989215293293318,0.0005395263193115948,1
2263,0.6117537436829401,1.0,0.9988735766474425,0.0005635291220790051,1
2264,0.6117531851239966,1.0,0.9988769087376914,0.0005618612009480736,1
2265,0.6117501154164767,1.0,0.9988952214129412,0.0005526946523843684,1
2266,0.6202271007693706,0.951229424500714,0.9988656791960757,0.0005674823163428183,0
2267,0.6288746573704864,0.9048374180359595,0.998903440318486,0.0005485806714801154,0
2268,0.6376871114243927,0.8607079764250578,0.9988864449133109,0.0005570877749053421,0
2269,0.6466212494831611,0.8187307530779818,0.9989082622797464,0.0005461670499890938,0
2270,0.6556637246693364,0.7788007830714049,0.9988947574315775,0.0005529268997019288,0
2271,0.664779317779574,0.7408182206817179,0.9988964064728062,0.0005521014674653049,0
2272,0.6739472322719167,0.7046880897187134,0.9988874259037197,0.0005565967331397268,0
2273,0.6831378404576901,0.6703200460356393,0.998894989051606,0.0005528109615613177,0
2274,0.6923338616431347,0.6376281516217733,0.9988845602370874,0.000558031164422253,0
2275,0.7015056536677382,0.6065306597126334,0.9988949939812716,0.0005528084940018767,0
2276,0.6117457328863692,1.0,0.9989213667463859,0.0005396076985562658,1
2277,0.6202172770164504,0.951229424500714,0.9989229477563628,0.0005388163406083951,0
2278,0.6288751081119787,0.9048374180359595,0.9989008634192058,0.0005498705371969046,0
2279,0.6117462817374475,1.0,0.9989180923500327,0.0005412466672623567,1
2280,0.6202230939094994,0.951229424500714,0.9988890370254776,0.0005557902756667159,0
2281,0.6117558108509966,1.0,0.9988612450758406,0.0005697018991002334,1
2282,0.620218676317499,0.951229424500714,0.9989147901036923,0.0005428995814622127,0
2283,0.6288799236132947,0.9048374180359595,0.9988733336520188,0.0005636507568178453,0
2284,0.6376891526361481,0.8607079764250578,0.9988749622014796,0.0005628355643012197,0
2285,0.6466200771571147,0.8187307530779818,0.9989147728776125,0.0005429082038593035,0
2286,0.6117516500352922,1.0,0.998886066414024,0.0005572772355595343,1
2287,0.6202191840145692,0.951229424500714,0.9989118303520964,0.0005443810671755651,0
2288,0.6117453989250103,1.0,0.9989233591377984,0.0005386104281544672,1
2289,0.6117489334196001,1.0,0.9989022728784559,0.0005491650326231369,1
2290,0.6202236282155087,0.951229424500714,0.9988859222649785,0.0005573493904632076,0
2291,0.6288757189525395,0.9048374180359595,0.9988973712443223,0.0005516185489945367,0
2292,0.637687477079041,0.8607079764250578,0.9988843879329448,0.0005581174127058027,0
2293,0.6466235304784985,0.8187307530779818,0.9988955947556083,0.0005525077746271185,0
2294,0.6556612269086891,0.7788007830714049,0.9989084930825524,0.0005460515224736903,0
2295,0.664778714406778,0.7408182206817179,0.9988997016661795,0.0005504520532133466,0
2296,0.6739483666695556,0.7046880897187134,0.9988812562870052,0.0005596849869348282,0
2297,0.6831386120843568,0.6703200460356393,0.9988907986585819,0.000554908480249259,0
2298,0.6923299053715037,0.6376281516217733,0.9989060670508825,0.0005472658652452098,0
2299,0.7015005078688369,0.6065306597126334,0.9989230629916692,0.0005387586608343876,0
2300,0.611746159439113,1.0,0.9989188219695447,0.0005408814625217519,1
2301,0.6202227814235977,0.951229424500714,0.9988908586822702,0.0005548784350797885,0
2302,0.6117479320721996,1.0,0.9989082466976614,0.0005461748495467361,1
2303,0.6117534141700075,1.0,0.9988755423588812,0.0005625451589677501,1
2304,0.620218228337165,0.951229424500714,0.9989174017314849,0.0005415923506531181,0
2305,0.6117470387611429,1.0,0.9989135760408876,0.000543507272706008,1
2306,0.6202220987836692,0.951229424500714,0.9988948381923929,0.0005528864746163272,0
2307,0.6288773501288514,0.9048374180359595,0.9988880458920717,0.0005562863937843997,0
2308,0.6117524726637857,1.0,0.9988811589520132,0.0005597337089406495,1
2309,0.6202204472461658,0.951229424500714,0.9989044660704904,0.0005480672327250098,0
2310,0.6288803783660105,0.9048374180359595,0.9988707339267568,0.0005649520873056217,0
2311,0.6376832349429852,0.8607079764250578,0.9989082522909042,0.0005461720498687909,0
2312,0.6466240510957181,0.8187307530779818,0.9988927035317282,0.000553954986968168,0
2313,0.6556637932771899,0.7788007830714049,0.9988943801473238,0.0005531157505904663,0
2314,0.6647838663867595,0.7408182206817179,0.9988715656015483,0.0005645357799612606,0
2315,0.6117471216782212,1.0,0.9989130813697777,0.0005437548773257643,1
2316,0.6202233901761284,0.951229424500714,0.9988873099243584,0.0005566547874134202,0
2317,0.6288784911259155,0.9048374180359595,0.9988815229398759,0.0005595515111921358,0
2318,0.6117503836791358,1.0,0.9988936210427102,0.0005534957231466551,1
2319,0.6117480409382061,1.0,0.9989075972243248,0.0005464999412405524,1
2320,0.6202264040060456,0.951229424500714,0.9988697408941039,0.0005654491652121737,0
2321,0.6288695779468505,0.9048374180359595,0.9989324801210729,0.0005340450420563764,0
2322,0.6376813927968958,0.8607079764250578,0.998918615608925,0.0005409847545192925,0
2323,0.6117497349368703,1.0,0.9988974912405989,0.0005515584846311302,1
2324,0.6117513404404649,1.0,0.9988879133383188,0.0005563527444440985,1
2325,0.6117497259591353,1.0,0.9988975447991774,0.0005515316757856601,1
2326,0.6117551163798396,1.0,0.9988653878779588,0.0005676281408343228,1
2327,0.6117453111485935,1.0,0.9989238828070932,0.000538348311370077,1
2328,0.6117471106207268,1.0,0.998913147337144,0.0005437218577541362,1
2329,0.611750191624234,1.0,0.9988947667811577,0.0005529222197393452,1
2330,0.6117471275317304,1.0,0.9989130464486151,0.0005437723569062618,1
2331,0.6117528109373193,1.0,0.9988791409622337,0.0005607438350201061,1
2332,0.6117461505448416,1.0,0.9989188750319011,0.0005408549026283007,1
2333,0.6117538846022776,1.0,0.9988727359940317,0.0005639499229612246,1
2334,0.6202203794845601,0.951229424500714,0.9989048610994509,0.00054786950166275,0
2335,0.6117567350190374,1.0,0.9988557320785745,0.0005724615479039582,1
2336,0.620224086099518,0.951229424500714,0.9988832530209207,0.0005586855028083564,0
2337,0.6288743155939343,0.9048374180359595,0.9989053942687526,0.0005476026248158394,0
2338,0.6376814312900623,0.8607079764250578,0.9989183990574041,0.000541093147505968,0
2339,0.6117483100238752,1.0,0.998905991914481,0.0005473034745894518,1
2340,0.6202181525674969,0.951229424500714,0.998917843453112,0.000541371250525806,0
2341,0.6117527745970431,1.0,0.9988793577519008,0.0005606353185666732,1
2342,0.6117537126623775,1.0,0.998873761700553,0.0005634364911907494,1
2343,0.6117503523565394,1.0,0.9988938079032214,0.0005534021894160639,1
2344,0.611752934509296,1.0,0.9988784037881833,0.000561112835779206,1
2345,0.6117502824363102,1.0,0.9988942250249547,0.0005531933976290869,1
2346,0.6117463840295195,1.0,0.9989174820864747,0.0005415521296165939,1
2347,0.611744809722852,1.0,0.9989268742934856,0.0005368509590869705,1
2348,0.6117552906277655,1.0,0.9988643484159893,0.0005681484624526856,1
2349,0.6117542284360246,1.0,0.9988706848604524,0.0005649766481942795,1
2350,0.6117519894098407,1.0,0.9988840418411844,0.0005582906518836572,1
2351,0.6117518128067129,1.0,0.9988850953840539,0.0005577632922153799,1
2352,0.6202228345137505,0.951229424500714,0.9988905491894534,0.0005550333533384495,0
2353,0.6288709775777528,0.9048374180359595,0.9989244781136998,0.0005380503375006721,0
2354,0.6117553052340927,1.0,0.9988642612831939,0.0005681920783847465,1
2355,0.6202203727713852,0.951229424500714,0.9989049002351724,0.0005478499123493131,0
2356,0.6117487939899648,1.0,0.9989031046819042,0.0005487486740240091,1
2357,0.6202225118789986,0.951229424500714,0.9988924300137626,0.0005540918975703514,0
2358,0.6288694900915566,0.9048374180359595,0.998932982412617,0.0005337936279579496,0
2359,0.637690074104283,0.8607079764250578,0.9988697785946384,0.0005654302936154438,0
2360,0.6117588501517873,1.0,0.9988431147168014,0.0005787774957724121,1
2361,0.6202189171908524,0.951229424500714,0.9989133858685195,0.0005436024623153951,0
2362,0.6288818188281537,0.9048374180359595,0.9988624991693638,0.0005690741378661192,0
2363,0.6117453518899845,1.0,0.9989236397461355,0.0005384699727856243,1
2364,0.6117461213369073,1.0,0.9989190492836195,0.0005407676824807886,1
2365,0.6202277636369402,0.951229424500714,0.9988618151111276,0.0005694165566028829,0
2366,0.6288781015861828,0.9048374180359595,0.9988837498883285,0.0005584367914185645,0
2367,0.6376855594567299,0.8607079764250578,0.9988951755263558,0.0005527176210528874,0
2368,0.6117541009963451,1.0,0.9988714450986641,0.0005645960994736055,1
2369,0.6117494318102485,1.0,0.9988992996089919,0.0005506533032826934,1
2370,0.6117485077859531,1.0,0.9989048121090004,0.0005478940237436496,1
2371,0.620221076030135,0.951229424500714,0.9989008004672908,0.0005499020477898354,0
2372,0.6117580001639671,1.0,0.9988481851045238,0.0005762393720278324,1
2373,0.6117467498900128,1.0,0.9989152994064859,0.0005426446534799682,1
2374,0.6117491311917188,1.0,0.9989010930196566,0.0005497556106647609,1
2375,0.6117396687403357,1.0,0.9989575459687774,0.0005214988821684446,1
2376,0.6117498260105325,1.0,0.9988969479216367,0.000551830444023715,1
2377,0.6117579026094797,1.0,0.9988487670436531,0.0005759480670184952,1
2378,0.6117478616945224,1.0,0.998908666557477,0.000545964690240901,1
2379,0.6117511209554249,1.0,0.9988892227051963,0.0005556973325596616,1
2380,0.6117457615050311,1.0,0.9989211960096158,0.00053969315912925,1
2381,0.6117482003547551,1.0,0.9989066461774638,0.0005469759849288235,1
2382,0.6117521926740781,1.0,0.9988828292509742,0.0005588976247130892,1
2383,0.6202195126417147,0.951229424500714,0.9989099145416813,0.0005453400168015255,0
2384,0.6117506175649194,1.0,0.9988922257571863,0.0005541941391086237,1
2385,0.6202207475073673,0.951229424500714,0.9989027156443046,0.0005489434064628157,0
2386,0.6117432929909229,1.0,0.9989359231386556,0.0005323216965261304,1
2387,0.6202239330248555,0.951229424500714,0.9988841453716187,0.0005582388288368339,0
2388,0.6117522899295949,1.0,0.9988822490656425,0.0005591880419087219,1
2389,0.6117510803093614,1.0,0.998889465184917,0.0005555759578938084,1
2390,0.62022941717863,0.951229424500714,0.9988521761360206,0.0005742415591554587,0
2391,0.6288768427742317,0.9048374180359595,0.9988909464000555,0.0005548345274893817,0
2392,0.6117497628685258,1.0,0.998897324608425,0.0005516418926831856,1
2393,0.6117531029147008,1.0,0.9988773991596629,0.0005616157143186239,1
2394,0.6117476664391902,1.0,0.998909831414981,0.0005453816255104652,1
2395,0.6117544790191177,1.0,0.9988691900158233,0.0005657249160983171,1
2396,0.6117498193508478,1.0,0.998896987651362,0.0005518105572252819,1
2397,0.6117509719873007,1.0,0.9988901113956022,0.000555252493437141,1
2398,0.611750240260894,1.0,0.9988944766301311,0.0005530674557934628,1
2399,0.6117470976157419,1.0,0.9989132249229575,0.0005436830226408652,1
2400,0.6117520471266851,1.0,0.998883697526184,0.0005584630017487939,1
2401,0.6117537006098865,1.0,0.9988738335996807,0.0005634005010947334,1
2402,0.6117497683480234,1.0,0.9988972919193323,0.0005516582552723727,1
2403,0.6117538640129399,1.0,0.9988728588195294,0.0005638884409096723,1
2404,0.6117483104522075,1.0,0.9989059893591419,0.0005473047536583369,1
2405,0.6117539110590305,1.0,0.9988725781665587,0.0005640289257609587,1
2406,0.6117543786522329,1.0,0.9988697887505421,0.0005654252099179112,1
2407,0.6202236155142801,0.951229424500714,0.9988859963071913,0.0005573123280678233,0
2408,0.62888162170579,0.9048374180359595,0.9988636260625758,0.0005685100499274088,0
2409,0.6117502609701049,1.0,0.9988943530855258,0.000553129296466261,1
2410,0.6202199318170887,0.951229424500714,0.9989074708663462,0.0005465631893261638,0
2411,0.6117496029508359,1.0,0.998898278631653,0.0005511643547275401,1
2412,0.6117503391973586,1.0,0.9988938864066674,0.0005533628942265463,1
2413,0.6117494024415623,1.0,0.9988994748145965,0.0005505656039574271,1
2414,0.6117468008699324,1.0,0.9989149952669444,0.000542796888403216,1
2415,0.6202212577618831,0.951229424500714,0.9988997410346966,0.0005504323472727737,0
2416,0.6117448884895962,1.0,0.998926404373277,0.0005370861716592491,1
2417,0.6202166084927121,0.951229424500714,0.9989268451531146,0.0005368655449251282,0
2418,0.6117501058931708,1.0,0.998895278226045,0.0005526662144156105,1
2419,0.6202222110631128,0.951229424500714,0.9988941836478461,0.0005532141090860632,0
2420,0.6288765986926266,0.9048374180359595,0.9988923418001973,0.0005541360532604711,0
2421,0.637687711572734,0.8607079764250578,0.9988830687978727,0.0005587777173211193,0
2422,0.6466185564132125,0.8187307530779818,0.9989232185169156,0.0005386808143815389,0
2423,0.611749069266508,1.0,0.9989014624496908,0.0005495706924739091,1
2424,0.6117498135873992,1.0,0.9988970220344081,0.0005517933467191132,1
2425,0.6117489069369115,1.0,0.9989024308676852,0.0005490859512049275,1
2426,0.6202182343240039,0.951229424500714,0.9989173668294536,0.0005416098205819627,0
2427,0.6288774606375575,0.9048374180359595,0.9988874141236722,0.0005566026297238993,0
2428,0.6117526231091326,1.0,0.9988802614610853,0.0005601829572436407,1
2429,0.6202267989638336,0.951229424500714,0.9988674385322761,0.0005666016500592583,0
2430,0.628879724651219,0.9048374180359595,0.9988744710790818,0.0005630814021373748,0
2431,0.637685558000041,0.8607079764250578,0.9988951837210229,0.0005527135191874771,0
2432,0.6117493324968915,1.0,0.9988998920856884,0.0005503567385934623,1
2433,0.6202189799847941,0.951229424500714,0.9989130197950246,0.0005437856982031167,0
2434,0.6117514287888413,1.0,0.998887386285184,0.0005566165644717604,1
2435,0.6117527832176989,1.0,0.9988793063249571,0.000560661060887099,1
2436,0.6117474609874164,1.0,0.9989110571047828,0.0005447681121525724,1
2437,0.611752650968476,1.0,0.9988800952645993,0.0005602661486461383,1
2438,0.6202235534176336,0.951229424500714,0.9988863583016644,0.0005571311290076475,0
2439,0.611745161700372,1.0,0.9989247744079423,0.0005379020308944086,1
2440,0.6202248168022393,0.951229424500714,0.9988789933957405,0.0005608177010655911,0
2441,0.611747175812652,1.0,0.9989127584119128,0.0005439165319897863,1
2442,0.6117468191065253,1.0,0.9989148864698465,0.000542851346041915,1
2443,0.6117502376290788,1.0,0.99889449233071,0.0005530595968157598,1
2444,0.6117495343496019,1.0,0.9988986878874253,0.0005509595011918508,1
2445,0.6117502537828917,1.0,0.9988943959621643,0.0005531078344179646,1
2446,0.6117531567655916,1.0,0.9988770779105494,0.0005617765194212063,1
2447,0.6202196943745131,0.951229424500714,0.9989088550891865,0.000545870321407206,0
2448,0.6288801834497963,0.9048374180359595,0.9988718482204761,0.0005643943108787837,0
2449,0.6117437726077586,1.0,0.998933061724226,0.0005337539297963459,1
2450,0.6202179293246477,0.951229424500714,0.9989191449147619,0.0005407198151697356,0
2451,0.6288776926090891,0.9048374180359595,0.9988860879649135,0.0005572664480983282,0
2452,0.637686117026109,0.8607079764250578,0.998892038901676,0.0005542876704841262,0
2453,0.6466256881702972,0.8187307530779818,0.9988836121799392,0.0005585057225623389,0
2454,0.6556670294291652,0.7788007830714049,0.9988765842805238,0.000562023611960589,0
2455,0.6647787714146869,0.7408182206817179,0.9988993903289833,0.0005506078933062789,0
2456,0.6117464510109689,1.0,0.998917082482616,0.0005417521481094832,1
2457,0.6117511188184244,1.0,0.9988892354537668,0.0005556909511861603,1
2458,0.6117514321514247,1.0,0.9988873662252864,0.0005566266055926035,1
2459,0.6202218619155723,0.951229424500714,0.9988962190412924,0.0005521952867693847,0
2460,0.6288746550004279,0.9048374180359595,0.9989034538681876,0.0005485738891921714,0
2461,0.6376837185810962,0.8607079764250578,0.9989055315223143,0.0005475339228380846,0
2462,0.6117466872626552,1.0,0.9989156730333111,0.0005424576372456839,1
2463,0.6117546957373827,1.0,0.9988678971933386,0.0005663720595553245,1
2464,0.6117477460197763,1.0,0.9989093566515533,0.0005456192663493192,1
2465,0.6117534251166783,1.0,0.9988754770563557,0.0005625778469878361,1
2466,0.6202222825040242,0.951229424500714,0.9988937671760354,0.0005534225755604595,0
2467,0.6117467774817715,1.0,0.9989151347976399,0.0005427270472823549,1
2468,0.6202207524521005,0.951229424500714,0.9989026868181379,0.0005489578353789738,0
2469,0.6117494055779993,1.0,0.9988994561034636,0.0005505749698313212,1
2470,0.6202206079189442,0.951229424500714,0.9989035293993499,0.0005485360821553239,0
2471,0.6288754392442036,0.9048374180359595,0.9988989703345481,0.000550818121947747,0
2472,0.6117547422064458,1.0,0.9988676199846831,0.0005665108209944722,1
2473,0.6117445792088098,1.0,0.9989282495357632,0.0005361625997253744,1
2474,0.611747749624447,1.0,0.9989093351467461,0.0005456300304928847,1
2475,0.620219952361783,0.951229424500714,0.9989073510967369,0.0005466231396319265,0
2476,0.6117476159398075,1.0,0.9989101326853683,0.0005452308259425664,1
2477,0.6202184886301146,0.951229424500714,0.9989158842790868,0.0005423518997149459,0
2478,0.628873396037193,0.9048374180359595,0.9989106514372789,0.000544971167060946,0
2479,0.6376866939547856,0.8607079764250578,0.9988887933840102,0.0005559122319041898,0
2480,0.6117500145737561,1.0,0.9988958230097313,0.0005523935213967701,1
2481,0.6117470874549409,1.0,0.9989132855407966,0.000543652680747429,1
2482,0.6202232980167695,0.951229424500714,0.9988878471714907,0.0005563858646918566,0
2483,0.6117474943190524,1.0,0.9989108582538457,0.0005448676460177206,1
2484,0.6117500878299879,1.0,0.9988953859854318,0.0005526122751371756,1
2485,0.611753415092658,1.0,0.9988755368547955,0.0005625479141086197,1
2486,0.6202205070292491,0.951229424500714,0.9989041175540029,0.0005482416821144023,0
2487,0.6288755634242262,0.9048374180359595,0.9988982603979653,0.0005511734816268276,0
2488,0.6376822018941783,0.8607079764250578,0.9989140638722562,0.0005432630917972397,0
2489,0.646624564788876,0.8187307530779818,0.9988898507703695,0.0005553829508637156,0
2490,0.6117526975084694,1.0,0.9988798176277328,0.0005604051227364442,1
2491,0.6117474281761783,1.0,0.9989112528511714,0.0005446701322733346,1
2492,0.6202260466352869,0.951229424500714,0.9988718241531056,0.0005644063581553285,0
2493,0.6288709875851421,0.9048374180359595,0.998924420899498,0.0005380789754031111,0
2494,0.6117487568096398,1.0,0.9989033264908974,0.0005486376477555615,1
2495,0.6202219922698736,0.951229424500714,0.9988954591260669,0.0005525756643802103,0
2496,0.6288727282982995,0.9048374180359595,0.9989144689695262,0.0005430603230094053,0
2497,0.6376831887357088,0.8607079764250578,0.9989085122363989,0.0005460419350858318,0
2498,0.6466237089193602,0.8187307530779818,0.9988946037913007,0.0005530038048450641,0
2499,0.6556681141775524,0.7788007830714049,0.9988706192424032,0.0005650094943135763,0
2500,0.6117484107373115,1.0,0.9989053910797974,0.0005476042210406879,1
2501,0.6202286762469027,0.951229424500714,0.9988564952260163,0.0005720795372062105,0
2502,0.6288770307090241,0.9048374180359595,0.9988898719897316,0.0005553723293913971,0
2503,0.6376858618589947,0.8607079764250578,0.9988934743510015,0.0005535691502445807,0
2504,0.6466255401726232,0.8187307530779818,0.9988844340680212,0.00055809431940491,0
2505,0.6117471545977051,1.0,0.9989128849770738,0.000543853180535034,1
2506,0.6202187416522804,0.951229424500714,0.9989144092169578,0.0005430902317613604,0
2507,0.6288802079755924,0.9048374180359595,0.9988717080117265,0.0005644644944361953,0
2508,0.6376871364772868,0.8607079764250578,0.9988863039787568,0.0005571583207440545,0
2509,0.6466269117568484,0.8187307530779818,0.9988768171643617,0.0005619070390954207,0
2510,0.6556616238403167,0.7788007830714049,0.9989063102668795,0.0005471441240848265,0
2511,0.6647805713492286,0.7408182206817179,0.9988895604048833,0.000555528294981614,0
2512,0.6739360222720022,0.7046880897187134,0.9989483955801692,0.0005260788718556138,0
2513,0.6831378770660117,0.6703200460356393,0.9988947902461864,0.0005529104742436094,0
2514,0.6923248773890758,0.6376281516217733,0.9989334004641633,0.000533584378956137,0
2515,0.7015012136947257,0.6065306597126334,0.9989192128504446,0.0005406858105754522,0
2516,0.6117566492351015,1.0,0.9988562438089187,0.0005722053896837335,1
2517,0.6117492583191844,1.0,0.9989003346102205,0.0005501352326960325,1
2518,0.6202222989543752,0.951229424500714,0.9988936712771335,0.0005534705781157283,0
2519,0.6288786235642613,0.9048374180359595,0.9988807658084539,0.0005599305009379809,0
2520,0.63768601637958,0.8607079764250578,0.9988926050910595,0.0005540042618669003,0
2521,0.6117485909506226,1.0,0.998904315967321,0.0005481423666270714,1
2522,0.6117527055425857,1.0,0.9988797696997866,0.0005604291135842428,1
2523,0.6202192661544095,0.951229424500714,0.9989113514977932,0.000544620755205754,0
2524,0.6288778958040832,0.9048374180359595,0.9988849263207913,0.000557847918203723,0
2525,0.6376846007168779,0.8607079764250578,0.9989005689782778,0.0005500179196760643,0
2526,0.6466203755799989,0.8187307530779818,0.9989131155595065,0.0005437377638607727,0
2527,0.6117518194692342,1.0,0.9988850556381144,0.0005577831873667259,1
2528,0.6202208000419965,0.951229424500714,0.9989024093847704,0.0005490967044649201,0
2529,0.6288757564893414,0.9048374180359595,0.9988971566470025,0.0005517259661071297,0
2530,0.6117508319664158,1.0,0.9988909467110667,0.0005548343718111135,1
2531,0.6117500352839854,1.0,0.9988956994588011,0.0005524553651521654,1
2532,0.6117495643701701,1.0,0.9988985087930821,0.0005510491470995869,1
2533,0.6117478976315047,1.0,0.9989084521642534,0.0005460720039793138,1
2534,0.6202241625153614,0.951229424500714,0.9988828075542115,0.0005589084852275366,0
2535,0.6288727264472835,0.9048374180359595,0.9989144795520037,0.0005430550260206087,0
2536,0.6117467036184305,1.0,0.9989155754568222,0.0005425064784523363,1
2537,0.6117485728261141,1.0,0.9989044240940235,0.0005480882439774398,1
2538,0.6202158122571249,0.951229424500714,0.998931487119763,0.0005345420735491105,0
2539,0.6288764227029763,0.9048374180359595,0.9988933479242892,0.0005536324336294532,0
2540,0.6376849930250309,0.8607079764250578,0.9988983620193101,0.0005511226149151222,0
2541,0.6117537420954434,1.0,0.99887358611765,0.0005635243816355274,1
2542,0.6202194918807327,0.951229424500714,0.998910035572628,0.0005452794352928471,0
2543,0.6117518678874527,1.0,0.998884766794447,0.0005579277704233253,1
2544,0.620220767363304,0.951229424500714,0.9989025998907367,0.0005490013468271846,0
2545,0.6117484994555897,1.0,0.9989048618060918,0.0005478691479549177,1
2546,0.6202240046492746,0.951229424500714,0.998883727836012,0.0005584478298986146,0
2547,0.6117472123927882,1.0,0.9989125401804162,0.0005440257665143436,1
2548,0.6202237955670626,0.951229424500714,0.9988849466845441,0.0005578377249612272,0
2549,0.628877880421266,0.9048374180359595,0.9988850142626529,0.0005578038981893293,0
2550,0.6376860117290843,0.8607079764250578,0.9988926312525404,0.0005539911666250189,0
2551,0.6117545304147651,1.0,0.9988688834173105,0.0005658783889268998,1
2552,0.6202204596644708,0.951229424500714,0.998904393675681,0.0005481034698299964,0
2553,0.6117496724534923,1.0,0.9988978639985034,0.0005513719000024552,1
2554,0.6117554687392129,1.0,0.998863285908168,0.0005686803206514807,1
2555,0.6202232451905098,0.951229424500714,0.9988881551247356,0.0005562317166569686,0
2556,0.6288725723640483,0.9048374180359595,0.9989153604646015,0.0005426140912722545,0
2557,0.6376906787516063,0.8607079764250578,0.9988663772435624,0.0005671328963670719,0
2558,0.6466213043742471,0.8187307530779818,0.9989079574393884,0.0005463196367760647,0
2559,0.655663833221881,0.7788007830714049,0.9988941604859153,0.0005532257028721881,0
2560,0.6647836803441008,0.7408182206817179,0.9988725816049899,0.0005640272046048943,0
2561,0.6117528511224339,1.0,0.9988789012360793,0.0005608638326121031,1
2562,0.6117455567807242,1.0,0.9989224173802925,0.0005390818146433476,1
2563,0.6117496737145673,1.0,0.9988978564752896,0.0005513756657597509,1
2564,0.6202213016814715,0.951229424500714,0.998899484999082,0.0005505605061044076,0
2565,0.6117492159235731,1.0,0.9989005875313286,0.0005500086329406061,1
2566,0.6202224886192664,0.951229424500714,0.9988925656083704,0.0005540240250975209,0
2567,0.6288791005578772,0.9048374180359595,0.9988780389093899,0.0005612954800623217,0
2568,0.6376812665595069,0.8607079764250578,0.998919325784718,0.0005406292823470121,0
2569,0.6117470474441973,1.0,0.9989135242390434,0.0005435332017987421,1
2570,0.6202188663787291,0.951229424500714,0.99891368209105,0.000543454189957221,0
2571,0.6288716934635008,0.9048374180359595,0.9989203852660741,0.0005400989688537391,0
2572,0.6376899025334557,0.8607079764250578,0.998870743742817,0.0005649471737268245,0
2573,0.6466209218689083,0.8187307530779818,0.9989100817040591,0.0005452563444095535,0
2574,0.6556664836401705,0.7788007830714049,0.998879585593315,0.0005605212700650238,0
2575,0.6647768523302281,0.7408182206817179,0.9989098710809313,0.0005453617708908056,0
2576,0.6739387976105138,0.7046880897187134,0.9989333005226255,0.000533634403083217,0
2577,0.6831380669941796,0.6703200460356393,0.998893758821523,0.0005534267574428045,0
2578,0.6923290062249978,0.6376281516217733,0.998910954991443,0.000544819224483527,0
2579,0.6117501076711183,1.0,0.9988952676193585,0.0005526715236240697,1
2580,0.6202250321002591,0.951229424500714,0.998877738322738,0.0005614459422236087,0
2581,0.6288751227464275,0.9048374180359595,0.9989007797538826,0.0005499124158906434,0
2582,0.6376829663868986,0.8607079764250578,0.9989097630919439,0.0005454158243126777,0
2583,0.6117474496884049,1.0,0.9989111245127995,0.0005447343714035992,1
2584,0.6202181482068385,0.951229424500714,0.9989178688748648,0.0005413585258795071,0
2585,0.6288731468660359,0.9048374180359595,0.9989120759722162,0.0005442581233470127,0
2586,0.637684239654928,0.8607079764250578,0.9989026001649418,0.0005490012095739806,0
2587,0.6466216369498932,0.8187307530779818,0.9989061104665475,0.000547244133640224,0
2588,0.6556646201867288,0.7788007830714049,0.9988898328683335,0.0005553919118297825,0
2589,0.6647791495745423,0.7408182206817179,0.9988973250879272,0.0005516416526674235,0
2590,0.6117531795224203,1.0,0.9988769421540483,0.0005618444739839861,1
2591,0.6117524207056798,1.0,0.9988814689115562,0.0005595785556012852,1
2592,0.6202216180644629,0.951229424500714,0.9988976406012817,0.000551483721868722,0
2593,0.6288780538973975,0.9048374180359595,0.998884022519432,0.0005583003235531626,0
2594,0.611751420575257,1.0,0.9988874352843162,0.0005565920376173784,1
2595,0.620219790389621,0.951229424500714,0.9989082953480228,0.0005461504977804996,0
2596,0.6288776382648275,0.9048374180359595,0.9988863986455748,0.0005571109345634474,0
2597,0.6117473370375116,1.0,0.9989117965695986,0.0005443979768252692,1
2598,0.6202214622380224,0.951229424500714,0.9988985490121634,0.0005510290153844488,0
2599,0.6117456438062602,1.0,0.9989218981918517,0.0005393416889672517,1
2600,0.6202209930982199,0.951229424500714,0.9989012839319118,0.0005496600495334505,0
2601,0.628874708018751,0.9048374180359595,0.9989031507607652,0.000548725609294488,0
2602,0.6376872413628243,0.8607079764250578,0.9988857139475416,0.0005574536653629321,0
2603,0.6466226190505657,0.8187307530779818,0.9989006563535995,0.0005499741839326739,0
2604,0.6556567817467251,0.7788007830714049,0.9989329384012071,0.0005338156571688985,0
2605,0.6117488489172785,1.0,0.998902776998725,0.0005489126955549749,1
2606,0.6202221206401144,0.951229424500714,0.9988947107779528,0.000552950252325178,0
2607,0.6288773721597821,0.9048374180359595,0.9988879199431656,0.0005563494383440862,0
2608,0.6376887486254337,0.8607079764250578,0.9988772349255209,0.000561697923684677,0
2609,0.6466301838269184,0.8187307530779818,0.9988586464626408,0.0005710026886708281,0
2610,0.6556608729613822,0.7788007830714049,0.9989104395225402,0.0005450772399919039,0
2611,0.6647767032786638,0.7408182206817179,0.9989106851056969,0.0005449543144938746,0
2612,0.6117521141675616,1.0,0.9988832975880577,0.0005586631943273964,1
2613,0.6202154307936657,0.951229424500714,0.9989337110210271,0.0005334289347516346,0
2614,0.6117493863748124,1.0,0.9988995706644817,0.000550517626216419,1
2615,0.6202239803640398,0.951229424500714,0.9988838694071183,0.000558376965246249,0
2616,0.628877702587379,0.9048374180359595,0.9988860309200509,0.0005572950023373842,0
2617,0.6117517009894753,1.0,0.9988857624413526,0.000557429391409857,1
2618,0.6117476611276209,1.0,0.9989098631028575,0.0005453657642810752,1
2619,0.6202173666295842,0.951229424500714,0.998922425326395,0.0005390778373062073,0
2620,0.6117487651113331,1.0,0.9989032769649597,0.0005486624379116964,1
2621,0.6202198783389588,0.951229424500714,0.9989077826284304,0.0005464071378176139,0
2622,0.6288793294561017,0.9048374180359595,0.9988767303370657,0.0005619505015616613,0
2623,0.6117514109258155,1.0,0.9988874928492336,0.0005565632231015071,1
2624,0.6202165674990883,0.951229424500714,0.998927084140721,0.0005367459227631587,0
2625,0.6288741230361536,0.9048374180359595,0.9989064951315959,0.0005470515905321915,0
2626,0.637689017009738,0.8607079764250578,0.9988757251542709,0.0005624536583926867,0
2627,0.6117489837103988,1.0,0.9989019728559813,0.0005493152087353746,1
2628,0.6202275284577328,0.951229424500714,0.9988631860498504,0.0005687303066325925,0
2629,0.6288754540480036,0.9048374180359595,0.9988988857012598,0.0005508604852368798,0
2630,0.637683952652136,0.8607079764250578,0.9989042147289132,0.0005481930413570299,0
2631,0.6466194954935879,0.8187307530779818,0.9989180032075874,0.0005412912867611797,0
2632,0.6556643387117785,0.7788007830714049,0.9988913807315822,0.0005546171206573978,0
2633,0.664780227898302,0.7408182206817179,0.998891436073993,0.0005545894187418819,0
2634,0.6117493538074333,1.0,0.9988997649527003,0.0005504203750985853,1
2635,0.611754027007879,1.0,0.9988718864754005,0.000564375161813924,1
2636,0.6202205790799737,0.951229424500714,0.9989036975212735,0.0005484519289290406,0
2637,0.6288748537350424,0.9048374180359595,0.9989023176967816,0.0005491425988346017,0
2638,0.6117516126730635,1.0,0.9988862893025147,0.0005571656670466878,1
2639,0.6202211527412338,0.951229424500714,0.9989003532681924,0.0005501258934401254,0
2640,0.6288798761258413,0.9048374180359595,0.9988736051282923,0.0005635148655955157,0
2641,0.6376861154892641,0.8607079764250578,0.9988920475472294,0.0005542833429126922,0
2642,0.6117530071492246,1.0,0.9988779704518813,0.0005613297472642428,1
2643,0.6117511604628393,1.0,0.9988889870183295,0.0005558153070503178,1
2644,0.6202239997365644,0.951229424500714,0.998883756474721,0.0005584334945421484,0
2645,0.6288759206100766,0.9048374180359595,0.9988962183720156,0.0005521956217775666,0
2646,0.6117525641784045,1.0,0.9988806130158081,0.0005600069828678894,1
2647,0.6117480572836151,1.0,0.9989074997108602,0.0005465487512954425,1
2648,0.6202210211827717,0.951229424500714,0.9989011202085697,0.0005497420012528759,0
2649,0.6288718228596993,0.9048374180359595,0.9989196454871523,0.0005404692582214913,0
2650,0.6376843516502553,0.8607079764250578,0.9989019701245268,0.0005493165759638643,0
2651,0.6466245572486609,0.8187307530779818,0.9988898926443892,0.0005553619905852716,0
2652,0.6556626023956018,0.7788007830714049,0.9989009289965861,0.0005498377124289254,0
2653,0.6117530164263283,1.0,0.9988779151089814,0.0005613574497980778,1
2654,0.620220585134077,0.951229424500714,0.9989036622277955,0.0005484695950357336,0
2655,0.6288733600293124,0.9048374180359595,0.9989108572975488,0.0005448681246875358,0
2656,0.637686480131635,0.8607079764250578,0.9988899962465575,0.000555310131935148,0
2657,0.6466238328276902,0.8187307530779818,0.9988939156719727,0.0005533482453708403,0
2658,0.6556610240949393,0.7788007830714049,0.9989096084028088,0.0005454932533021039,0
2659,0.6117484467574186,1.0,0.9989051761917218,0.000547711782828099,1
2660,0.6202189206579378,0.951229424500714,0.998913365656245,0.0005436125794461617,0
2661,0.6117500295643732,1.0,0.9988957335802663,0.0005524382855588885,1
2662,0.6117496406878307,1.0,0.9988980535034059,0.000551277043014898,1
2663,0.6202235959811204,0.951229424500714,0.9988861101763774,0.000557255329981928,0
2664,0.6117535900122121,1.0,0.9988744933704004,0.0005630702439193304,1
2665,0.6117493008175503,1.0,0.9989000810762023,0.000550262139276006,1
2666,0.6202195507062536,0.951229424500714,0.9989096926357011,0.0005454510908842533,0
2667,0.6117468835840204,1.0,0.9989145018057936,0.0005430438870342214,1
2668,0.6117463723218903,1.0,0.99891755193291,0.0005415171685541781,1
2669,0.6117522961472052,1.0,0.9988822119740226,0.0005592066084718152,1
2670,0.6202176061606296,0.951229424500714,0.9989210289013418,0.0005397768035090743,0
2671,0.611750064075216,1.0,0.998895527699112,0.000552541339946082,1
2672,0.6202152644046706,0.951229424500714,0.9989346810576863,0.0005329433989360206,0
2673,0.6288736856679649,0.9048374180359595,0.9989089955943812,0.0005457999920753209,0
2674,0.6376846494312959,0.8607079764250578,0.9989002949313206,0.0005501550939871573,0
2675,0.6466227027748439,0.8187307530779818,0.9989001913910722,0.0005502069211085399,0
2676,0.6117553780252545,1.0,0.9988638270539173,0.0005684094399362093,1
2677,0.6202220771219462,0.951229424500714,0.9988949644717012,0.0005528232651094082,0
2678,0.6288767660221062,0.9048374180359595,0.9988913851871456,0.0005546148904032479,0
2679,0.6117554984002619,1.0,0.9988631089680124,0.000568768891416729,1
2680,0.6202187456772591,0.951229424500714,0.9989143857522655,0.0005431019768580128,0
2681,0.6288753395638875,0.9048374180359595,0.9988995402069233,0.0005505328717724809,0
2682,0.6376884531299952,0.8607079764250578,0.9988788972113685,0.0005608658472261047,0
2683,0.6466178907722457,0.8187307530779818,0.998926915263895,0.0005368304518758759,0
2684,0.6556682846123754,0.7788007830714049,0.9988696820240315,0.0005654786335560901,0
2685,0.6117551778878147,1.0,0.9988650209569012,0.0005678118097898013,1
2686,0.6202203903638124,0.951229424500714,0.9989047976767987,0.000547901247756189,0
2687,0.6288805501073086,0.9048374180359595,0.9988697521204024,0.0005654435457114123,0
2688,0.6117522052945724,1.0,0.9988827539624071,0.0005589353111001604,1
2689,0.6202220987274558,0.951229424500714,0.9988948385200942,0.0005528863105844223,0
2690,0.6117520767201621,1.0,0.998883520983717,0.0005585513716375763,1
2691,0.6117476910659592,1.0,0.9989096844960821,0.0005454551651359459,1
2692,0.6117497589885221,1.0,0.998897347755401,0.0005516303064194149,1
2693,0.6117477521200886,1.0,0.9989093202582039,0.0005456374828921301,1
2694,0.6117496940630175,1.0,0.9988977350822529,0.0005514364292518976,1
2695,0.6117505297924358,1.0,0.9988927493785614,0.0005539320381409559,1
2696,0.6117531364850383,1.0,0.9988771988947837,0.0005617159593033956,1
2697,0.6117491255132725,1.0,0.9989011268958121,0.0005497386539534251,1
2698,0.6117529279332595,1.0,0.9988784430177968,0.0005610931989481731,1
2699,0.6117516514110991,1.0,0.9988860582064977,0.0005572813438991129,1
2700,0.6117497335281007,1.0,0.9988974996449119,0.0005515542778366094,1
2701,0.6117519223048681,1.0,0.9988844421621279,0.0005580902678317843,1
2702,0.611749279047402,1.0,0.9989002109511413,0.0005501971303060876,1
2703,0.6117472721015788,1.0,0.9989121839670582,0.0005442040671198557,1
2704,0.6202210020311161,0.951229424500714,0.9989012318561744,0.0005496861160425245,0
2705,0.6117503461339318,1.0,0.9988938450252984,0.0005533836078230519,1
2706,0.6117449110104232,1.0,0.9989262700147095,0.0005371534231483953,1
2707,0.611750801766318,1.0,0.9988911268743896,0.0005547441901414958,1
2708,0.6202186185680428,0.951229424500714,0.9989151267698999,0.0005427310655116308,0
2709,0.6288751743429873,0.9048374180359595,0.9989004847757945,0.0005500600672578443,0
2710,0.6376849121928632,0.8607079764250578,0.9988988167462238,0.0005508950007616401,0
2711,0.6466218571978506,0.8187307530779818,0.9989048873125562,0.000547856380741023,0
2712,0.6117471333055726,1.0,0.9989130120027362,0.0005437895985869497,1
2713,0.6117533109046841,1.0,0.9988761583899998,0.0005622367967631668,1
2714,0.6202201477994672,0.951229424500714,0.9989062117527395,0.000547193435088193,0
2715,0.6117495715269607,1.0,0.9988984660976705,0.000551070518346059,1
2716,0.62021985409979,0.951229424500714,0.9989079239358439,0.0005463364068622815,0
2717,0.6288730725977509,0.9048374180359595,0.9989125005715179,0.0005440455925238686,0
2718,0.6117520211153382,1.0,0.9988838526991795,0.0005583853285502906,1
2719,0.620218710081815,0.951229424500714,0.9989145932654776,0.0005429981075007129,0
2720,0.6117559372271646,1.0,0.998860491193511,0.0005700792701404344,1
2721,0.6202200120726242,0.951229424500714,0.998907002999965,0.0005467973784300115,0
2722,0.628874591855876,0.9048374180359595,0.9989038148677418,0.0005483931913040948,0
2723,0.611750095796276,1.0,0.9988953384610075,0.0005526360636270147,1
2724,0.6202218534628875,0.951229424500714,0.9988962683172085,0.0005521706215869845,0
2725,0.6288776280629262,0.9048374180359595,0.9988864569688294,0.0005570817404264087,0
2726,0.611750323217323,1.0,0.9988939817384387,0.0005533151755609289,1
2727,0.6202293799345657,0.951229424500714,0.9988523932410366,0.0005741328819169592,0
2728,0.6117489318028457,1.0,0.9989022825236158,0.0005491602047435202,1
2729,0.6202224523372832,0.951229424500714,0.9988927771173618,0.0005539181533670197,0
2730,0.6288754641473302,0.9048374180359595,0.9988988279634401,0.000550889385970588,0
2731,0.6376828152638465,0.8607079764250578,0.9989106132577888,0.0005449902776243649,0
2732,0.6117502869216033,1.0,0.9988941982671228,0.0005532067913557386,1
2733,0.6202221019648944,0.951229424500714,0.9988948196471054,0.0005528957575192955,0
2734,0.6117500860857752,1.0,0.9988953963908689,0.0005526070666653111,1
2735,0.6202184220004648,0.951229424500714,0.9989162727154259,0.0005421574707996919,0
2736,0.6117509412311438,1.0,0.9988902948759516,0.0005551606513363828,1
2737,0.611747248561894,1.0,0.9989123244011341,0.0005441337736204543,1
2738,0.6202219248085142,0.951229424500714,0.998895852399631,0.0005523788102034163,0
2739,0.6117478375935842,1.0,0.9989088103391451,0.0005458927208694548,1
2740,0.6117466129051408,1.0,0.998916116641028,0.0005422355926675617,1
2741,0.6117491432063997,1.0,0.9989010213431541,0.0005497914883434969,1
2742,0.6202225162484887,0.951229424500714,0.9988924045414475,0.0005541046478498979,0
2743,0.6288716120701097,0.9048374180359595,0.9989208506055909,0.0005398660476844051,0
2744,0.6376879942808441,0.8607079764250578,0.9988814784374731,0.0005595737873093555,0
2745,0.611747147400454,1.0,0.9989129279147896,0.0005438316883130307,1
2746,0.6117510225421663,1.0,0.9988898098032712,0.0005554034571783419,1
2747,0.6202216458675752,0.951229424500714,0.9988974785194781,0.0005515648522118992,0
2748,0.6288713380438303,0.9048374180359595,0.9989224172614367,0.0005390818741353347,0
2749,0.6376808979879921,0.8607079764250578,0.9989213992673864,0.0005395914204981916,0
2750,0.6466245247129865,0.8187307530779818,0.9988900733288419,0.0005552715479660785,0
2751,0.6556631930843764,0.7788007830714049,0.9988976806978117,0.0005514636514793426,0
2752,0.6647819785247533,0.7408182206817179,0.9988818755176428,0.0005593750249439675,0
2753,0.6739505991195858,0.7046880897187134,0.9988691148409603,0.0005657625460836264,0
2754,0.6831342363814372,0.6703200460356393,0.9989145615690734,0.0005430139729234429,0
2755,0.6923327630177678,0.6376281516217733,0.9988905324649504,0.0005550417248778413,0
2756,0.701503930919834,0.6065306597126334,0.9989043910484794,0.0005481047848715691,0
2757,0.6117482322372408,1.0,0.9989064559731704,0.0005470711911787158,1
2758,0.6117529086291684,1.0,0.9988785581771524,0.0005610355546222913,1
2759,0.6202245106914349,0.951229424500714,0.9988807778628702,0.0005599244669763903,0
2760,0.6288763922114489,0.9048374180359595,0.9988935222429767,0.0005535451777313617,0
2761,0.6376889992552413,0.8607079764250578,0.998875825030471,0.0005624036640878049,0
2762,0.6466213886816765,0.8187307530779818,0.9989074892341365,0.0005465539953864914,0
2763,0.6117500582062088,1.0,0.9988955627118135,0.0005525238142390368,1
2764,0.6202215615180092,0.951229424500714,0.9988979702461895,0.0005513187175479515,0
2765,0.6117542490538972,1.0,0.998870561865132,0.0005650382153870218,1
2766,0.620216815689775,0.951229424500714,0.9989256372218728,0.0005374701597565415,0
2767,0.6117526776374147,1.0,0.9988799361695783,0.0005603457853485535,1
2768,0.6202219111156999,0.951229424500714,0.9988959322234561,0.0005523388541751054,0
2769,0.6288748203950276,0.9048374180359595,0.9989025083024657,0.0005490471912744581,0
2770,0.6117521975588384,1.0,0.9988828001105452,0.0005589122112233517,1
2771,0.6117510486690849,1.0,0.998889653939429,0.0005554814757209754,1
2772,0.6117467550170371,1.0,0.9989152688193221,0.0005426599636690814,1
2773,0.6202208667246012,0.951229424500714,0.998902020647406,0.000549291286756606,0
2774,0.6288774226529353,0.9048374180359595,0.998887631278302,0.0005564939314846693,0
2775,0.6117509031963161,1.0,0.998890521778346,0.0005550470741148625,1
2776,0.6202206699110878,0.951229424500714,0.9989031680052257,0.0005487169775966205,0
2777,0.6288774230779695,0.9048374180359595,0.9988876288484203,0.0005564951477784812,0
2778,0.6376815414763433,0.8607079764250578,0.9989177791813036,0.0005414034212447232,0
2779,0.6466207440953378,0.8187307530779818,0.9989110689813556,0.0005447621673927035,0
2780,0.6556647331582468,0.7788007830714049,0.9988892116257001,0.0005557028784680492,0
2781,0.6647784840272077,0.7408182206817179,0.998900959838837,0.0005498222743361329,0
2782,0.6739445558332137,0.7046880897187134,0.9989019823354957,0.0005493104637680957,0
2783,0.61174810503378,1.0,0.9989072148429426,0.000546691341053881,1
2784,0.6117487804574051,1.0,0.998903185413935,0.000548708263684346,1
2785,0.6202204277860291,0.951229424500714,0.9989045795169756,0.0005480104472752144,0
2786,0.6288712580311808,0.9048374180359595,0.998922874708283,0.0005388529040303195,0
2787,0.6376840865618157,0.8607079764250578,0.9989034614057034,0.0005485701162971305,0
2788,0.6117479989283937,1.0,0.9989078478465871,0.0005463744930851841,1
2789,0.6117500367983524,1.0,0.9988956904245488,0.0005524598872721075,1
2790,0.6117543663064232,1.0,0.9988698623990236,0.0005653883440122355,1
2791,0.6202195656076943,0.951229424500714,0.9989096057643453,0.0005454945739739243,0
2792,0.628872692321055,0.9048374180359595,0.9989146746557119,0.0005429573681664269,0
2793,0.6376825009467522,0.8607079764250578,0.9989123814996691,0.0005441051932675848,0
2794,0.6466206096741263,0.8187307530779818,0.99891181549925,0.0005443885016887917,0
2795,0.655660437204791,0.7788007830714049,0.9989128358572185,0.0005438777671918036,0
2796,0.6647841321558909,0.7408182206817179,0.9988701142033358,0.0005652622994243176,0
2797,0.6739416795429388,0.7046880897187134,0.9989176259560226,0.0005414801168927744,0
2798,0.68313541433701,0.6703200460356393,0.9989081644489456,0.0005462160188530541,0
2799,0.692334414359631,0.6376281516217733,0.9988815556326175,0.0005595351465180688,0
2800,0.7015017524152495,0.6065306597126334,0.9989162742451534,0.0005421567051061901,0
2801,0.6117522021204843,1.0,0.9988827728976823,0.0005589258328730946,1
2802,0.6202271698345724,0.951229424500714,0.9988652765900683,0.0005676838479886626,0
2803,0.6117426171392081,1.0,0.9989399553195621,0.0005303034625858175,1
2804,0.6117519377924893,1.0,0.9988843497692649,0.0005581365158578177,1
2805,0.6117541869107372,1.0,0.9988709325784171,0.0005648526491933455,1
2806,0.6117468586887193,1.0,0.9989146503277815,0.0005429695453480232,1
2807,0.6117529104430817,1.0,0.998878547356177,0.0005610409711844269,1
2808,0.6117487750145857,1.0,0.9989032178845031,0.0005486920105739292,1
2809,0.6117475745681401,1.0,0.9989103795015215,0.0005451072832360544,1
2810,0.611754153790473,1.0,0.9988711301565124,0.0005647537484898598,1
2811,0.6117519889207561,1.0,0.998884044758863,0.0005582891914145373,1
2812,0.611752504225471,1.0,0.998880970668747,0.0005598279560301295,1
2813,0.620222946229392,0.951229424500714,0.9988898979356331,0.0005553593420231335,0
2814,0.6117490458928259,1.0,0.9989016018911772,0.0005495008950604718,1
2815,0.6117507088403249,1.0,0.9988916812389835,0.0005544667002203343,1
2816,0.6202178732194166,0.951229424500714,0.9989194719975409,0.0005405560968511681,0
2817,0.6288783204549441,0.9048374180359595,0.9988824986429973,0.000559063113608237,0
2818,0.6117489718132875,1.0,0.9989020438311949,0.0005492796821206308,1
2819,0.6117492505145311,1.0,0.9989003811707301,0.0005501119268131044,1
2820,0.6117512536404118,1.0,0.9988884311551461,0.0005560935478485154,1
2821,0.6202184437074895,0.951229424500714,0.998916146168179,0.0005422208130729292,0
2822,0.6117484736317971,1.0,0.9989050158651073,0.0005477920340026659,1
2823,0.6117506158263804,1.0,0.9988922361287271,0.000554188947587146,1
2824,0.611747867109236,1.0,0.9989086342543183,0.0005459808594665712,1
2825,0.620223621931508,0.951229424500714,0.9988859588977576,0.0005573310536453752,0
2826,0.6117502464443949,1.0,0.9988944397413165,0.0005530859206143487,1
2827,0.6117471524059575,1.0,0.9989128980527102,0.00054384663560173,1
2828,0.6117492073566096,1.0,0.9989006386395994,0.0005499830506804072,1
2829,0.62022207741216,0.951229424500714,0.9988949627798694,0.0005528241119611259,0
2830,0.6288773159122183,0.9048374180359595,0.9988882415056157,0.0005561884781442728,0
2831,0.6117521780794549,1.0,0.9988829163163746,0.0005588540433269082,1
2832,0.6117475112907702,1.0,0.998910757003453,0.000544918326414792,1
2833,0.6117454560490949,1.0,0.9989230183388604,0.0005387810113093415,1
2834,0.6117505798953715,1.0,0.9988924504811005,0.0005540816525543927,1
2835,0.6117442527374284,1.0,0.9989301972625078,0.0005351876924451822,1
2836,0.6117488876678745,1.0,0.9989025458220605,0.0005490284108660648,1
2837,0.6117498732564626,1.0,0.9988966660663425,0.0005519715273129268,1
2838,0.6117470584788136,1.0,0.9989134584081267,0.0005435661530589113,1
2839,0.6117511409613097,1.0,0.998889103357353,0.0005557570728430258,1
2840,0.6117474912166907,1.0,0.9989108767620117,0.0005448583818448111,1
2841,0.6202215794883673,0.951229424500714,0.9988978654856328,0.0005513711556174004,0
2842,0.628874866951493,0.9048374180359595,0.9989022421380224,0.0005491804197309776,0
2843,0.6376850527980368,0.8607079764250578,0.99889802576233,0.0005512909288545179,0
2844,0.6117514341759562,1.0,0.9988873541476987,0.0005566326511128983,1
2845,0.6202178755452967,0.951229424500714,0.9989194584381009,0.0005405628839048184,0
2846,0.611750372590734,1.0,0.9988936871925342,0.0005534626116018118,1
2847,0.6202232437277169,0.951229424500714,0.99888816365216,0.0005562274481989158,0
2848,0.6288741978312726,0.9048374180359595,0.9989060675238168,0.0005472656285190293,0
2849,0.6376870932675074,0.8607079764250578,0.9988865470545225,0.0005570366473688336,0
2850,0.6117504092983199,1.0,0.9988934682069563,0.0005535722256702397,1
2851,0.6202232540037285,0.951229424500714,0.9988881037476397,0.000556257433799083,0
2852,0.6117505808587009,1.0,0.9988924447341985,0.0005540845291914537,1
2853,0.6202230286396391,0.951229424500714,0.998889417519962,0.0005555998168681104,0
2854,0.6288815007994835,0.9048374180359595,0.99886431725084,0.0005681640627440824,0
2855,0.6117524573655522,1.0,0.9988812502146299,0.0005596880265230145,1
2856,0.6202189630992361,0.951229424500714,0.9989131182337263,0.0005437364252959742,0
2857,0.6117520788846083,1.0,0.9988835080715266,0.0005585578349489843,1
2858,0.6202174247997065,0.951229424500714,0.9989220862042683,0.0005392475813102139,0
2859,0.6288779193471372,0.9048374180359595,0.9988847917277793,0.0005579152898385803,0
2860,0.6376851431785456,0.8607079764250578,0.9988975173211039,0.0005515454299859811,0
2861,0.6466229315196269,0.8187307530779818,0.998898921058963,0.0005508427868977178,0
2862,0.6556593225409901,0.7788007830714049,0.9989189657032755,0.000540809517876535,0
2863,0.6117512609588693,1.0,0.9988883874959353,0.0005561154017464782,1
2864,0.6117472493856152,1.0,0.9989123194869411,0.0005441362333923404,1
2865,0.6202237944016326,0.951229424500714,0.9988849534784455,0.0005578343242185256,0
2866,0.6117482359836229,1.0,0.9989064336230363,0.0005470823784796932,1
2867,0.6202213888561713,0.951229424500714,0.9988989768017955,0.0005508148847597759,0
2868,0.61174515786048,1.0,0.9989247973165678,0.0005378905642525287,1
2869,0.611747975881818,1.0,0.9989079853379568,0.0005463056722422721,1
2870,0.6202202576297062,0.951229424500714,0.9989055714756855,0.000547513924265111,0
2871,0.6117519977556765,1.0,0.9988839920533436,0.0005583155736163208,1
2872,0.6202227122761675,0.951229424500714,0.9988912617823298,0.0005546766612950651,0
2873,0.6288771845974086,0.9048374180359595,0.998888992221554,0.0005558127025444393,0
2874,0.6117475229659437,1.0,0.9989106873513551,0.0005449531904403183,1
2875,0.6202164471267916,0.951229424500714,0.9989277858963511,0.000536394668204735,0
2876,0.62887438134918,0.9048374180359595,0.9989050183429716,0.000547790793712386,0
2877,0.6376856540116712,0.8607079764250578,0.9988946436035628,0.0005529838766858803,0
2878,0.6466227847383003,0.8187307530779818,0.9988997362075221,0.000550434763518479,0
2879,0.6556650543599429,0.7788007830714049,0.9988874453051908,0.0005565870215994453,0
2880,0.6647771771486825,0.7408182206817179,0.9989080971318476,0.0005462497141929579,0
2881,0.673942412073628,0.7046880897187134,0.9989136418300663,0.0005434743423414516,0
2882,0.6831404022005212,0.6703200460356393,0.9988810773281145,0.000559774566604883,0
2883,0.6923304203515794,0.6376281516217733,0.9989032675263015,0.0005486671624223175,0
2884,0.6117528152612031,1.0,0.9988791151679008,0.0005607567466588345,1
2885,0.6202208173120639,0.951229424500714,0.9989023087060116,0.0005491470991595825,0
2886,0.6288756561513482,0.9048374180359595,0.9988977302779071,0.0005514388340755622,0
2887,0.6117473741649869,1.0,0.9989115750730804,0.0005445088457446494,1
2888,0.6202234297382532,0.951229424500714,0.9988870792952964,0.0005567702304100241,0
2889,0.6288747823755027,0.9048374180359595,0.9989027256610846,0.0005489383925711413,0
2890,0.6376889146321834,0.8607079764250578,0.9988763010694527,0.000562165376777066,0
2891,0.6117514711925804,1.0,0.9988871333205968,0.0005567431876641414,1
2892,0.6202213663883229,0.951229424500714,0.9988991077812712,0.0005507493228410148,0
2893,0.611752979726553,1.0,0.9988781340428561,0.0005612478599035096,1
2894,0.6202204154354148,0.951229424500714,0.9989046515171877,0.0005479744076919993,0
2895,0.6288805734302271,0.9048374180359595,0.9988696187886268,0.0005655102870379399,0
2896,0.6376805064607547,0.8607079764250578,0.9989236018987598,0.0005384889168645001,0
2897,0.6466238272459723,0.8187307530779818,0.9988939466697786,0.00055333272930605,0
2898,0.6556638917943971,0.7788007830714049,0.9988938383876104,0.0005533869303423602,0
2899,0.6647784809406643,0.7408182206817179,0.9989009766953986,0.0005498138367821887,0
2900,0.6117526803318891,1.0,0.9988799200955453,0.0005603538313771448,1
2901,0.6202223468695175,0.951229424500714,0.9988933919512815,0.0005536103957455164,0
2902,0.6117507218413704,1.0,0.9988916036791791,0.0005545055231522943,1
2903,0.6202260525941585,0.951229424500714,0.9988717894163771,0.0005644237461365826,0
2904,0.6117484782058304,1.0,0.9989049885774365,0.0005478056927944224,1
2905,0.6117537180608926,1.0,0.9988737294957176,0.0005634526117642892,1
2906,0.6202195727688493,0.951229424500714,0.998909564016759,0.0005455154705530318,0
2907,0.6288769234981824,0.9048374180359595,0.9988904849065716,0.0005550655304793291,0
2908,0.6117449317672771,1.0,0.9989261461799751,0.0005372154070734272,1
2909,0.6117544475861443,1.0,0.9988693775279374,0.0005656310539098118,1
2910,0.6117515252976148,1.0,0.9988868105506702,0.0005569047524535625,1
2911,0.6117522590719571,1.0,0.9988824331492203,0.00055909589713341,1
2912,0.6202174589757617,0.951229424500714,0.9989218869636343,0.0005393473091351052,0
2913,0.6288728095935636,0.9048374180359595,0.9989140041950441,0.0005432929628422854,0
2914,0.6376810718388021,0.8607079764250578,0.9989204212295247,0.0005400809676944099,0
2915,0.6466227078292546,0.8187307530779818,0.9989001633214264,0.0005502209713842939,0
2916,0.6117431384649619,1.0,0.9989368450497236,0.0005318602501905184,1
2917,0.6202236119180042,0.951229424500714,0.998886017271796,0.0005573018340752123,0
2918,0.6288703470887399,0.9048374180359595,0.9989280827516555,0.000536246081257572,0
2919,0.6117478289557912,1.0,0.9989088618706019,0.0005458669269957313,1
2920,0.620216642836552,0.951229424500714,0.9989266449329648,0.0005369657625591281,0
2921,0.6288746232758173,0.9048374180359595,0.9989036352388444,0.0005484831043221909,0
2922,0.6376803063475056,0.8607079764250578,0.9989247276867659,0.0005379254166280747,0
2923,0.6466242832194944,0.8187307530779818,0.9988914144462792,0.0005546002446000895,0
2924,0.611748513093415,1.0,0.9989047804458676,0.0005479098726678837,1
2925,0.620217883718938,0.951229424500714,0.9989194107873248,0.0005405867350656358,0
2926,0.6288773367475837,0.9048374180359595,0.9988881223916194,0.0005562481014326658,0
2927,0.6376825488818209,0.8607079764250578,0.9989121118328913,0.000544240173481691,0
2928,0.6117548479362056,1.0,0.9988669892600108,0.0005668265409451606,1
2929,0.6202225894947687,0.951229424500714,0.9988919775461499,0.0005543183822755978,0
2930,0.6288809749882676,0.9048374180359595,0.9988673231771933,0.0005666593930014,0
2931,0.6376985924848733,0.8607079764250578,0.9988218611239692,0.0005894167136042388,0
2932,0.6466236243016359,0.8187307530779818,0.9988950737123545,0.000552768584361614,0
2933,0.6117467600964052,1.0,0.998915238516471,0.000542675131547905,1
2934,0.6202213738850201,0.951229424500714,0.9988990640782203,0.0005507711984496971,0
2935,0.6288675394443084,0.9048374180359595,0.998944134858007,0.0005282114801402563,0
2936,0.6376948222799919,0.8607079764250578,0.9988430688599995,0.0005788004507301245,0
2937,0.6466299185897628,0.8187307530779818,0.9988601193821446,0.0005702653879410789,0
2938,0.6556703276971005,0.7788007830714049,0.9988584472136057,0.0005711024270350242,0
2939,0.6647792810230206,0.7408182206817179,0.9988966072106317,0.0005520009876738007,0
2940,0.6117520402151551,1.0,0.9988837387575251,0.000558442363039588,1
2941,0.6202233224017677,0.951229424500714,0.9988877050180056,0.0005564570205756702,0
2942,0.6288767449840724,0.9048374180359595,0.9988915054603119,0.0005545546870813749,0
2943,0.6376889674386478,0.8607079764250578,0.9988760040116639,0.0005623140727831009,0
2944,0.6466260766090064,0.8187307530779818,0.9988814550341338,0.0005595855020823412,0
2945,0.6556677047958973,0.7788007830714049,0.9988728704297848,0.0005638826292314174,0
2946,0.6647781785603607,0.7408182206817179,0.9989026280885825,0.000548987232415298,0
2947,0.6117499916329749,1.0,0.9988959598674824,0.0005523250168848689,1
2948,0.6202264057211233,0.951229424500714,0.9988697308962351,0.0005654541698030656,0
2949,0.6117523183210279,1.0,0.9988820796944405,0.0005592728222802433,1
2950,0.6117557986072005,1.0,0.9988613181148271,0.0005696653379741435,1
2951,0.6117468535066001,1.0,0.9989146812436049,0.0005429540706410582,1
2952,0.6117529423942167,1.0,0.9988783567503704,0.0005611363810945307,1
2953,0.6202224916454643,0.951229424500714,0.998892547966888,0.0005540328556180142,0
2954,0.6117564523533204,1.0,0.9988574182771696,0.000571617483482221,1
2955,0.6117578219754727,1.0,0.9988492480478846,0.0005757072877676567,1
2956,0.611750655001874,1.0,0.9988920024209214,0.000554305931093828,1
2957,0.611753758196316,1.0,0.9988734900679418,0.0005635724606487919,1
2958,0.6202239691499563,0.951229424500714,0.99888393477978,0.0005583442423935004,0
2959,0.628877082464518,0.9048374180359595,0.9988895761073957,0.0005555204349974456,0
2960,0.6117530146304222,1.0,0.9988779258225239,0.0005613520870093182,1
2961,0.6117519395691634,1.0,0.9988843391703487,0.0005581418212348594,1
2962,0.6117503751800297,1.0,0.9988936717456317,0.0005534703436071985,1
2963,0.611748732464868,1.0,0.9989034717260672,0.0005485649504507143,1
2964,0.6117543416256934,1.0,0.9988700096310483,0.000565314644715008,1
2965,0.6117516503527756,1.0,0.9988860645200422,0.00055727818360644,1
2966,0.611751989955585,1.0,0.9988840385854976,0.0005582922815456889,1
2967,0.6117522808917067,1.0,0.998882302981844,0.0005591610536425626,1
2968,0.611749464883493,1.0,0.9988991023030547,0.0005507520649681167,1
2969,0.6117522368454178,1.0,0.9988825657433567,0.0005590295258953528,1
2970,0.6117481723256164,1.0,0.9989068133935333,0.0005468922853879116,1
2971,0.6202257257081418,0.951229424500714,0.9988736949727905,0.0005634698926911242,0
2972,0.6288748115972117,0.9048374180359595,0.9989025585998036,0.0005490220149753829,0
2973,0.6117446750070671,1.0,0.998927678004885,0.0005364486718441778,1
2974,0.6202227801284191,0.951229424500714,0.9988908662326068,0.0005548746557197192,0
2975,0.6117477444475178,1.0,0.998909366031361,0.0005456145713248753,1
2976,0.6202252028011053,0.951229424500714,0.9988767432291478,0.000561944048271856,0
2977,0.6288793176795014,0.9048374180359595,0.998876797661835,0.0005619168013236389,0
2978,0.6117477387323125,1.0,0.9989094001272344,0.0005455975047751107,1
2979,0.6117533009148108,1.0,0.9988762179847963,0.0005622069658406006,1
2980,0.6202149739712093,0.951229424500714,0.9989363742684652,0.0005320958913983027,0
2981,0.6288776495470954,0.9048374180359595,0.9988863341459765,0.0005571432203171343,0
2982,0.6376851222944752,0.8607079764250578,0.9988976348057234,0.000551486622845843,0
2983,0.6117486649937374,1.0,0.9989038742430925,0.0005483634710507787,1
2984,0.6202208775378327,0.951229424500714,0.9989019576098893,0.0005493228401609227,0
2985,0.6288742151230006,0.9048374180359595,0.9989059686660994,0.0005473151115112557,0
2986,0.6117472917055619,1.0,0.9989120670127857,0.0005442626079411881,1
2987,0.6117478642054267,1.0,0.998908651577896,0.0005459721882142671,1
2988,0.6202247429203986,0.951229424500714,0.9988794240881139,0.0005606021132499294,0
2989,0.6288793047331529,0.9048374180359595,0.9988768716738587,0.0005618797537011743,0
2990,0.6376872109355276,0.8607079764250578,0.9988858851155633,0.0005573679858879461,0
2991,0.6117477938446086,1.0,0.9989090713373889,0.0005457620792097598,1
2992,0.6202223264546884,0.951229424500714,0.9988935109614437,0.0005535508247461949,0
2993,0.6117470660277695,1.0,0.998913413372158,0.0005435886955371281,1
2994,0.6202237885816574,0.951229424500714,0.9988849874061265,0.000557817341441704,0
2995,0.6288732773872634,0.9048374180359595,0.9989113297697406,0.0005446316310721727,0
2996,0.6376878746405299,0.8607079764250578,0.9988821514677063,0.0005592368954853586,0
2997,0.6117543708384093,1.0,0.9988698353636235,0.0005654018770066619,1
2998,0.6202231920808156,0.951229424500714,0.9988884647304124,0.0005560767415342736,0
2999,0.6288805165147296,0.9048374180359595,0.9988699441615142,0.0005653474165149173,0
3000,0.6117492425413573,1.0,0.9989004287365915,0.0005500881177020129,1
3001,0.6117502258961051,1.0,0.9988945623259338,0.0005530245604721697,1
3002,0.6117507354324977,1.0,0.9988915225991565,0.0005545461081494958,1
3003,0.6202240574976293,0.951229424500714,0.998883419755909,0.0005586020421166654,0
3004,0.611753301204906,1.0,0.9988762162542275,0.0005622078320984734,1
3005,0.6117510413983287,1.0,0.9988896973141538,0.0005554597642518311,1
3006,0.6202233219975599,0.951229424500714,0.9988877073743531,0.0005564558410900509,0
3007,0.6288810691981731,0.9048374180359595,0.9988667846026944,0.000566928985684839,0
3008,0.6117530445637347,1.0,0.9988777472542855,0.0005614414714324957,1
3009,0.6117510793853365,1.0,0.998889470697317,0.0005555731986295149,1
3010,0.6202282653288864,0.951229424500714,0.9988588905889489,0.0005708804860552468,0
3011,0.6117543830241178,1.0,0.9988697626702233,0.0005654382648322812,1
3012,0.6202245350618949,0.951229424500714,0.9988806357955694,0.0005599955802233523,0
3013,0.611753259697192,1.0,0.9988764638694139,0.0005620838852311743,1
3014,0.6202230881672349,0.951229424500714,0.998889070500337,0.0005557735196219211,0
3015,0.6288764255507252,0.9048374180359595,0.9988933316438391,0.0005536405828729191,0
3016,0.6117537012387317,1.0,0.9988738298483045,0.0005634023788975533,1
3017,0.6202247590318111,0.951229424500714,0.998879330167009,0.0005606491264865061,0
3018,0.6117551788368476,1.0,0.9988650152955204,0.0005678146436966258,1
3019,0.6202195115954368,0.951229424500714,0.9989099206412002,0.000545336963713996,0
3020,0.6288774140865119,0.9048374180359595,0.9988876802517747,0.0005564694174803538,0
3021,0.6117498798888137,1.0,0.9988966264997001,0.0005519913324862066,1
3022,0.6202140042568369,0.951229424500714,0.9989420276784593,0.0005292661846510611,0
3023,0.6117497949512735,1.0,0.9988971332120866,0.000551737696502022,1
3024,0.6202201256971155,0.951229424500714,0.9989063406028317,0.0005471289395017417,0
3025,0.6288758425018077,0.9048374180359595,0.99889666491529,0.0005519721034749292,0
3026,0.6117484135219317,1.0,0.9989053744673596,0.0005476125363616538,1
3027,0.6202199581749729,0.951229424500714,0.998907317207529,0.0005466401027708733,0
3028,0.611748086568744,1.0,0.9989073250016337,0.0005466362014556652,1
3029,0.6202221436192203,0.951229424500714,0.9988945768188702,0.0005530173059846097,0
3030,0.611749037942597,1.0,0.9989016493202418,0.0005494771544520702,1
3031,0.6202269252794484,0.951229424500714,0.998866702191259,0.000566970238152195,0
3032,0.6117500592243399,1.0,0.9988955566379553,0.0005525268545259753,1
3033,0.6202244295880461,0.951229424500714,0.9988812506542986,0.0005596878064424447,0
3034,0.628877721915562,0.9048374180359595,0.9988859204228182,0.0005573503125706757,0
3035,0.6117424785439635,1.0,0.9989407821919711,0.0005298895878266813,1
3036,0.611752230567976,1.0,0.9988826031919255,0.000559010780664737,1
3037,0.6117433932281482,1.0,0.9989353251180934,0.0005326210254057281,1
3038,0.6117536258216587,1.0,0.9988742797489806,0.0005631771749922981,1
3039,0.6117529002942954,1.0,0.998878607899189,0.0005610106656931423,1
3040,0.6117503498875002,1.0,0.9988938226327153,0.0005533948165132871,1
3041,0.6117482160819789,1.0,0.9989065523521037,0.0005470229489594245,1
3042,0.6117435827495439,1.0,0.998934194424937,0.0005331869748559891,1
3043,0.6117506397905343,1.0,0.9988920931666426,0.0005542605079064505,1
3044,0.6117438496382165,1.0,0.9989326021583844,0.0005339839581961171,1
3045,0.620222479695832,0.951229424500714,0.9988926176283052,0.0005539979862945678,0
3046,0.6117533463223213,1.0,0.998875947105393,0.000562342557936554,1
3047,0.6117447638047891,1.0,0.9989271482395259,0.0005367138389384724,1
3048,0.6202267645544395,0.951229424500714,0.9988676391176531,0.0005665012436644327,0
3049,0.6117456604542358,1.0,0.9989217988712046,0.0005393914028899824,1
3050,0.6117465901451108,1.0,0.9989162524246054,0.0005421676272168848,1
3051,0.6117493843593395,1.0,0.9988995826882492,0.0005505116077097588,1
3052,0.6117541786445814,1.0,0.998870981889955,0.0005648279655554636,1
3053,0.6117481508270246,1.0,0.998906941649733,0.000546828087111407,1
3054,0.6202253225119283,0.951229424500714,0.9988760453806511,0.0005622933650144928,0
3055,0.6288789132381691,0.9048374180359595,0.9988791097861175,0.0005607594405701028,0
3056,0.6376835362753966,0.8607079764250578,0.998906557105425,0.0005470205696971549,0
3057,0.6466208041722132,0.8187307530779818,0.9989107353403152,0.0005449291697948664,0
3058,0.6117505211805935,1.0,0.9988928007539642,0.0005539063219659652,1
3059,0.6202237035628264,0.951229424500714,0.9988854830255728,0.0005575692551607425,0
3060,0.62888051955395,0.9048374180359595,0.9988699267869828,0.0005653561136089245,0
3061,0.6117550816337614,1.0,0.9988655951530842,0.0005675243855603578,1
3062,0.6117522985944033,1.0,0.9988821973750796,0.0005592139161118115,1
3063,0.6202181650720101,0.951229424500714,0.998917770554345,0.0005414077393972437,0
3064,0.6117535311091717,1.0,0.9988748447569097,0.000562894352728868,1
3065,0.6117583737442952,1.0,0.9988459566006546,0.0005773549100988133,1
3066,0.6202214117182124,0.951229424500714,0.9988988435243423,0.0005508815969424917,0
3067,0.6288782289556554,0.9048374180359595,0.9988830217327275,0.0005588012762079578,0
3068,0.6376826793666306,0.8607079764250578,0.9989113777691606,0.0005446076052065161,0
3069,0.6466199038688308,0.8187307530779818,0.9989157352511022,0.0005424264945822527,0
3070,0.6117453808248505,1.0,0.998923467122327,0.0005385563777001386,1
3071,0.6202255957848415,0.951229424500714,0.9988744523519251,0.0005630907762666916,0
3072,0.6288735137412688,0.9048374180359595,0.998909978512967,0.0005453079962545537,0
3073,0.6376870523242164,0.8607079764250578,0.9988867773802724,0.0005569213561357892,0
3074,0.6466231785579174,0.8187307530779818,0.9988975491362494,0.0005515295048562865,0
3075,0.655669892601846,0.7788007830714049,0.9988608397660997,0.000569904785049142,0
3076,0.6647793847216641,0.7408182206817179,0.9988960408834315,0.0005522844641400765,0
3077,0.6739505192791873,0.7046880897187134,0.9988695490598138,0.0005655451909002629,0
3078,0.6831411569081203,0.6703200460356393,0.9988769788728584,0.0005618260939374357,0
3079,0.692326511506809,0.6376281516217733,0.9989245168990181,0.0005380309239622295,0
3080,0.7015043766729615,0.6065306597126334,0.9989019595926876,0.0005493218476719879,0
3081,0.7106384366055865,0.5769498103804866,0.9988910529405284,0.0005547811981106343,0
3082,0.6117491771968387,1.0,0.9989008185649617,0.0005498929889970512,1
3083,0.6117502977207293,1.0,0.9988941338429752,0.0005532390390901231,1
3084,0.6202193604521028,0.951229424500714,0.9989108017667133,0.0005448959203795112,0
3085,0.628878752438859,0.9048374180359595,0.9988800290512252,0.0005602992924522409,0
3086,0.637686839530748,0.8607079764250578,0.9988879744472203,0.0005563221559773106,0
3087,0.6466236341942467,0.8187307530779818,0.9988950187741327,0.0005527960838582041,0
3088,0.6556655649855951,0.7788007830714049,0.9988846373307515,0.0005579925745470066,0
3089,0.6647791207237929,0.7408182206817179,0.9988974826501017,0.0005515627846205358,0
3090,0.6117494039195868,1.0,0.998899465997103,0.0005505700175614845,1
3091,0.6202211492439834,0.951229424500714,0.9989003736559432,0.0005501156883428052,0
3092,0.6117507714067532,1.0,0.9988913079890868,0.0005546535322730687,1
3093,0.6202209478064022,0.951229424500714,0.9989015479678147,0.000549527886389663,0
3094,0.6117531021987404,1.0,0.9988774034307472,0.0005616135763764615,1
3095,0.6117476478825192,1.0,0.9989099421207825,0.0005453262122029048,1
3096,0.6117536220465154,1.0,0.9988743022696116,0.0005631659019866431,1
3097,0.6117461201125474,1.0,0.9989190565880339,0.0005407640263215144,1
3098,0.6117455232693909,1.0,0.9989226173067401,0.0005389817435947184,1
3099,0.6117520357827336,1.0,0.998883765199527,0.0005584291272642381,1
3100,0.6117475632797774,1.0,0.9989104468459408,0.0005450735742976323,1
3101,0.6117476515750657,1.0,0.998909920091705,0.0005453372387614318,1
3102,0.6117491878996851,1.0,0.9989007547145535,0.0005499249493323253,1
3103,0.6117482034396791,1.0,0.9989066277734456,0.0005469851970100981,1
3104,0.6117469871670536,1.0,0.9989138838438317,0.0005433532038735902,1
3105,0.6117494116788618,1.0,0.998899419707372,0.0005505931879273383,1
3106,0.6202239465732062,0.951229424500714,0.9988840663912889,0.0005582783631178192,0
3107,0.6117528020169621,1.0,0.9988791941770467,0.0005607171977576787,1
3108,0.6117461686743934,1.0,0.9989187668727673,0.0005409090407282,1
3109,0.6202250269360593,0.951229424500714,0.9988777684272513,0.0005614308730556008,0
3110,0.6117473672771222,1.0,0.9989116161649626,0.0005444882774168503,1
3111,0.6202187176622451,0.951229424500714,0.9989145490733171,0.0005430202275907159,0
3112,0.6117553116843442,1.0,0.9988642228047744,0.0005682113394704561,1
3113,0.6117477996814369,1.0,0.9989090365159525,0.0005457795089428964,1
3114,0.6202225406774168,0.951229424500714,0.9988922621309452,0.00055417593206019,0
3115,0.6117494673474789,1.0,0.9988990876035908,0.0005507594228003395,1
3116,0.6117464169973243,1.0,0.9989172854041974,0.0005416505773363387,1
3117,0.6117476879238739,1.0,0.9989097032411984,0.0005454457823476241,1
3118,0.6202208964392503,0.951229424500714,0.9989018474209729,0.0005493779951847277,0
3119,0.628871145393987,0.9048374180359595,0.9989235186760549,0.0005385305730573564,0
3120,0.6376840898321146,0.8607079764250578,0.9989034430082968,0.000548579325098336,0
3121,0.6117490042440599,1.0,0.9989018503572735,0.0005493765254203814,1
3122,0.6117476766662686,1.0,0.9989097704020564,0.0005454121652672118,1
3123,0.611751261558344,1.0,0.9988883839196915,0.0005561171918583118,1
3124,0.6202218395342455,0.951229424500714,0.9988963495158657,0.0005521299773997568,0
3125,0.6288728176400149,0.9048374180359595,0.9989139581925623,0.0005433159890900572,0
3126,0.6117539201257474,1.0,0.9988725240791669,0.0005640559999816564,1
3127,0.6202199178411936,0.951229424500714,0.9989075523417734,0.0005465224070584371,0
3128,0.6288805498422207,0.9048374180359595,0.998869753635849,0.0005654427871307813,0
3129,0.6376907368033176,0.8607079764250578,0.9988660506833221,0.0005672963618220832,0
3130,0.6466197173746614,0.8187307530779818,0.998916770966044,0.0005419080752760537,0
3131,0.655661035757581,0.7788007830714049,0.9989095442671747,0.0005455253561248842,0
3132,0.6647790198702889,0.7408182206817179,0.9988980334400791,0.00055128708574499,0
3133,0.6117425330384905,1.0,0.9989404570723187,0.0005300523200482134,1
3134,0.6202262261695498,0.951229424500714,0.9988707775743443,0.0005649302388396546,0
3135,0.6117514461611385,1.0,0.9988872826486511,0.000556668440458858,1
3136,0.6117522280700263,1.0,0.9988826180936402,0.0005590033214725371,1
3137,0.6117511991261325,1.0,0.9988887563672625,0.0005559307608678337,1
3138,0.6202176521511287,0.951229424500714,0.9989207607849114,0.0005399110065434591,0
3139,0.6288735179057915,0.9048374180359595,0.9989099547040441,0.0005453199137064522,0
3140,0.6117486671109821,1.0,0.9989038616121005,0.0005483697934769586,1
3141,0.6202275423097086,0.951229424500714,0.9988631053019487,0.0005687707265349419,0
3142,0.6117515015938018,1.0,0.9988869519585267,0.0005568339697356987,1
3143,0.6117509368896138,1.0,0.9988903207759877,0.0005551476869318697,1
3144,0.6202235995296461,0.951229424500714,0.9988860894901302,0.0005572656846395418,0
3145,0.6117558255259152,1.0,0.9988611575342766,0.0005697457197851521,1
3146,0.6202228610473977,0.951229424500714,0.9988903945097241,0.0005551107791092022,0
3147,0.6288786819777622,0.9048374180359595,0.9988804318669199,0.0005600976588216675,0
3148,0.6376847737712872,0.8607079764250578,0.9988995954469311,0.0005505052213412026,0
3149,0.611748288075852,1.0,0.9989061228517354,0.0005472379342649065,1
3150,0.6202206966197568,0.951229424500714,0.9989030123023912,0.0005487949145036158,0
3151,0.6117520035569933,1.0,0.9988839574450629,0.0005583328970900951,1
3152,0.611750619891668,1.0,0.9988922118765854,0.0005542010871058844,1
3153,0.6117476825054334,1.0,0.9989097355666436,0.0005454296019838955,1
3154,0.6202198663226371,0.951229424500714,0.998907852680141,0.000546372073665828,0
3155,0.6288776934052607,0.9048374180359595,0.9988860834132819,0.000557268726452032,0
3156,0.6117490714882202,1.0,0.9989014491955173,0.0005495773268487936,1
3157,0.6117552844546883,1.0,0.9988643852409563,0.0005681300290355472,1
3158,0.6117480298480423,1.0,0.9989076633860473,0.0005464668242032215,1
3159,0.6202249167708657,0.951229424500714,0.9988784106315134,0.000561109410272074,0
3160,0.611744803430474,1.0,0.9989269118336518,0.0005368321688399464,1
3161,0.611750285627428,1.0,0.9988942059877615,0.0005532029267628937,1
3162,0.6117512608336217,1.0,0.9988883882431162,0.0005561150277403151,1
3163,0.6202241478033975,0.951229424500714,0.9988828933176886,0.0005588655555301076,0
3164,0.6117453002766274,1.0,0.9989239476686759,0.0005383158456428351,1
3165,0.6117482583154457,1.0,0.9989063003960529,0.0005471490649018775,1
3166,0.6117506389879399,1.0,0.9988920979546507,0.0005542581112471657,1
3167,0.6117419035779678,1.0,0.9989442125047312,0.0005281726157441245,1
3168,0.6117535567298197,1.0,0.9988746919167281,0.0005629708589068509,1
3169,0.6117451655732867,1.0,0.9989247513023053,0.0005379135961482861,1
3170,0.6117474378595347,1.0,0.9989111950818719,0.0005446990484063084,1
3171,0.6117488591088872,1.0,0.9989027161980497,0.0005489431292861185,1
3172,0.6117518467686923,1.0,0.9988848927804841,0.0005578647070784764,1
3173,0.6117499492474503,1.0,0.9988962127267567,0.0005521984475260359,1
3174,0.6117535118353442,1.0,0.9988749597351063,0.0005628367988768274,1
3175,0.6117447362178035,1.0,0.9989273128228625,0.0005366314588953777,1
3176,0.6202238612734351,0.951229424500714,0.9988845636478302,0.0005580294571465249,0
3177,0.6117466369139325,1.0,0.9989159734075197,0.0005423072871353022,1
3178,0.6202236340602548,0.951229424500714,0.9988858881928486,0.0005573664455291117,0
3179,0.6288796463273254,0.9048374180359595,0.9988749188418621,0.0005628572685285553,0
3180,0.6376819922793009,0.8607079764250578,0.9989152430996096,0.0005426728374901471,0
3181,0.6117506933742193,1.0,0.9988917735045082,0.0005544205162736132,1
3182,0.6117532576809526,1.0,0.9988764758973366,0.0005620778645053128,1
3183,0.6202201409636106,0.951229424500714,0.998906251603734,0.000547173487773186,0
3184,0.6288784245084017,0.9048374180359595,0.9988819037831405,0.0005593608763755104,0
3185,0.6376857913104219,0.8607079764250578,0.998893871224326,0.0005533704938032901,0
3186,0.6466204824431359,0.8187307530779818,0.9989125220863634,0.0005440348233898032,0
3187,0.6556594861779907,0.7788007830714049,0.9989180658151774,0.0005412599490598477,0
3188,0.611746856907011,1.0,0.9989146609572122,0.0005429642248581234,1
3189,0.6202256812240218,0.951229424500714,0.9988739542898818,0.0005633400879626283,0
3190,0.6117545283499684,1.0,0.9988688957347639,0.0005658722232260902,1
3191,0.611751594020865,1.0,0.9988864005742875,0.0005571099691320529,1
3192,0.6117512075777608,1.0,0.9988887059479499,0.0005559559985700417,1
3193,0.6202161975939446,0.951229424500714,0.9989292406442835,0.0005356665140310469,0
3194,0.6288776916065842,0.9048374180359595,0.9988860936961311,0.0005572635792939544,0
3195,0.6117518638917784,1.0,0.9988847906310325,0.0005579158388242223,1
3196,0.6202217462811508,0.951229424500714,0.9988968931459938,0.0005518578620894636,0
3197,0.6117534624237667,1.0,0.9988752545004196,0.000562689250243836,1
3198,0.620219579706802,0.951229424500714,0.9989095235703845,0.0005455357158168404,0
3199,0.6288751327164062,0.9048374180359595,0.9989007227553981,0.0005499409464950963,0
3200,0.6117534822391671,1.0,0.9988751362914132,0.0005627484213028537,1
3201,0.6202216898214258,0.951229424500714,0.9988972222849549,0.0005516931108978801,0
3202,0.6288813698268556,0.9048374180359595,0.9988650659862389,0.0005677892695387611,0
3203,0.6376854242057853,0.8607079764250578,0.998895936386858,0.0005523367701732544,0
3204,0.6117515642871038,1.0,0.9988865779543984,0.0005570211802091748,1
3205,0.6202219660246837,0.951229424500714,0.9988956121253201,0.0005524990801691081,0
3206,0.6117488965222717,1.0,0.9989024929988833,0.0005490548514727294,1
3207,0.6202252440731966,0.951229424500714,0.9988765026353943,0.0005620644804393231,0
3208,0.6288732727796675,0.9048374180359595,0.998911356111799,0.0005446184456886264,0
3209,0.6376856334008879,0.8607079764250578,0.9988947595503587,0.0005529258391391616,0
3210,0.6117496093273493,1.0,0.9988982405911703,0.0005511833959474062,1
3211,0.6202223904297848,0.951229424500714,0.9988931380126818,0.0005537375057224416,0
3212,0.6288757576407185,0.9048374180359595,0.9988971500645987,0.0005517292609427646,0
3213,0.6117486251210686,1.0,0.9989041121142458,0.0005482444049769043,1
3214,0.6202233424834958,0.951229424500714,0.9988875879506564,0.0005565156194329663,0
3215,0.6117471579718035,1.0,0.9989128648477128,0.000543863256168977,1
3216,0.6117513838508543,1.0,0.9988876543682352,0.0005564823736616289,1
3217,0.6202232214025062,0.951229424500714,0.9988882937981013,0.0005561623028015,0
3218,0.6288704629543584,0.9048374180359595,0.9989274203222843,0.0005365776514688356,0
3219,0.6376859588803817,0.8607079764250578,0.998892928554319,0.0005538423509639898,0
3220,0.6466194914942102,0.8187307530779818,0.9989180254185992,0.0005412801692262594,0
3221,0.6117484832529273,1.0,0.9989049584675758,0.0005478207642284316,1
3222,0.6202241971283879,0.951229424500714,0.9988826057774174,0.0005590094864726279,0
3223,0.6117490489358992,1.0,0.9989015837369685,0.0005495099821461556,1
3224,0.6202213373776184,0.951229424500714,0.9988992769032821,0.0005506646686476073,0
3225,0.61174880379314,1.0,0.9989030461985012,0.0005487779478366886,1
3226,0.6202172899296591,0.951229424500714,0.9989228724744361,0.0005388540221581321,0
3227,0.6117506822531629,1.0,0.9988918398489554,0.0005543873072480028,1
3228,0.6202225028863156,0.951229424500714,0.9988924824373773,0.0005540656567000661,0
3229,0.6117497964357104,1.0,0.9988971243563691,0.0005517421292494867,1
3230,0.6202213850751861,0.951229424500714,0.9988989988435772,0.0005508038517214025,0
3231,0.6288721878906384,0.9048374180359595,0.9989175585504443,0.0005415138562016303,0
3232,0.6117475153611858,1.0,0.9989107327200459,0.0005449304813581492,1
3233,0.6202221718462207,0.951229424500714,0.9988944122666761,0.0005530996731390275,0
3234,0.6117522974897688,1.0,0.9988822039648594,0.0005592106175347504,1
3235,0.6117509978146569,1.0,0.9988899573187723,0.0005553296174571669,1
3236,0.6117496687797258,1.0,0.9988978859151465,0.0005513609295901739,1
3237,0.6202221809053147,0.951229424500714,0.9988943594557674,0.0005531261078198935,0
3238,0.6288741650599019,0.9048374180359595,0.9989062548795017,0.0005471718480959773,0
3239,0.6117459828611026,1.0,0.9989198754175309,0.0005403541687079038,1
3240,0.6117424657962478,1.0,0.9989408582461069,0.0005298515204385637,1
3241,0.620227977095846,0.951229424500714,0.9988605707896727,0.0005700394266591564,0
3242,0.6117479440097644,1.0,0.9989081754804502,0.0005462104970719013,1
3243,0.6117533867076291,1.0,0.9988757061861305,0.0005624631531376827,1
3244,0.6202277568003199,0.951229424500714,0.9988618549640496,0.0005693966074364724,0
3245,0.6288687425942786,0.9048374180359595,0.9989372560626397,0.0005316545250570154,0
3246,0.6376907250398526,0.8607079764250578,0.9988661168567257,0.000567263237560206,0
3247,0.6117490160056643,1.0,0.9989017801904806,0.0005494116473872501,1
3248,0.6202246035708917,0.951229424500714,0.9988802364233582,0.0005601954901408729,0
3249,0.6117456563400671,1.0,0.9989218234160436,0.0005393791172241868,1
3250,0.6202217705234693,0.951229424500714,0.9988967518224425,0.000551928601903711,0
3251,0.6117494268979119,1.0,0.9988993289146548,0.0005506386343053123,1
3252,0.6202214161391761,0.951229424500714,0.9988988177517217,0.0005508944974584567,0
3253,0.6288843556221244,0.9048374180359595,0.9988479971842336,0.0005763334405313171,0
3254,0.6376863694044692,0.8607079764250578,0.9988906191431773,0.0005549983376295167,0
3255,0.6117513416172167,1.0,0.9988879063182583,0.0005563562583822223,1
3256,0.6202258559258855,0.951229424500714,0.9988729358780385,0.0005638498681796701,0
3257,0.6117505074965768,1.0,0.9988928823882893,0.0005538654595622473,1
3258,0.6202218125435379,0.951229424500714,0.9988965068613972,0.0005520512177170594,0
3259,0.6288802457063549,0.9048374180359595,0.9988714923130508,0.0005645724656086949,0
3260,0.6117520910550285,1.0,0.9988834354678384,0.0005585941773704012,1
3261,0.6117489903497912,1.0,0.9989019332470173,0.0005493350349875421,1
3262,0.6202259224443053,0.951229424500714,0.9988725481141246,0.0005640439689382608,0
3263,0.6117462118344551,1.0,0.998918509384128,0.0005410379244177269,1
3264,0.611747489042804,1.0,0.9989108897310529,0.0005448518902540816,1
3265,0.6117542760595999,1.0,0.9988704007634307,0.0005651188573242451,1
3266,0.6202215747423006,0.951229424500714,0.9988978931534487,0.0005513573064459504,0
3267,0.611752155313715,1.0,0.9988830521272531,0.000558786061951367,1
3268,0.611747634263584,1.0,0.9989100233689423,0.0005452855437937607,1
3269,0.6117502359522753,1.0,0.9988945023339911,0.0005530545896397734,1
3270,0.6117461908559793,1.0,0.9989186345396176,0.0005409752789263486,1
3271,0.6202217330382924,0.951229424500714,0.998896970346863,0.0005518192190289862,0
3272,0.6288729837779017,0.9048374180359595,0.998913008363908,0.0005437914199808784,0
3273,0.6376841753625391,0.8607079764250578,0.9989029618481515,0.0005488201693283236,0
3274,0.6117467196426517,1.0,0.998915479858357,0.0005425543295781373,1
3275,0.6117483070568716,1.0,0.9989060096149949,0.0005472946146397528,1
3276,0.6117474089191582,1.0,0.998911367735377,0.0005446126275658027,1
3277,0.6202217489273634,0.951229424500714,0.9988968777195737,0.0005518655838174991,0
3278,0.6117510169507144,1.0,0.9988898431598756,0.000555386760339799,1
3279,0.6202249295853552,0.951229424500714,0.9988783359298502,0.000561146803044414,0
3280,0.6288750578283707,0.9048374180359595,0.9989011508912805,0.000549726643020853,0
3281,0.6117447551463188,1.0,0.9989271998957612,0.0005366879830819781,1
3282,0.620220536621233,0.951229424500714,0.9989039450421507,0.0005483280326779811,0
3283,0.628872761823856,0.9048374180359595,0.9989142772999845,0.0005431562619341043,0
3284,0.6376860180833899,0.8607079764250578,0.9988925955062341,0.0005540090595925853,0
3285,0.6466229916475987,0.8187307530779818,0.9988985871391378,0.0005510099308769259,0
3286,0.6117471058728278,1.0,0.9989131756624051,0.0005437076797143427,1
3287,0.6202194529756396,0.951229424500714,0.9989102623789238,0.0005451659084175545,0
3288,0.6288725946715019,0.9048374180359595,0.9989152329301102,0.0005426779277615514,0
3289,0.6376812638407392,0.8607079764250578,0.9989193410797423,0.0005406216265614393,0
3290,0.6466288983337566,0.8187307530779818,0.9988657851100643,0.0005674292992129019,0
3291,0.6117471015350938,1.0,0.9989132015406834,0.0005436947264974827,1
3292,0.6117482179502257,1.0,0.9989065412065312,0.0005470285278458701,1
3293,0.6117534272934985,1.0,0.9988754640705039,0.0005625843472234373,1
3294,0.6117439932690822,1.0,0.9989317452535145,0.0005344128686329192,1
3295,0.620223072465611,0.951229424500714,0.9988891620338615,0.0005557277019616465,0
3296,0.6117514567919948,1.0,0.9988872192290051,0.0005567001856062235,1
3297,0.6202192319768282,0.951229424500714,0.998911550744329,0.0005445210233749045,0
3298,0.6288761185229459,0.9048374180359595,0.9988950869096574,0.0005527619784111235,0
3299,0.6117494776379443,1.0,0.9988990262135002,0.000550790151676311,1
3300,0.611752857045755,1.0,0.9988788659002416,0.0005608815203610124,1
3301,0.6202227946300146,0.951229424500714,0.9988907816945116,0.0005549169717031486,0
3302,0.6288738529756807,0.9048374180359595,0.9989080390841317,0.0005462787697775887,0
3303,0.6376897897546849,0.8607079764250578,0.9988713781649935,0.000564629604121856,0
3304,0.6466177837705807,0.8187307530779818,0.9989275095168689,0.0005365330062929758,0
3305,0.6556692408606843,0.7788007830714049,0.9988644236488688,0.0005681108032466026,0
3306,0.6647794520432837,0.7408182206817179,0.9988956732214906,0.0005524684983105559,0
3307,0.6739466516570252,0.7046880897187134,0.9988905836932597,0.0005550160822741929,0
3308,0.6831462302858899,0.6703200460356393,0.9988494282281201,0.000575617093867246,0
3309,0.6117467226310243,1.0,0.9989154620301086,0.0005425632533805022,1
3310,0.6202248219489127,0.951229424500714,0.9988789633933444,0.000560832719099202,0
3311,0.611747507563823,1.0,0.9989107792377871,0.0005449071971253336,1
3312,0.6202166370940784,0.951229424500714,0.9989266784108402,0.0005369490056355757,0
3313,0.6288776895825255,0.9048374180359595,0.9988861052674685,0.0005572577871734382,0
3314,0.6376917126239947,0.8607079764250578,0.9988605613871097,0.0005700441333036037,0
3315,0.6117517985296461,1.0,0.9988851805553356,0.0005577206590444517,1
3316,0.6202239838850819,0.951229424500714,0.9988838488811533,0.0005583872396964717,0
3317,0.6288742747664976,0.9048374180359595,0.9989056276811934,0.0005474857907217997,0
3318,0.6376858194974535,0.8607079764250578,0.9988937126572252,0.0005534498651549727,0
3319,0.6466244819297031,0.8187307530779818,0.9988903109226912,0.0005551526190531749,0
3320,0.6556680969407348,0.7788007830714049,0.9988707140274458,0.0005649620482097888,0
3321,0.664782020301758,0.7408182206817179,0.9988816473654665,0.0005594892287392149,0
3322,0.6739484074271405,0.7046880897187134,0.9988810346206167,0.0005597959442741841,0
3323,0.6117497308258122,1.0,0.9988975157659855,0.0005515462084033198,1
3324,0.611753335129793,1.0,0.9988760138746315,0.0005623091357501123,1
3325,0.6117474515426293,1.0,0.9989111134508051,0.000544739908430001,1
3326,0.6202210743973426,0.951229424500714,0.9989008099859074,0.0005498972832443743,0
3327,0.6288731379515854,0.9048374180359595,0.9989121269370193,0.0005442326131929909,0
3328,0.6376798215016091,0.8607079764250578,0.9989274553175205,0.0005365601350632893,0
3329,0.6117510001976404,1.0,0.9988899431027412,0.0005553367333717342,1
3330,0.620220586321581,0.951229424500714,0.9989036553050286,0.0005484730602182599,0
3331,0.6288759937215471,0.9048374180359595,0.9988958003955737,0.0005524048409745524,0
3332,0.6117438236631336,1.0,0.9989327571264116,0.0005339063913939052,1
3333,0.6202158272311342,0.951229424500714,0.998931399822638,0.0005345857688024485,0
3334,0.6117489126944753,1.0,0.9989023965194673,0.0005491031441846517,1
3335,0.6117488996954404,1.0,0.9989024740685328,0.0005490643270475592,1
3336,0.6117476810749183,1.0,0.9989097441008408,0.0005454253302280198,1
3337,0.6202240878568825,0.951229424500714,0.9988832427763482,0.0005586906308212926,0
3338,0.6117489258703093,1.0,0.9989023179156714,0.0005491424892694596,1
3339,0.611748615421841,1.0,0.9989041699776158,0.000548215441552071,1
3340,0.6117494259050772,1.0,0.9988993348376365,0.0005506356695512769,1
3341,0.6117527295606896,1.0,0.9988796264185343,0.0005605008345595108,1
3342,0.6117521856563727,1.0,0.9988828711156598,0.000558876668959521,1
3343,0.6117524527754847,1.0,0.9988812775969812,0.0005596743200133932,1
3344,0.6117538766259505,1.0,0.9988727835767321,0.0005639261047621873,1
3345,0.6117494300069786,1.0,0.9988993103668096,0.0005506479184468108,1
3346,0.6117437113604811,1.0,0.9989334271274032,0.0005335710331017172,1
3347,0.6117503899429163,1.0,0.998893583675021,0.0005535144276859081,1
3348,0.6117472075928774,1.0,0.998912568815946,0.0005440114331627207,1
3349,0.6117502103757224,1.0,0.9988946549156567,0.000552978214380168,1
3350,0.6117546198105085,1.0,0.9988683501312043,0.000566145333997154,1
3351,0.6202167307285121,0.951229424500714,0.9989261325344521,0.0005372222371695199,0
3352,0.6288742174635734,0.9048374180359595,0.9989059552849223,0.0005473218094275994,0
3353,0.6376829538305917,0.8607079764250578,0.9989098337293337,0.0005453804670712401,0
3354,0.6466226641242686,0.8187307530779818,0.9989004060368932,0.0005500994800449881,0
3355,0.6556689630270044,0.7788007830714049,0.9988659514429833,0.0005673460383246034,0
3356,0.6647803074189234,0.7408182206817179,0.9988910017921765,0.0005548068006791232,0
3357,0.6117551782846135,1.0,0.9988650185898297,0.000567812994670388,1
3358,0.6202186537696375,0.951229424500714,0.9989149215525825,0.0005428337856191249,0
3359,0.6117527369500722,1.0,0.9988795823367934,0.0005605229001521984,1
3360,0.6117531099505604,1.0,0.9988773571870211,0.0005616367242257112,1
3361,0.6202160714922531,0.951229424500714,0.9989299758038584,0.0005352985403675193,0
3362,0.6117482462093755,1.0,0.9989063726183322,0.0005471129142255746,1
3363,0.6117492562804008,1.0,0.998900346773067,0.0005501291445779079,1
3364,0.6117468786121268,1.0,0.9989145314674329,0.0005430290400984226,1
3365,0.6117571776490944,1.0,0.9988530916460285,0.0005737832783356315,1
3366,0.6202196401391993,0.951229424500714,0.9989091712660602,0.0005457120603096063,0
3367,0.6288734994414544,0.9048374180359595,0.9989100602662012,0.0005452670750341752,0
3368,0.637687196167697,0.8607079764250578,0.9988859681916512,0.0005573264015159235,0
3369,0.6466228481542431,0.8187307530779818,0.9988993840276484,0.0005506110474452184,0
3370,0.655665284164954,0.7788007830714049,0.9988861815865029,0.0005572195851045994,0
3371,0.6647817094770668,0.7408182206817179,0.9988833448396689,0.0005586395421098772,0
3372,0.6739465008032367,0.7046880897187134,0.9988914041433099,0.0005546054018019358,0
3373,0.6831350006383549,0.6703200460356393,0.9989104111164199,0.0005450914585442288,0
3374,0.69233371004439,0.6376281516217733,0.9988853843396848,0.0005576186531621039,0
3375,0.6117498719776098,1.0,0.9988966736956001,0.0005519677084706669,1
3376,0.6117445332630941,1.0,0.9989285236473453,0.0005360253969059836,1
3377,0.6202222264678284,0.951229424500714,0.9988940938445221,0.0005532590604580618,0
3378,0.6288784895955581,0.9048374180359595,0.9988815316887188,0.0005595471318724976,0
3379,0.6376885758072691,0.8607079764250578,0.9988782070997874,0.0005612112904131446,0
3380,0.6466243387033347,0.8187307530779818,0.9988911063204065,0.0005547544785417206,0
3381,0.655667465535105,0.7788007830714049,0.998874186126255,0.0005632240391131717,0
3382,0.6117459738569981,1.0,0.9989199291352254,0.0005403272808190838,1
3383,0.6202219884840209,0.951229424500714,0.9988954811961144,0.0005525646171545035,0
3384,0.628879134423789,0.9048374180359595,0.9988778453035702,0.0005613923917126854,0
3385,0.6376871530519411,0.8607079764250578,0.9988862107383842,0.0005572049929110992,0
3386,0.6466249170728204,0.8187307530779818,0.9988878943902996,0.00055636222900149,0
3387,0.6117504437822558,1.0,0.9988932624870197,0.0005536751995930297,1
3388,0.6202199076847316,0.951229424500714,0.9989076115510154,0.0005464927700614891,0
3389,0.6117501498846688,1.0,0.9988950157863868,0.0005527975793836304,1
3390,0.6202233449267585,0.951229424500714,0.9988875737075463,0.0005565227489189683,0
3391,0.6117520517619885,1.0,0.9988836698738739,0.0005584768433554239,1
3392,0.6117471435607194,1.0,0.9989129508220691,0.0005438202222089234,1
3393,0.6202211055726636,0.951229424500714,0.9989006282445624,0.0005499882539191644,0
3394,0.6288720147126239,0.9048374180359595,0.9989185486344284,0.0005410182780204912,0
3395,0.6117502079590796,1.0,0.998894669332589,0.0005529709979373964,1
3396,0.6117535022483983,1.0,0.9988750169261279,0.0005628081711595401,1
3397,0.6117463017787517,1.0,0.998917972785712,0.0005413065141750769,1
3398,0.6117470123737863,1.0,0.9989137334640584,0.0005434284755196679,1
3399,0.6117518221379815,1.0,0.9988850397174358,0.0005577911565913252,1
3400,0.6117490651394065,1.0,0.9989014870709336,0.0005495583683140837,1
3401,0.6117516383107842,1.0,0.9988861363578602,0.0005572422246427933,1
3402,0.6117540837523853,1.0,0.9988715479671401,0.0005645446071263509,1
3403,0.6117494163787627,1.0,0.9988993916690393,0.0005506072225400317,1
3404,0.6117493924228667,1.0,0.9988995345834234,0.0005505356866200707,1
3405,0.6117484479819539,1.0,0.9989051688864132,0.0005477154394857939,1
3406,0.6117535186296317,1.0,0.9988749192037192,0.0005628570873962143,1
3407,0.6202206809216839,0.951229424500714,0.9989031038170355,0.0005487491069332117,0
3408,0.6117532120447916,1.0,0.9988767481409752,0.0005619415895964726,1
3409,0.6202255039952185,0.951229424500714,0.998874987433848,0.0005628229339075612,0
3410,0.6288738454511933,0.9048374180359595,0.9989080821021403,0.0005462572372610958,0
3411,0.6376841302166374,0.8607079764250578,0.9989032158209982,0.0005486930434592358,0
3412,0.611746933750406,1.0,0.9989142025200465,0.0005431936925438157,1
3413,0.6202200210454407,0.951229424500714,0.9989069506910792,0.0005468235614916163,0
3414,0.6288752004367536,0.9048374180359595,0.9989003355974967,0.0005501347385145186,0
3415,0.6117495071906989,1.0,0.9988988499099132,0.0005508784006374418,1
3416,0.620219783356269,0.951229424500714,0.998908336350478,0.000546129974147532,0
3417,0.6288720755515722,0.9048374180359595,0.9989182008091299,0.0005411923789817735,0
3418,0.6376794047696064,0.8607079764250578,0.9989297997629556,0.0005353866551116389,0
3419,0.6117479751761565,1.0,0.9989079895477956,0.0005463035650217086,1
3420,0.6202238368585399,0.951229424500714,0.9988847059749636,0.000557958214117791,0
3421,0.6117497322731276,1.0,0.9988975071317195,0.0005515505303011431,1
3422,0.6202234377642131,0.951229424500714,0.9988870325076373,0.0005567936503045832,0
3423,0.6288728149095073,0.9048374180359595,0.9989139738031859,0.0005433081752922556,0
3424,0.6376765544270389,0.8607079764250578,0.9989458353730473,0.0005273603246383866,0
3425,0.6466213473852886,0.8187307530779818,0.998907718575524,0.0005464391992899504,0
3426,0.6556647700070658,0.7788007830714049,0.9988890089901447,0.0005558043089238527,0
3427,0.6647781125352785,0.7408182206817179,0.9989029886725604,0.0005488067423941767,0
3428,0.6739523800134073,0.7046880897187134,0.998859429349003,0.0005706107983577343,0
3429,0.6831377423771711,0.6703200460356393,0.9988955216885873,0.0005525443485313947,0
3430,0.6117494030649661,1.0,0.9988994710955383,0.0005505674655352097,1
3431,0.6202252202980238,0.951229424500714,0.9988766412316573,0.0005619951043688136,0
3432,0.6288782591222822,0.9048374180359595,0.9988828492739394,0.000558887602033485,0
3433,0.6376859302315466,0.8607079764250578,0.9988930897191481,0.0005537616792466028,0
3434,0.6117495610031651,1.0,0.998898528879693,0.0005510390927194549,1
3435,0.620218308799098,0.951229424500714,0.9989169326552203,0.0005418271430262755,0
3436,0.6117493419549626,1.0,0.9988998356613648,0.0005503849818266891,1
3437,0.6202235967069482,0.951229424500714,0.9988861059451407,0.0005572574479594669,0
3438,0.6288800806423962,0.9048374180359595,0.9988724359487632,0.0005641001149240244,0
3439,0.6117441349857591,1.0,0.9989308997698164,0.0005348360627399594,1
3440,0.6117519026677064,1.0,0.9988845593094844,0.0005580316287416884,1
3441,0.6202129496652561,0.951229424500714,0.9989481759721752,0.0005261887914566111,0
3442,0.6288754696545811,0.9048374180359595,0.9988987964785053,0.0005509051457924874,0
3443,0.6376839914026589,0.8607079764250578,0.9989039967336311,0.0005483021585790476,0
3444,0.6466190840031081,0.8187307530779818,0.9989202884712699,0.0005401474185652103,0
3445,0.6556719522922784,0.7788007830714049,0.9988495137594013,0.0005755742789668224,0
3446,0.6117473069834289,1.0,0.9989119758674536,0.0005443082302432779,1
3447,0.6202219561311868,0.951229424500714,0.9988956698005691,0.0005524702106622826,0
3448,0.6288711795226245,0.9048374180359595,0.9989233235562314,0.000538628238113231,0
3449,0.6376832571041685,0.8607079764250578,0.9989081276200996,0.0005462344534038883,0
3450,0.6466235711437235,0.8187307530779818,0.9988953689227744,0.0005526208159002349,0
3451,0.6556630501538255,0.7788007830714049,0.9988984666962686,0.0005510702187169878,0
3452,0.6647805129469991,0.7408182206817179,0.9988898793533985,0.0005553686434661431,0
3453,0.6117470025124521,1.0,0.9989137922953684,0.0005433990278775466,1
3454,0.6117483332057866,1.0,0.9989058536161394,0.000547372699497639,1
3455,0.6202192967133617,0.951229424500714,0.9989111733469848,0.0005447099276954482,0
3456,0.6117509664714443,1.0,0.9988901443012457,0.0005552360223345953,1
3457,0.6117506155940119,1.0,0.9988922375149591,0.0005541882537024999,1
3458,0.6202221910523432,0.951229424500714,0.9988943003026374,0.0005531557171230761,0
3459,0.6117502969568087,1.0,0.9988941384002816,0.0005532367579142576,1
3460,0.6202200606355249,0.951229424500714,0.9989067198925595,0.0005469390870399007,0
3461,0.6117497337746216,1.0,0.9988974981742396,0.0005515550139843804,1
3462,0.6202180250106802,0.951229424500714,0.9989185870838246,0.0005409990325097177,0
3463,0.6288746199270323,0.9048374180359595,0.9989036543839628,0.000548473521256599,0
3464,0.637683521275534,0.8607079764250578,0.9989066414890558,0.000546978331698655,0
3465,0.6466236652113846,0.8187307530779818,0.9988948465217126,0.0005528823053487983,0
3466,0.6117516002038351,1.0,0.9988863636890871,0.0005571284322930973,1
3467,0.6117464563378516,1.0,0.9989170507030384,0.0005417680551245456,1
3468,0.6117483607003205,1.0,0.9989056895896484,0.0005474548025826506,1
3469,0.6202217921003695,0.951229424500714,0.9988966260372961,0.0005519915639436016,0
3470,0.6288763615401465,0.9048374180359595,0.9988936975894713,0.0005534574073757983,0
3471,0.6376893828361216,0.8607079764250578,0.9988736672362954,0.0005634837765763313,0
3472,0.6117527605512849,1.0,0.998879441542567,0.0005605933762329801,1
3473,0.6202210110960007,0.951229424500714,0.9989011790109941,0.000549712567697639,0
3474,0.6117525058888733,1.0,0.9988809607456154,0.0005598329231543304,1
3475,0.6202223875506593,0.951229424500714,0.9988931547968064,0.0005537291043610449,0
3476,0.6117509323475877,1.0,0.9988903478721134,0.0005551341238184613,1
3477,0.6202202230724625,0.951229424500714,0.9989057729338948,0.0005474130848090075,0
3478,0.6117500349386145,1.0,0.998895701519179,0.0005524543338243477,1
3479,0.6202263042888214,0.951229424500714,0.9988703221855978,0.0005651581906731414,0
3480,0.6288711359869654,0.9048374180359595,0.9989235724577712,0.0005385036532212005,0
3481,0.6376883992240099,0.8607079764250578,0.9988792004555431,0.0005607140549870999,0
3482,0.6466188001088236,0.8187307530779818,0.9989218651173121,0.0005393582440854487,0
3483,0.6556630130842995,0.7788007830714049,0.9988986705477676,0.0005509681805794698,0
3484,0.6647889771532812,0.7408182206817179,0.9988436554815711,0.0005785068002971743,0
3485,0.6739459448139714,0.7046880897187134,0.9988944280139868,0.0005530917907690974,0
3486,0.6831381683042923,0.6703200460356393,0.99889320864686,0.0005537021495000762,0
3487,0.6923310226183399,0.6376281516217733,0.9988999935050669,0.0005503059730592223,0
3488,0.6117434225040296,1.0,0.9989351504567449,0.0005327084491655163,1
3489,0.6202229240980429,0.951229424500714,0.9988900269517681,0.0005552947622697081,0
3490,0.6288704624911203,0.9048374180359595,0.9989274229707185,0.0005365763258298689,0
3491,0.6376853191121743,0.8607079764250578,0.9988965275963891,0.0005520408387680894,0
3492,0.6466250402475926,0.8187307530779818,0.9988872103503865,0.0005567046298610326,0
3493,0.6117425538548505,1.0,0.9989403328799301,0.0005301144821097192,1
3494,0.6117512846306223,1.0,0.9988882462790319,0.0005561860887797438,1
3495,0.6202198477254265,0.951229424500714,0.9989079610965624,0.0005463178061899882,0
3496,0.6117470103084945,1.0,0.9989137457852929,0.0005434223082030709,1
3497,0.611751206099757,1.0,0.9988887147651785,0.0005559515850510218,1
3498,0.6202215006456413,0.951229424500714,0.9988983251097511,0.0005511410900479032,0
3499,0.6288760408109897,0.9048374180359595,0.9988955311865382,0.0005525395943050174,0
3500,0.6117534396580359,1.0,0.9988753903096835,0.0005626212691550146,1
3501,0.6117502526337543,1.0,0.9988944028175551,0.0005531044029286844,1
3502,0.6117516458242697,1.0,0.9988860915353394,0.000557264660894661,1
3503,0.611754900271864,1.0,0.998866677054935,0.0005669828205739307,1
3504,0.6117446605312221,1.0,0.9989277643675136,0.00053640544417775,1
3505,0.6202233430977472,0.951229424500714,0.9988875843698498,0.0005565174118301453,0
3506,0.6288734060563388,0.9048374180359595,0.9989105941569384,0.0005449998384651568,0
3507,0.6376837615977065,0.8607079764250578,0.9989052895272861,0.00054765505293993,0
3508,0.6466271179161891,0.8187307530779818,0.9988756722930813,0.0005624801187369493,0
3509,0.6556656938314871,0.7788007830714049,0.9988839287975502,0.000558347236850448,0
3510,0.6117498328432102,1.0,0.9988969071598879,0.0005518508474045423,1
3511,0.6202210421930968,0.951229424500714,0.9989009977255776,0.0005498033101237546,0
3512,0.6117515946988836,1.0,0.9988863965294914,0.0005571119937846939,1
3513,0.6202232039749029,0.951229424500714,0.99888839539321,0.000556111448714974,0
3514,0.6288779341660994,0.9048374180359595,0.998884707009439,0.0005579576963026012,0
3515,0.6117480278659373,1.0,0.9989076752108939,0.0005464609053145579,1
3516,0.6117478359600621,1.0,0.998908820084432,0.0005458878429032246,1
3517,0.6117499331666431,1.0,0.9988963086600345,0.0005521504278859627,1
3518,0.6117474353108338,1.0,0.9989112102869987,0.000544691437556225,1
3519,0.611753291795142,1.0,0.9988762723883743,0.0005621797334490362,1
3520,0.6117480295519451,1.0,0.9989076651525048,0.0005464659400086422,1
3521,0.6117479150322531,1.0,0.9989083483547115,0.0005461239654713896,1
3522,0.6117524767397621,1.0,0.9988811346365114,0.0005597458803094926,1
3523,0.6117509303613521,1.0,0.9988903597212949,0.0005551281926462096,1
3524,0.6117492172128014,1.0,0.9989005798401295,0.0005500124827727257,1
3525,0.620223924632117,0.951229424500714,0.998884194297228,0.0005582143387053772,0
3526,0.6288715033636256,0.9048374180359595,0.9989214720990466,0.0005395549653489418,0
3527,0.637685885506067,0.8607079764250578,0.9988933413236614,0.0005536357375997162,0
3528,0.6466227427743871,0.8187307530779818,0.9988999692538236,0.0005503181120339697,0
3529,0.6556693699560094,0.7788007830714049,0.9988637137607801,0.0005684661509415547,0
3530,0.6647811856942769,0.7408182206817179,0.9988862053267873,0.0005572077017266193,0
3531,0.6117553458932872,1.0,0.9988640187343085,0.0005683134907348912,1
3532,0.6117516772009306,1.0,0.9988859043544626,0.0005573583557092524,1
3533,0.6202187580425177,0.951229424500714,0.9989143136656805,0.0005431380593234844,0
3534,0.6288735147926925,0.9048374180359595,0.9989099725018896,0.0005453110050729682,0
3535,0.6376871187834813,0.8607079764250578,0.9988864035149032,0.0005571084971850042,0
3536,0.6117499751839721,1.0,0.998896057997268,0.0005522758977649765,1
3537,0.6202224671046017,0.951229424500714,0.9988926910299802,0.0005539612447714678,0
3538,0.6288770788895857,0.9048374180359595,0.9988895965450162,0.0005555102048274457,0
3539,0.6376839139520406,0.8607079764250578,0.9989044324405704,0.0005480840661268747,0
3540,0.6466192378255794,0.8187307530779818,0.9989194341982466,0.0005405750169423902,0
3541,0.6117477747754809,1.0,0.998909185100287,0.0005457051356425777,1
3542,0.6117513962819424,1.0,0.9988875802090496,0.0005565194945471224,1
3543,0.6202243621845869,0.951229424500714,0.998881643582362,0.0005594911224092895,0
3544,0.6288810218937995,0.9048374180359595,0.9988670550299344,0.0005667936186831555,0
3545,0.6376804937616236,0.8607079764250578,0.9989236733409047,0.000538453157301833,0
3546,0.6466245852537504,0.8187307530779818,0.998889737120235,0.0005554398390886472,0
3547,0.6556584396327987,0.7788007830714049,0.9989238210919757,0.0005383792021718714,0
3548,0.6647817857507048,0.7408182206817179,0.9988829282941738,0.0005588480477297223,0
3549,0.6117564670016508,1.0,0.9988573308947167,0.0005716612246884128,1
3550,0.6117491818127931,1.0,0.9989007910273734,0.000549906772942411,1
3551,0.620221729535755,0.951229424500714,0.9988969907653363,0.000551808998518854,0
3552,0.6288725987078574,0.9048374180359595,0.9989152098537659,0.000542689478463665,0
3553,0.6376819010068815,0.8607079764250578,0.9989157565700862,0.0005424158235201352,0
3554,0.646620996502838,0.8187307530779818,0.9989096672199451,0.0005454638126330133,0
3555,0.6117474505350189,1.0,0.9989111194620411,0.0005447368995356361,1
3556,0.6117440992418862,1.0,0.9989311130181664,0.0005347293244624408,1
3557,0.6202218333280661,0.951229424500714,0.998896385695521,0.000552111867585523,0
3558,0.6288767582593778,0.9048374180359595,0.9988914295661916,0.0005545926762537604,0
3559,0.61174368376533,1.0,0.9989335917610053,0.0005334886284168607,1
3560,0.6117522940565268,1.0,0.9988822244461206,0.0005592003654444644,1
3561,0.6202197798611786,0.951229424500714,0.9989083567258691,0.0005461197753184504,0
3562,0.6117436983656028,1.0,0.9989335046552795,0.000533532227776302,1
3563,0.6117527013267909,1.0,0.9988797948493328,0.0005604165247088851,1
3564,0.611750588583432,1.0,0.9988923986510327,0.0005541075963229762,1
3565,0.6117524303613652,1.0,0.9988814113099111,0.0005596073886753202,1
3566,0.6117546454104238,1.0,0.9988681974161909,0.0005662217780175422,1
3567,0.6202178001331721,0.951229424500714,0.9989198980766127,0.0005403428269165938,0
3568,0.6117502419023026,1.0,0.9988944668380046,0.0005530723572753764,1
3569,0.6202232008176404,0.951229424500714,0.9988884137986362,0.0005561022357607489,0
3570,0.6288848123062624,0.9048374180359595,0.9988453865072364,0.0005776402862256494,0
3571,0.6117542267161321,1.0,0.998870695120422,0.0005649715124095451,1
3572,0.6117554509372398,1.0,0.9988633921041614,0.0005686271622316818,1
3573,0.6117518682816583,1.0,0.9988847644427759,0.0005579289475717159,1
3574,0.6202169624010985,0.951229424500714,0.9989247819156836,0.0005378982729831335,0
3575,0.6117514012717894,1.0,0.9988875504415059,0.0005565343948945975,1
3576,0.6202197766692054,0.951229424500714,0.9989083753341724,0.0005461104609989235,0
3577,0.6288814797907974,0.9048374180359595,0.998864437351814,0.0005681039439848931,0
3578,0.637690384793523,0.8607079764250578,0.9988680308579528,0.0005663051515058576,0
3579,0.6466273240515348,0.8187307530779818,0.9988745275566627,0.0005630531315283518,0
3580,0.6117459790850235,1.0,0.9989198979452864,0.0005403428926507605,1
3581,0.6202186555312454,0.951229424500714,0.9989149112828091,0.0005428389260837209,0
3582,0.6117467862474181,1.0,0.9989150825029405,0.0005427532230299285,1
3583,0.6202221877588473,0.951229424500714,0.9988943195024047,0.0005531461066131338,0
3584,0.6288764267576263,0.9048374180359595,0.9988933247440405,0.0005536440365943877,0
3585,0.6376849109455262,0.8607079764250578,0.9988988237632062,0.0005508914884026993,0
3586,0.6117521970541437,1.0,0.9988828031213419,0.0005589107041413104,1
3587,0.6117436771969591,1.0,0.9989336309481327,0.0005334690139364385,1
3588,0.6202218423931213,0.951229424500714,0.9988963328497119,0.0005521383196837065,0
3589,0.6117520758655697,1.0,0.9988835260818619,0.0005585488197159939,1
3590,0.6117514651155475,1.0,0.9988871695738594,0.0005567250408381487,1
3591,0.6117530848750226,1.0,0.9988775067759419,0.0005615618457090747,1
3592,0.6202210272381758,0.951229424500714,0.9989010849076372,0.0005497596711365205,0
3593,0.6117469064743533,1.0,0.9989143652452033,0.0005431122415327077,1
3594,0.6202179598723283,0.951229424500714,0.9989189668276843,0.0005408089550637076,0
3595,0.6288761140166569,0.9048374180359595,0.998895112671967,0.0005527490830081836,0
3596,0.6117506565719382,1.0,0.9988919930544491,0.0005543106195247781,1
3597,0.611750386266255,1.0,0.9988936056087931,0.0005535034486525875,1
3598,0.6202276844540381,0.951229424500714,0.9988622766946044,0.0005691855019348902,0
3599,0.6288770008090013,0.9048374180359595,0.9988900429260069,0.0005552867662750157,0
3600,0.6117509678164017,1.0,0.9988901362777067,0.0005552400385615276,1
3601,0.6202269899875329,0.951229424500714,0.9988663249839053,0.0005671590558513679,0
3602,0.6288762580881307,0.9048374180359595,0.9988942890204305,0.0005531613644707682,0
3603,0.6376867354806768,0.8607079764250578,0.9988885597802452,0.0005560291637357825,0
3604,0.6466244576721296,0.8187307530779818,0.9988904456353908,0.0005550851878803298,0
3605,0.6117483156856592,1.0,0.9989059581374817,0.0005473203815857383,1
3606,0.6202215226841633,0.951229424500714,0.998898196633236,0.0005512053991573105,0
3607,0.6288757542186281,0.9048374180359595,0.9988971696286337,0.0005517194681252967,0
3608,0.6376839966372276,0.8607079764250578,0.9989039672859996,0.0005483168985500206,0
3609,0.646621614052658,0.8187307530779818,0.9989062376271723,0.0005471804837058576,0
3610,0.6556605256905541,0.7788007830714049,0.9989123492512935,0.0005441213350117438,0
3611,0.6117522131416065,1.0,0.9988827071503029,0.0005589587433323663,1
3612,0.6202176441773728,0.951229424500714,0.9989208072704826,0.0005398877386467984,0
3613,0.6117448475672584,1.0,0.9989266485147658,0.0005369639697343125,1
3614,0.6117551517713943,1.0,0.9988651767523583,0.0005677338235546128,1
3615,0.6117427277435605,1.0,0.9989392954442133,0.0005306337504890936,1
3616,0.6117511937884955,1.0,0.9988887882096479,0.0005559148219634366,1
3617,0.6117552530105405,1.0,0.9988645728183785,0.0005680361337043887,1
3618,0.6202172175601933,0.951229424500714,0.9989232943768687,0.0005386428435201014,0
3619,0.6117516874859691,1.0,0.9988858429979605,0.0005573890681778966,1
3620,0.611748045773074,1.0,0.9989075683804619,0.0005465143789439881,1
3621,0.6117442695220721,1.0,0.9989300971252633,0.000535237814690881,1
3622,0.6202244771597485,0.951229424500714,0.9988809733354764,0.0005598266211716797,0
3623,0.6117513779686415,1.0,0.9988876894593023,0.0005564648085899923,1
3624,0.6202245813013154,0.951229424500714,0.9988803662435077,0.0005601305073049465,0
3625,0.6288760793696772,0.9048374180359595,0.998895310747666,0.0005526499356217952,0
3626,0.6376816646352921,0.8607079764250578,0.9989170863253183,0.0005417502246754602,0
3627,0.6466244626339558,0.8187307530779818,0.9988904180802423,0.0005550989807587162,0
3628,0.6556622182476395,0.7788007830714049,0.9989030414986617,0.0005487803003369981,0
3629,0.6647789185906798,0.7408182206817179,0.9988985865574784,0.0005510102220273125,0
3630,0.6117525570647906,1.0,0.9988806554525027,0.0005599857407428458,1
3631,0.620222377571147,0.951229424500714,0.9988932129732881,0.0005536999838891639,0
3632,0.6288778554456516,0.9048374180359595,0.9988851570454971,0.0005577324270830634,0
3633,0.611749556686451,1.0,0.9988985546320042,0.000551026202365648,1
3634,0.6202250720595551,0.951229424500714,0.9988775053815325,0.0005615625436972564,0
3635,0.6288768955529086,0.9048374180359595,0.9988906446678195,0.0005549855611345599,0
3636,0.6117526793735575,1.0,0.9988799258125244,0.0005603509696823006,1
3637,0.6202226046417432,0.951229424500714,0.9988918892456319,0.0005543625815102851,0
3638,0.6117502776983829,1.0,0.9988942532899242,0.0005531792494999153,1
3639,0.620219474083926,0.951229424500714,0.9989101393232461,0.0005452275033825499,0
3640,0.6117448309625316,1.0,0.9989267475781134,0.0005369143848408932,1
3641,0.6202188342667563,0.951229424500714,0.998913869296239,0.0005433604855787467,0
3642,0.6288789456764765,0.9048374180359595,0.9988789243414053,0.0005608522669829767,0
3643,0.6376874552395919,0.8607079764250578,0.9988845107900242,0.0005580559155629083,0
3644,0.6466223006923622,0.8187307530779818,0.9989024243573477,0.0005490892099503703,0
3645,0.6556637767947769,0.7788007830714049,0.99889447078642,0.0005530703808827285,0
3646,0.6117422101095282,1.0,0.9989423837002557,0.0005290879852545476,1
3647,0.6117479850304657,1.0,0.9989079307589076,0.0005463329916007402,1
3648,0.6202262155581912,0.951229424500714,0.9988708394322569,0.0005648992749191692,0
3649,0.6288757329126102,0.9048374180359595,0.9988972914348048,0.0005516584978035784,0
3650,0.6117483739609155,1.0,0.9989056104797972,0.0005474944008426493,1
3651,0.6202251152067636,0.951229424500714,0.9988772538565982,0.0005616884475066325,0
3652,0.62887460972185,0.9048374180359595,0.9989037127273416,0.0005484443175506737,0
3653,0.6376807808225928,0.8607079764250578,0.9989220584090823,0.0005392614938999114,0
3654,0.6466260502804443,0.8187307530779818,0.9988816012463312,0.0005595123141249785,0
3655,0.655666215873614,0.7788007830714049,0.9988810580548322,0.0005597842140408786,0
3656,0.6117557203841573,1.0,0.998861784745771,0.0005694317565818302,1
3657,0.6202216243252949,0.951229424500714,0.998897604102956,0.0005515019911712061,0
3658,0.6117533337604868,1.0,0.9988760220432543,0.0005623050468428708,1
3659,0.6202240892170869,0.951229424500714,0.9988832348470245,0.0005586945999157261,0
3660,0.6288748217629268,0.9048374180359595,0.9989025004821513,0.000549051105727746,0
3661,0.6117524322563882,1.0,0.9988814000050232,0.0005596130474491211,1
3662,0.6117544177919199,1.0,0.9988695552642096,0.0005655420851915514,1
3663,0.6202157074867597,0.951229424500714,0.9989320979218568,0.0005342363459217008,0
3664,0.6117523470498839,1.0,0.9988819083103613,0.0005593586102312947,1
3665,0.6117493641254148,1.0,0.9988997033983936,0.0005504511861522563,1
3666,0.6202171296383769,0.951229424500714,0.9989238069473639,0.0005383862820971089,0
3667,0.6117494513185622,1.0,0.9988991832277178,0.0005507115580442133,1
3668,0.6117505836504428,1.0,0.9988924280795988,0.0005540928657245792,1
3669,0.6117467585035523,1.0,0.9989152480192242,0.0005426703750116419,1
3670,0.620220879664904,0.951229424500714,0.9989019452097773,0.0005493290470323662,0
3671,0.6117445668392721,1.0,0.9989283233322632,0.0005361256618885789,1
3672,0.6117497319171663,1.0,0.9988975092552818,0.0005515494673481619,1
3673,0.611746357901312,1.0,0.9989176379645124,0.0005414741061420512,1
3674,0.6117495339475711,1.0,0.9988986902858289,0.0005509583006679002,1
3675,0.6117550560901422,1.0,0.9988657475316703,0.0005674481097454239,1
3676,0.6117491180635246,1.0,0.9989011713391015,0.0005497164078635952,1
3677,0.6202188632473212,0.951229424500714,0.9989137003464138,0.0005434450523490819,0
3678,0.6117501032297331,1.0,0.9988952941152928,0.0005526582610054527,1
3679,0.6202187108632927,0.951229424500714,0.9989145887096421,0.0005430003878936005,0
3680,0.611756644997579,1.0,0.998856269087192,0.0005721927360745744,1
3681,0.6202277410579645,0.951229424500714,0.9988619467314572,0.0005693506714529517,0
3682,0.611745996652066,1.0,0.9989197931418665,0.0005403953510238259,1
3683,0.6202215141209749,0.951229424500714,0.9988982465534865,0.0005511804115012149,0
3684,0.6117448283433559,1.0,0.9989267632040465,0.0005369065634801087,1
3685,0.6202204352151819,0.951229424500714,0.998904536207346,0.0005480321258376727,0
3686,0.6288795915255705,0.9048374180359595,0.9988752321332176,0.0005627004464378019,0
3687,0.611746528195706,1.0,0.9989166220073791,0.0005419826353797602,1
3688,0.6117531306156045,1.0,0.9988772339090664,0.0005616984324832012,1
3689,0.6117458075185392,1.0,0.9989209214966023,0.0005398305638876709,1
3690,0.6117483705391509,1.0,0.9989056308933064,0.0005474841829057297,1
3691,0.6117440249680195,1.0,0.9989315561371133,0.0005345075279627817,1
3692,0.6117553280219412,1.0,0.9988641253442564,0.0005682601251415008,1
3693,0.6117587992849578,1.0,0.9988434181489441,0.00057862560400279,1
3694,0.6117526554172813,1.0,0.9988800687250038,0.0005602794333216799,1
3695,0.6117590867136293,1.0,0.9988417035737238,0.0005794838850209456,1
3696,0.6117450508123338,1.0,0.9989254359613764,0.0005375708982445886,1
3697,0.6117467392688086,1.0,0.9989153627712202,0.0005426129367106406,1
3698,0.6117541231077448,1.0,0.9988713131936012,0.0005646621265245641,1
3699,0.6202274407618026,0.951229424500714,0.998863697259618,0.0005684744109083191,0
3700,0.6117484775795993,1.0,0.9989049923133931,0.0005478038227684014,1
3701,0.6202280961594887,0.951229424500714,0.9988598767298966,0.0005703868525349341,0
3702,0.6288724335515193,0.9048374180359595,0.9989161540736158,0.0005422168560657169,0
3703,0.6117535703725068,1.0,0.9988746105311826,0.0005630115975247343,1
3704,0.6117498453002413,1.0,0.9988968328449045,0.0005518880459310501,1
3705,0.6117542281392707,1.0,0.9988706866307291,0.000564975762055181,1
3706,0.6202293217891156,0.951229424500714,0.9988527321856218,0.0005739632149421743,0
3707,0.6288755493275716,0.9048374180359595,0.9988983409884362,0.0005511331419491829,0
3708,0.6376920871317059,0.8607079764250578,0.9988584546745465,0.000571098692301237,0
3709,0.6466290375392758,0.8187307530779818,0.9988650120658855,0.0005678162603489595,0
3710,0.6556637142243654,0.7788007830714049,0.9988948148699592,0.0005528981487350941,0
3711,0.6117545363303789,1.0,0.9988688481279812,0.0005658960535726175,1
3712,0.6202188850573271,0.951229424500714,0.9989135731992745,0.0005435086950578456,0
3713,0.6288744365996912,0.9048374180359595,0.9989047024733907,0.0005479489016531374,0
3714,0.6376912843436128,0.8607079764250578,0.9988629705932878,0.0005688381575318801,0
3715,0.6117506875706632,1.0,0.9988918081265526,0.0005544031860458655,1
3716,0.6202225004457145,0.951229424500714,0.9988924966650715,0.0005540585349655527,0
3717,0.6117507390501313,1.0,0.9988915010175919,0.000554556910906452,1
3718,0.6202198932876517,0.951229424500714,0.9989076954818447,0.0005464507587559078,0
3719,0.6288748196244408,0.9048374180359595,0.9989025127079301,0.0005490449861221278,0
3720,0.6376890018000294,0.8607079764250578,0.9988758107150111,0.0005624108298734579,0
3721,0.6466251877848046,0.8187307530779818,0.9988863910166321,0.0005571147532873351,0
3722,0.6117488699658109,1.0,0.9989026514282717,0.0005489755497506135,1
3723,0.6117479362318845,1.0,0.998908221881782,0.0005461872710478262,1
3724,0.6117465851816749,1.0,0.9989162820358654,0.0005421528055241006,1
3725,0.620222718248779,0.951229424500714,0.9988912269645409,0.0005546940895131507,0
3726,0.6288718641728719,0.9048374180359595,0.9989194092932425,0.0005405874829148662,0
3727,0.6117536949323039,1.0,0.9988738674692991,0.0005633835471929548,1
3728,0.6202203718097866,0.951229424500714,0.9989049058409936,0.0005478471063659558,0
3729,0.611747480215056,1.0,0.9989109423959098,0.0005448255291161591,1
3730,0.6202237525325283,0.951229424500714,0.9988851975554023,0.0005577121495245806,0
3731,0.6288719545949697,0.9048374180359595,0.9989188923361422,0.0005408462411436876,0
3732,0.6117486082368316,1.0,0.9989042128417391,0.0005481939859791868,1
3733,0.6117514710153888,1.0,0.9988871343776538,0.0005567426585467834,1
3734,0.6202251265893352,0.951229424500714,0.9988771875023655,0.000561721661915386,0
3735,0.6288795002686871,0.9048374180359595,0.998875753832002,0.000562439303388432,0
3736,0.6376854907158672,0.8607079764250578,0.9988955622311939,0.0005525240548145116,0
3737,0.6466180319011918,0.8187307530779818,0.9989261314795957,0.0005372227651646669,0
3738,0.6556560821799368,0.7788007830714049,0.9989367855986349,0.0005318900073722474,0
3739,0.6117449382796563,1.0,0.9989261073273317,0.000537234854278943,1
3740,0.6202182611610971,0.951229424500714,0.9989172103747785,0.0005416881327089264,0
3741,0.6288753824476124,0.9048374180359595,0.9988992950406109,0.0005506555899902181,0
3742,0.6117508018219643,1.0,0.9988911265424231,0.000554744356309035,1
3743,0.620216677096455,0.951229424500714,0.9989264452022134,0.0005370657352509633,0
3744,0.6288825065438456,0.9048374180359595,0.9988585677053208,0.0005710421123286783,0
3745,0.6376887954206514,0.8607079764250578,0.9988769716831107,0.0005618296928529417,0
3746,0.6466235383015813,0.8187307530779818,0.9988955513104008,0.0005525295212484659,0
3747,0.6556686935754918,0.7788007830714049,0.9988674331465649,0.0005666043459681384,0
3748,0.6117455019234503,1.0,0.9989227446552726,0.0005389180006569767,1
3749,0.6202221509904615,0.951229424500714,0.9988945338474594,0.0005530388154675516,0
3750,0.6288771730455308,0.9048374180359595,0.9988890582627231,0.0005557796452340962,0
3751,0.6117548040041157,1.0,0.9988672513342401,0.0005666953552128252,1
3752,0.6117494107504413,1.0,0.9988994252460767,0.0005505904155237143,1
3753,0.6117540528789447,1.0,0.9988717321420344,0.0005644524156540147,1
3754,0.6202230112815629,0.951229424500714,0.9988895187099219,0.0005555491656383228,0
3755,0.6288758847613309,0.9048374180359595,0.998896423318481,0.0005520930353223136,0
3756,0.6376870451896621,0.8607079764250578,0.9988868175155867,0.0005569012661143585,0
3757,0.6466251702353737,0.8187307530779818,0.9988864884756703,0.0005570659694445182,0
3758,0.6117509803398264,1.0,0.9988900615673971,0.0005552774352229329,1
3759,0.6202189367522856,0.951229424500714,0.9989132718300745,0.0005436595435664178,0
3760,0.6288739397876248,0.9048374180359595,0.9989075427744899,0.0005465271959318141,0
3761,0.6376848561268527,0.8607079764250578,0.9988991321495752,0.0005507371252609974,0
3762,0.6466248265960488,0.8187307530779818,0.9988883968452013,0.0005561107219113956,0
3763,0.6556700386998274,0.7788007830714049,0.9988600363847474,0.0005703069339989687,0
3764,0.664781877317209,0.7408182206817179,0.9988824282315515,0.0005590983587187904,0
3765,0.611749961600563,1.0,0.9988961390317966,0.0005522353357241697,1
3766,0.6202200363320807,0.951229424500714,0.9989068615744655,0.0005468681685581434,0
3767,0.6117522169115301,1.0,0.9988826846605257,0.0005589700007990053,1
3768,0.6117520129667309,1.0,0.9988839013104265,0.0005583609957683979,1
3769,0.6117564395926498,1.0,0.9988574943990768,0.0005715793789925133,1
3770,0.6202233116051284,0.951229424500714,0.998887767957514,0.0005564255157798745,0
3771,0.6117483444950197,1.0,0.9989057862669916,0.0005474064109579776,1
3772,0.6117490108181743,1.0,0.9989018111377486,0.0005493961567413842,1
3773,0.6202179244414953,0.951229424500714,0.9989191733826017,0.0005407055658485437,0
3774,0.6288704750430071,0.9048374180359595,0.9989273512088404,0.000536612245296624,0
3775,0.6376838924708309,0.8607079764250578,0.998904553285513,0.0005480235773897378,0
3776,0.6466218270221493,0.8187307530779818,0.9989050548941579,0.0005477724980862029,0
3777,0.6556593971395326,0.7788007830714049,0.9989185554637857,0.0005410148596450946,0
3778,0.6647797912205389,0.7408182206817179,0.9988938208831951,0.0005533956922420997,0
3779,0.6739449556120849,0.7046880897187134,0.9988998080312831,0.0005503988120832875,0
3780,0.683139434086439,0.6703200460356393,0.9988863347164276,0.0005571429347735734,0
3781,0.6923297682236201,0.6376281516217733,0.9989068126127802,0.0005468926761916455,0
3782,0.7015116562162751,0.6065306597126334,0.9988622525275456,0.0005691975992278305,0
3783,0.7106384787463191,0.5769498103804866,0.9988908217685863,0.0005548969124160963,0
3784,0.7197052669143991,0.5488116360940264,0.9989112135216661,0.0005446898184596708,0
3785,0.7287024456133775,0.522045776761016,0.9988732006865055,0.0005637173145672855,0
3786,0.6117444441623676,1.0,0.9989290552215196,0.0005357593247995378,1
3787,0.6202231102148685,0.951229424500714,0.9988889419724023,0.0005558378550656177,0
3788,0.6288771994973552,0.9048374180359595,0.9988889070397496,0.0005558553408199207,0
3789,0.611750538708508,1.0,0.9988926961882284,0.0005539586627883112,1
3790,0.6117505493118335,1.0,0.9988926329323072,0.0005539903258104811,1
3791,0.6117468843227301,1.0,0.9989144973987524,0.0005430460929493663,1
3792,0.6117485877370722,1.0,0.9989043351386315,0.0005481327704575456,1
3793,0.6202199921829421,0.951229424500714,0.9989071189509857,0.0005467393394866205,0
3794,0.6288728545812079,0.9048374180359595,0.9989137469955748,0.0005434217024041047,0
3795,0.6376861472536957,0.8607079764250578,0.998891868855767,0.0005543727877524718,0
3796,0.611748769087406,1.0,0.9989032532446507,0.0005486743110879681,1
3797,0.6202200162535645,0.951229424500714,0.9989069786263101,0.0005468095785923408,0
3798,0.6117493774732321,1.0,0.9988996237689085,0.0005504910447526795,1
3799,0.6202257166137165,0.951229424500714,0.9988737479881037,0.0005634433551458892,0
3800,0.6117461097668504,1.0,0.9989191183094751,0.0005407331322070633,1
3801,0.6202278197974647,0.951229424500714,0.9988614877329328,0.0005695804322479124,0
3802,0.6288745385344892,0.9048374180359595,0.9989041197080647,0.0005482406039019039,0
3803,0.6376845138408214,0.8607079764250578,0.9989010577069073,0.0005497732864637398,0
3804,0.6466247773016336,0.8187307530779818,0.9988886705975908,0.0005559736934140573,0
3805,0.6556633660148558,0.7788007830714049,0.9988967297258097,0.0005519396624227267,0
3806,0.6647772752450282,0.7408182206817179,0.9989075613935083,0.0005465178762413056,0
3807,0.6739412655839788,0.7046880897187134,0.998919877424933,0.0005403531639215754,0
3808,0.6831355276456057,0.6703200460356393,0.9989075491064324,0.0005465240264981082,0
3809,0.6923415377896394,0.6376281516217733,0.9988428329552627,0.0005789185397333418,0
3810,0.7015065617327794,0.6065306597126334,0.9988900407942758,0.0005552878333249831,0
3811,0.7106400383586692,0.5769498103804866,0.9988822662162135,0.0005591794570275579,0
3812,0.7197026524331256,0.5488116360940264,0.9989256690204464,0.0005374542433700111,0
3813,0.7286912428574609,0.522045776761016,0.998935756093808,0.0005324053079258915,0
3814,0.7376010639708468,0.49658530379140947,0.9988415246704815,0.0005795734403817745,0
3815,0.7463748858210172,0.4723665527410147,0.9988765324700515,0.000562049546332537,0
3816,0.6117535078233304,1.0,0.9988749836688141,0.0005628248185447497,1
3817,0.6202226126100443,0.951229424500714,0.9988918427937773,0.0005543858332035549,0
3818,0.6117471759039418,1.0,0.998912757867292,0.0005439168045966424,1
3819,0.620219649566345,0.951229424500714,0.998909116308399,0.0005457395691483807,0
3820,0.6288736310907623,0.9048374180359595,0.9989093076164435,0.0005456438106739336,0
3821,0.6117524273074879,1.0,0.9988814295280223,0.0005595982694191223,1
3822,0.620223709220431,0.951229424500714,0.9988854500444111,0.0005575857641414207,0
3823,0.6288768113964194,0.9048374180359595,0.9988911257850095,0.000554744735436228,0
3824,0.6117479289708787,1.0,0.9989082651995456,0.0005461655884939572,1
3825,0.6117481045891089,1.0,0.9989072174957603,0.0005466900131940013,1
3826,0.6202214552437196,0.951229424500714,0.9988985897864059,0.0005510086057834115,0
3827,0.6117502761663093,1.0,0.9988942624297887,0.0005531746745089278,1
3828,0.6202249638041077,0.951229424500714,0.9988781364527508,0.0005612466536028575,0
3829,0.6288750840220492,0.9048374180359595,0.9989010011416485,0.000549801600209119,0
3830,0.6117527725709039,1.0,0.9988793698389339,0.0005606292682699668,1
3831,0.6202193166467456,0.951229424500714,0.9989110571405242,0.0005447680942624047,0
3832,0.6117463391805034,1.0,0.998917749650838,0.0005414182024743386,1
3833,0.6117535123770952,1.0,0.9988749565032856,0.0005628384166072107,1
3834,0.620221804651241,0.951229424500714,0.998896552870485,0.0005520281877603238,0
3835,0.6288813925279778,0.9048374180359595,0.998864936209955,0.0005678542314123807,0
3836,0.6376907755621841,0.8607079764250578,0.9988658326518453,0.0005674055013311138,0
3837,0.611747618473645,1.0,0.9989101175689387,0.0005452383924039042,1
3838,0.6117503873939307,1.0,0.9988935988814448,0.0005535068160524274,1
3839,0.6117460338671697,1.0,0.9989195711199078,0.0005405064820600133,1
3840,0.6202267989277841,0.951229424500714,0.9988674387424223,0.0005666015448669731,0
3841,0.6117533451914816,1.0,0.9988759538514379,0.000562339181118375,1
3842,0.6202253316071795,0.951229424500714,0.9988759923603495,0.0005623199049957107,0
3843,0.6117486913049793,1.0,0.9989037172763316,0.0005484420405593873,1
3844,0.6202169707738119,0.951229424500714,0.9989247331039849,0.0005379227051029778,0
3845,0.611748736154365,1.0,0.9989034497153958,0.0005485759678674695,1
3846,0.6202270508679326,0.951229424500714,0.9988659700897259,0.0005673367043682199,0
3847,0.6288832041223791,0.9048374180359595,0.9988545798798064,0.0005730383075878748,0
3848,0.63768696789674,0.8607079764250578,0.9988872523257453,0.0005566836188012074,0
3849,0.6466233307352344,0.8187307530779818,0.9988967040234007,0.0005519525278213872,0
3850,0.6556626467213442,0.7788007830714049,0.9989006852413059,0.0005499597241834528,0
3851,0.6647839967334075,0.7408182206817179,0.9988708537620339,0.0005648921019312767,0
3852,0.6739486715180216,0.7046880897187134,0.9988795983230374,0.0005605148980645652,0
3853,0.6117548797072933,1.0,0.9988667997315697,0.0005669214126654025,1
3854,0.6202244994473428,0.951229424500714,0.9988808434101784,0.0005598916566013035,0
3855,0.6117473015126895,1.0,0.998912008505016,0.0005442918936877789,1
3856,0.620221052075531,0.951229424500714,0.9989009401143817,0.0005498321474148146,0
3857,0.6117510510369828,1.0,0.9988896398134005,0.0005554885465863787,1
3858,0.6202235186436402,0.951229424500714,0.9988865610179005,0.000557029657897385,0
3859,0.611751513895016,1.0,0.9988868785741971,0.0005568707027875405,1
3860,0.6202222627707397,0.951229424500714,0.9988938822131315,0.0005533649933163556,0
3861,0.6117442965395614,1.0,0.9989299359388554,0.0005353184942206091,1
3862,0.6117543350098655,1.0,0.9988700490975431,0.0005652948891444042,1
3863,0.6202184320798759,0.951229424500714,0.9989162139546423,0.0005421868830672885,0
3864,0.6288793128202927,0.9048374180359595,0.998876825441085,0.0005619028960804176,0
3865,0.6376857476218319,0.8607079764250578,0.9988941169960331,0.000553247471886764,0
3866,0.6466142569642489,0.8187307530779818,0.9989470965122988,0.0005267290899854336,0
3867,0.6556693646498875,0.7788007830714049,0.9988637429388407,0.0005684515453152634,0
3868,0.6647835436311281,0.7408182206817179,0.9988733282132565,0.000563653479266304,0
3869,0.6117495638280976,1.0,0.9988985120269347,0.0005510475283903207,1
3870,0.6117531720812973,1.0,0.998876986544273,0.0005618222539177104,1
3871,0.6202180889244968,0.951229424500714,0.9989182144789668,0.0005411855366613358,0
3872,0.6117501404241188,1.0,0.9988950722250909,0.0005527693288160062,1
3873,0.6117530699856465,1.0,0.9988775955990058,0.0005615173842714702,1
3874,0.6202219661225289,0.951229424500714,0.9988956115549205,0.0005524993656842675,0
3875,0.6117493250776112,1.0,0.9988999363471345,0.0005503345834978888,1
3876,0.6202220853328834,0.951229424500714,0.998894916605171,0.0005528472248514575,0
3877,0.6288701706787674,0.9048374180359595,0.9989290913276347,0.0005357412523877769,0
3878,0.6117548052115414,1.0,0.9988672441314141,0.0005666989607100022,1
3879,0.61174847045729,1.0,0.9989050348035146,0.0005477825544191582,1
3880,0.6202250280959979,0.951229424500714,0.9988777616654317,0.0005614342577638007,0
3881,0.6117565791380921,1.0,0.9988566619617051,0.0005719960739281277,1
3882,0.6117502978115179,1.0,0.9988941333013591,0.0005532393101979908,1
3883,0.611750039894175,1.0,0.9988956719558151,0.0005524691318479264,1
3884,0.6117543819993074,1.0,0.9988697687836915,0.0005654352046394824,1
3885,0.611748577288701,1.0,0.9989043974712413,0.0005481015699683958,1
3886,0.6117514677935437,1.0,0.9988871535979538,0.0005567330376901378,1
3887,0.6117494459458627,1.0,0.9988992152797743,0.000550695514355053,1
3888,0.6117487028881399,1.0,0.998903648173897,0.0005484766296974289,1
3889,0.6202234695557173,0.951229424500714,0.9988868471778005,0.0005568864184795416,0
3890,0.6288717623420002,0.9048374180359595,0.9989199914765,0.0005402960764799131,0
3891,0.6376871087995069,0.8607079764250578,0.9988864596795555,0.0005570803835524185,0
3892,0.6117482784318423,1.0,0.9989061803858617,0.0005472091357004936,1
3893,0.6202198779687709,0.951229424500714,0.9989077847865195,0.0005464060575932073,0
3894,0.6288775728543354,0.9048374180359595,0.9988867725909328,0.0005569237534743216,0
3895,0.63768010299312,0.8607079764250578,0.9989258717102861,0.0005373527894653914,0
3896,0.6117494609966195,1.0,0.9988991254910765,0.0005507404581794051,1
3897,0.6202184161359487,0.951229424500714,0.9989163069042872,0.0005421403578235387,0
3898,0.6117511404877696,1.0,0.998889106182321,0.0005557556587881861,1
3899,0.6117497856372596,1.0,0.9988971887767782,0.0005517098834829455,1
3900,0.6117480776496669,1.0,0.998907378211061,0.0005466095676406092,1
3901,0.6202223641044234,0.951229424500714,0.9988932914787949,0.0005536606876447494,0
3902,0.6288708914033507,0.9048374180359595,0.9989249707897946,0.0005378037342868442,0
3903,0.6376802498554767,0.8607079764250578,0.9989250454973462,0.0005377663403128428,0
3904,0.6117504777547209,1.0,0.9988930598184147,0.000553776646180586,1
3905,0.6117472929095353,1.0,0.9989120598300706,0.0005442662032101213,1
3906,0.6117492564624735,1.0,0.9989003456868694,0.0005501296882745943,1
3907,0.620222087394217,0.951229424500714,0.9988949045884077,0.0005528532398802752,0
3908,0.6117505992966092,1.0,0.9988923347398009,0.0005541395873732399,1
3909,0.6117513870248477,1.0,0.9988876354333869,0.0005564918516286603,1
3910,0.6202225762600274,0.951229424500714,0.9988920546991586,0.0005542797629816524,0
3911,0.6117494374384591,1.0,0.9988992660326219,0.0005506701099671131,1
3912,0.6202225303997153,0.951229424500714,0.9988923220456711,0.0005541459414764057,0
3913,0.6288744919567771,0.9048374180359595,0.9989043859946541,0.0005481073145557333,0
3914,0.6376874060263813,0.8607079764250578,0.9988847876373391,0.0005579173373420834,0
3915,0.6466237937792431,0.8187307530779818,0.998894132525702,0.000553239698455885,0
3916,0.6117491875418787,1.0,0.9989007568491344,0.0005499238808673937,1
3917,0.6117513670784815,1.0,0.9988877544259018,0.0005564322891195437,1
3918,0.6117478528187004,1.0,0.9989087195089598,0.0005459381855748154,1
3919,0.6117505995292242,1.0,0.9988923333520979,0.0005541402819941371,1
3920,0.6117492183269163,1.0,0.9989005731936105,0.0005500158096899313,1
3921,0.6117505319199614,1.0,0.9988927366864486,0.000553938391231844,1
3922,0.6117463379162922,1.0,0.9989177571929867,0.0005414144273143519,1
3923,0.6117536473186517,1.0,0.9988741515086016,0.0005632413674486198,1
3924,0.6117471607009998,1.0,0.9989128485657395,0.0005438714060156604,1
3925,0.6117523984915518,1.0,0.9988816014314608,0.0005595122214565793,1
3926,0.6117512615615801,1.0,0.9988883839003857,0.0005561172015219412,1
3927,0.6202179644564956,0.951229424500714,0.9989189401028784,0.0005408223319276946,0
3928,0.6288762809810639,0.9048374180359595,0.9988941581424235,0.0005532268759152775,0
3929,0.6117502295881388,1.0,0.9988945403004228,0.0005530355854151838,1
3930,0.620219769066442,0.951229424500714,0.9989084196561404,0.0005460882757975083,0
3931,0.6288774264410096,0.9048374180359595,0.9988876096222228,0.0005565047715825826,0
3932,0.6117518774864137,1.0,0.9988847095309118,0.00055795643415854,1
3933,0.6202184968859764,0.951229424500714,0.9989158361492267,0.0005423759907630199,0
3934,0.6117477526618289,1.0,0.9989093170262806,0.0005456391006181871,1
3935,0.6117495788253998,1.0,0.9988984225572273,0.000551092312575236,1
3936,0.6202221573208307,0.951229424500714,0.9988944969439223,0.0005530572876568247,0
3937,0.6288805218909266,0.9048374180359595,0.998869913427019,0.0005653628011482376,0
3938,0.6376886555104675,0.8607079764250578,0.9988777587358968,0.0005614357241769636,0
3939,0.6466156930217007,0.8187307530779818,0.998939120953492,0.0005307210884972099,0
3940,0.6117487048482959,1.0,0.9989036364800639,0.0005484824830313162,1
3941,0.6202237700538755,0.951229424500714,0.9988850954142741,0.0005577632770884276,0
3942,0.6117515885900279,1.0,0.9988864329725566,0.0005570937519382323,1
3943,0.6202252175303367,0.951229424500714,0.9988766573657633,0.0005619870282434784,0
3944,0.6117516884372217,1.0,0.9988858373231609,0.0005573919087424631,1
3945,0.6202247120495623,0.951229424500714,0.9988796040489738,0.0005605120318850997,0
3946,0.6117449021256652,1.0,0.998926323020901,0.0005371268915655764,1
3947,0.6202253412921818,0.951229424500714,0.9988759359021282,0.0005623481658726248,0
3948,0.6288724054471175,0.9048374180359595,0.9989163147501856,0.0005421364306185092,0
3949,0.6376825987098091,0.8607079764250578,0.9989118315172766,0.0005443804839507935,0
3950,0.6466315296602829,0.8187307530779818,0.9988511727988663,0.0005747438044737413,0
3951,0.6556664096712836,0.7788007830714049,0.9988799923516235,0.0005603176628276803,0
3952,0.6647815828425415,0.7408182206817179,0.9988840364164041,0.0005582933673041051,0
3953,0.6739539797352658,0.7046880897187134,0.9988507292555727,0.0005749658312401455,0
3954,0.6831386413995995,0.6703200460356393,0.9988906394596774,0.000554988168097704,0
3955,0.6117541696145411,1.0,0.9988710357584292,0.0005648010008755289,1
3956,0.6202259586216403,0.951229424500714,0.9988723372212758,0.0005641495343937814,0
3957,0.611745383078847,1.0,0.9989234536751112,0.0005385631085541152,1
3958,0.6202230672741632,0.951229424500714,0.9988891922977093,0.0005557125532101486,0
3959,0.611759785187188,1.0,0.9988375370437558,0.0005815695701916544,1
3960,0.6117493933074695,1.0,0.9988995293061224,0.0005505383281775724,1
3961,0.620228851631997,0.951229424500714,0.9988554728568022,0.0005725913072864243,0
3962,0.6117419890662016,1.0,0.9989437024710527,0.0005284279021767177,1
3963,0.620220814646382,0.951229424500714,0.9989023242460512,0.0005491393206013761,0
3964,0.62887160855647,0.9048374180359595,0.9989208706936582,0.0005398559928001538,0
3965,0.6376894394739788,0.8607079764250578,0.998873348626455,0.0005636432611546456,0
3966,0.6466307133864535,0.8187307530779818,0.998855705711553,0.000572474746517595,0
3967,0.6556689872556658,0.7788007830714049,0.9988658182106248,0.0005674127301400426,0
3968,0.6647873965256498,0.7408182206817179,0.9988522872658864,0.0005741859303736429,0
3969,0.611756529831881,1.0,0.9988569560903814,0.0005718488412749214,1
3970,0.6202294303678992,0.951229424500714,0.9988520992524694,0.0005742800451076429,0
3971,0.6117583437661973,1.0,0.9988461354275346,0.0005772653933605883,1
3972,0.611755379094076,1.0,0.9988638206779582,0.0005684126315419661,1
3973,0.6117584511110383,1.0,0.9988454950888305,0.0005775859326742301,1
3974,0.6202272384514727,0.951229424500714,0.9988648765976015,0.0005678840714603952,0
3975,0.6288799494078758,0.9048374180359595,0.9988731861895993,0.0005637245711971985,0
3976,0.637691115348772,0.8607079764250578,0.9988639212422429,0.0005683622922076867,0
3977,0.6466229670401633,0.8187307530779818,0.9988987237961592,0.0005509415270300488,0
3978,0.6556654318890293,0.7788007830714049,0.9988853692393428,0.0005576262117580824,0
3979,0.6647809728957346,0.7408182206817179,0.998887367466631,0.0005566259842289654,0
3980,0.6117446156736676,1.0,0.9989280319869439,0.0005362714908510151,1
3981,0.6202167014167316,0.951229424500714,0.9989263034182172,0.0005371367034423664,0
3982,0.6288750125605074,0.9048374180359595,0.9989014096883702,0.0005495971021469074,0
3983,0.6117459450374183,1.0,0.99892010107033,0.000540241220322748,1
3984,0.6117507219594629,1.0,0.9988916029746793,0.0005545058757930358,1
3985,0.6202163475657034,0.951229424500714,0.9989283663257355,0.0005361041420907015,0
3986,0.6117464036612368,1.0,0.998917364965814,0.0005416107534117341,1
3987,0.6202166123743633,0.951229424500714,0.9989268225235864,0.0005368768718448992,0
3988,0.6288770154321278,0.9048374180359595,0.9988899593266416,0.0005553286124068411,0
3989,0.637683380702317,0.8607079764250578,0.9989074323019715,0.0005465824926032751,0
3990,0.6466274682458821,0.8187307530779818,0.9988737267996497,0.0005634539613182374,0
3991,0.6117461456369847,1.0,0.9989189043116988,0.0005408402468849764,1
3992,0.6117484992224124,1.0,0.9989048631971762,0.0005478684516501928,1
3993,0.611746190504936,1.0,0.9989186366339072,0.0005409742306479489,1
3994,0.6117451440725433,1.0,0.9989248795747929,0.0005378493908719361,1
3995,0.6117548715425376,1.0,0.9988668484379049,0.0005668970318700615,1
3996,0.6117493127574231,1.0,0.9989000098460941,0.0005502977935481746,1
3997,0.6117509364887013,1.0,0.9988903231676899,0.0005551464897522497,1
3998,0.6117508922555736,1.0,0.9988905870469789,0.0005550144035522423,1
3999,0.611747975818293,1.0,0.9989079857169344,0.000546305482546305,1
4000,0.6117490841792185,1.0,0.9989013734842392,0.0005496152241213569,1
4001,0.6117509975410006,1.0,0.9988899589513082,0.0005553288002821218,1
4002,0.6117467128554879,1.0,0.9989155203497116,0.0005425340619206016,1
4003,0.6202196298339285,0.951229424500714,0.9989092313429538,0.0005456819890610906,0
4004,0.611750932836526,1.0,0.9988903449552794,0.00055513558385562,1
4005,0.6202212414174034,0.951229424500714,0.9988998363172369,0.0005503846535294312,0
4006,0.6288750170190753,0.9048374180359595,0.9989013841986623,0.0005496098610177835,0
4007,0.611757516247422,1.0,0.9988510718037136,0.0005747943601323609,1
4008,0.6202247306416566,0.951229424500714,0.998879495666764,0.0005605662837765347,0
4009,0.6288769331458219,0.9048374180359595,0.9988904297516737,0.0005550931385606043,0
4010,0.6117435510324887,1.0,0.9989343836501786,0.0005330922612979328,1
4011,0.6117503661504307,1.0,0.998893725613307,0.0005534433799395866,1
4012,0.611750288100805,1.0,0.9988941912323801,0.0005532103126209159,1
4013,0.6202292508550882,0.951229424500714,0.9988531456782912,0.0005737562311844324,0
4014,0.628877770201197,0.9048374180359595,0.9988856443788875,0.0005574884884941064,0
4015,0.6117478255488651,1.0,0.9989088821956865,0.0005458567533526854,1
4016,0.6202264267595735,0.951229424500714,0.9988696082547763,0.0005655155599235354,0
4017,0.6117525874770284,1.0,0.9988804740264752,0.0005600765554177548,1
4018,0.611750799661396,1.0,0.9988911394316269,0.0005547379045529841,1
4019,0.6117527854200748,1.0,0.998879293186577,0.0005606676374475363,1
4020,0.6202166969828573,0.951229424500714,0.9989263292671154,0.0005371237651015416,0
4021,0.6117498947793867,1.0,0.9988965376669604,0.0005520357979200381,1
4022,0.6202250258869291,0.951229424500714,0.9988777745431178,0.000561427811686799,0
4023,0.6288765496334062,0.9048374180359595,0.9988926222691858,0.0005539956632817333,0
4024,0.6376897070521177,0.8607079764250578,0.9988718433977632,0.000564396724958658,0
4025,0.6466204247935629,0.8187307530779818,0.9989128422479131,0.0005438745683668479,0
4026,0.6117503278543865,1.0,0.9988939540752023,0.0005533290224942939,1
4027,0.6117426336812242,1.0,0.9989398566283899,0.0005303528605384116,1
4028,0.6117462876546705,1.0,0.9989180570484979,0.0005412643371472254,1
4029,0.6117518477265088,1.0,0.9988848870665353,0.00055786756724225,1
4030,0.6202255734833044,0.951229424500714,0.9988745823573172,0.0005630257003287863,0
4031,0.6288781300249466,0.9048374180359595,0.9988835873073537,0.0005585181727544975,0
4032,0.6376887389849215,0.8607079764250578,0.9988772891573913,0.000561670777271213,0
4033,0.6466258014767786,0.8187307530779818,0.998882982945971,0.0005588206912727863,0
4034,0.6117523732532015,1.0,0.9988817519926031,0.0005594368566031615,1
4035,0.611752047480522,1.0,0.9988836954153381,0.0005584640583512445,1
4036,0.6202231153422496,0.951229424500714,0.9988889120820461,0.0005558528168673301,0
4037,0.6117517718795182,1.0,0.9988853395393902,0.0005576410783053221,1
4038,0.6117528388463114,1.0,0.9988789744698453,0.0005608271746332198,1
4039,0.6202310813978882,0.951229424500714,0.9988424750521168,0.0005790976986551234,0
4040,0.6117508329986379,1.0,0.9988909405531878,0.0005548374541690454,1
4041,0.611751520446792,1.0,0.9988868394888155,0.0005568902672563126,1
4042,0.6202189764050611,0.951229424500714,0.9989130406639976,0.0005437752523623017,0
4043,0.6288764254564341,0.9048374180359595,0.9988933321828973,0.0005536403130452009,0
4044,0.6117546936830848,1.0,0.9988679094481436,0.0005663659252080888,1
4045,0.6117532322015001,1.0,0.998876627895622,0.0005620017798854792,1
4046,0.6202219186230946,0.951229424500714,0.99889588845824,0.0005523607609702428,0
4047,0.6288754105287064,0.9048374180359595,0.9988991345010029,0.0005507359482514175,0
4048,0.6376826244470648,0.8607079764250578,0.9989116867281145,0.0005444529574004229,0
4049,0.6466211937052084,0.8187307530779818,0.9989085720454797,0.000546011997870239,0
4050,0.6556672079150843,0.7788007830714049,0.9988756027824889,0.0005625149131546502,0
4051,0.66477624284192,0.7408182206817179,0.9989131997227507,0.000543695636452773,0
4052,0.6117507577094402,1.0,0.99889138970255,0.0005546126301953563,1
4053,0.611749169156933,1.0,0.9989008665289608,0.0005498689806084547,1
4054,0.6117463640116609,1.0,0.9989176015108335,0.0005414923527312051,1
4055,0.6202188390626947,0.951229424500714,0.9989138413370522,0.0005433744803725778,0
4056,0.6288752472139787,0.9048374180359595,0.9989000681717531,0.0005502685986053545,0
4057,0.6376843575837545,0.8607079764250578,0.9989019367450738,0.0005493332840365994,0
4058,0.6466213341870582,0.8187307530779818,0.9989077918725168,0.0005464025107206359,0
4059,0.6117508649521043,1.0,0.9988907499299298,0.0005549328716308556,1
4060,0.6117430657591881,1.0,0.9989372788171318,0.0005316431357071756,1
4061,0.620224902544827,0.951229424500714,0.9988784935617663,0.0005610678985883148,0
4062,0.6288799966853909,0.9048374180359595,0.9988729159136547,0.0005638598616349618,0
4063,0.637696069756109,0.8607079764250578,0.9988360516321881,0.0005823131409011302,0
4064,0.6466312350602266,0.8187307530779818,0.9988528087620798,0.0005739248827372765,0
4065,0.6117596979036242,1.0,0.9988380577056836,0.0005813089363183932,1
4066,0.6202247448064384,0.951229424500714,0.9988794130934878,0.0005606076167300856,0
4067,0.6117439603010937,1.0,0.9989319419411543,0.0005343144196541185,1
4068,0.6117574402625029,1.0,0.998851525076403,0.0005745674631507423,1
4069,0.6202292003716025,0.951229424500714,0.9988534399596474,0.0005736089215853446,0
4070,0.6288804660388507,0.9048374180359595,0.9988702327206948,0.0005652029737170611,0
4071,0.6376907515453034,0.8607079764250578,0.9988659677547561,0.0005673378731785706,0
4072,0.6466276710725425,0.8187307530779818,0.9988726004401122,0.0005640177764143738,0
4073,0.6117516048850848,1.0,0.9988863357625687,0.0005571424111198276,1
4074,0.6202271588004586,0.951229424500714,0.9988653409118874,0.0005676516505449361,0
4075,0.6117556189112717,1.0,0.998862390071573,0.000569128748884569,1
4076,0.620229538321321,0.951229424500714,0.9988514699652771,0.0005745950503977278,0
4077,0.6288809054462523,0.9048374180359595,0.998867720731777,0.0005664603903434363,0
4078,0.6376936352434786,0.8607079764250578,0.998849746165606,0.0005754579420339532,0
4079,0.611755472993903,1.0,0.9988632605272181,0.000568693025568457,1
4080,0.6117556408534535,1.0,0.9988622591777542,0.0005691942703361111,1
4081,0.6202215636592298,0.951229424500714,0.9988979577636631,0.0005513249656968653,0
4082,0.6117529783607754,1.0,0.9988781421904548,0.0005612437815288016,1
4083,0.6202217863480007,0.951229424500714,0.9988966595714228,0.0005519747783597604,0
4084,0.6117507397551807,1.0,0.9988914968115091,0.0005545590162817041,1
4085,0.6202241644911504,0.951229424500714,0.9988827960363392,0.0005589142506047817,0
4086,0.6288755137755331,0.9048374180359595,0.9988985442392189,0.0005510314044881968,0
4087,0.6376858434806619,0.8607079764250578,0.9988935777388996,0.0005535173990341535,0
4088,0.646618327276379,0.8187307530779818,0.9989244910642475,0.0005380438552550684,0
4089,0.6556636025201222,0.7788007830714049,0.9988954291477293,0.0005525906701236992,0
4090,0.611744647618505,1.0,0.99892784140456,0.000536366884310775,1
4091,0.6202166187903708,0.951229424500714,0.9989267851190888,0.0005368955941864494,0
4092,0.628877900122269,0.9048374180359595,0.9988849016342034,0.0005578602752768667,0
4093,0.6117479775169127,1.0,0.9989079755832997,0.0005463105549027576,1
4094,0.6202170715151752,0.951229424500714,0.9989241457967825,0.0005382166748864623,0
4095,0.6117527782100942,1.0,0.9988793361980671,0.0005606461075742678,1
4096,0.6202167593877723,0.951229424500714,0.9989259654548336,0.0005373058667928559,0
4097,0.6288754183120261,0.9048374180359595,0.9988990900037723,0.0005507582213869289,0
4098,0.6117537796556165,1.0,0.9988733620525697,0.0005636365405255821,1
4099,0.6202218163721611,0.951229424500714,0.9988964845419817,0.0005520623897532382,0
4100,0.6288727846157423,0.9048374180359595,0.9989141469961232,0.0005432214846828419,0
4101,0.6117485157723126,1.0,0.9989047644641634,0.0005479178722813665,1
4102,0.6202215013906283,0.951229424500714,0.9988983207667488,0.000551143263943955,0
4103,0.6288722636636379,0.9048374180359595,0.998917125345565,0.0005417306934018052,0
4104,0.637692309647832,0.8607079764250578,0.9988572029606618,0.0005717252648967439,0
4105,0.6466192381611873,0.8187307530779818,0.9989194323344057,0.00054057594987094,0
4106,0.6556633031404918,0.7788007830714049,0.9988970754817388,0.0005517665935463327,0
4107,0.6647809962102482,0.7408182206817179,0.9988872401408486,0.0005566897180364715,0
4108,0.6739483453899,0.7046880897187134,0.9988813720197028,0.0005596270557792349,0
4109,0.6831399615979773,0.6703200460356393,0.9988834700371678,0.0005585768733850074,0
4110,0.6923340444946153,0.6376281516217733,0.9988835662430456,0.0005585287166799982,0
4111,0.6117453339830731,1.0,0.9989237465777995,0.0005384164993998855,1
4112,0.6202207785329853,0.951229424500714,0.9989025347751845,0.0005490339403724836,0
4113,0.6288738312463622,0.9048374180359595,0.9989081633121384,0.0005462165878779139,0
4114,0.6376867330833571,0.8607079764250578,0.9988885732663572,0.0005560224131769703,0
4115,0.6466246705252384,0.8187307530779818,0.998889263571636,0.000555676876618267,0
4116,0.6556697007879312,0.7788007830714049,0.9988618945369341,0.0005693767984491325,0
4117,0.6647818985484653,0.7408182206817179,0.9988823122835401,0.0005591563975904639,0
4118,0.6117502900315663,1.0,0.9988941797140728,0.0005532160781501645,1
4119,0.6202255371010901,0.951229424500714,0.9988747944451727,0.0005629195369341583,0
4120,0.6288733402783729,0.9048374180359595,0.9989109702154575,0.0005448116041774372,0
4121,0.6376856535567903,0.8607079764250578,0.9988946461625134,0.0005529825957947528,0
4122,0.611751883612323,1.0,0.9988846729862063,0.0005579747269133745,1
4123,0.6202219504518598,0.951229424500714,0.998895702908845,0.0005524536382231863,0
4124,0.6288761517919917,0.9048374180359595,0.9988948967116202,0.0005528571826311447,0
4125,0.637685785055448,0.8607079764250578,0.9988939064118977,0.0005533528805352549,0
4126,0.6466211479918584,0.8187307530779818,0.998908825917011,0.0005458849234280744,0
4127,0.6556592820702545,0.7788007830714049,0.9989191882639252,0.000540698117136074,0
4128,0.611748142285127,1.0,0.998906992608953,0.0005468025796209046,1
4129,0.6202239093747611,0.951229424500714,0.9988842832402469,0.0005581698175208941,0
4130,0.6288776695380209,0.9048374180359595,0.9988862198598661,0.0005572004270848148,0
4131,0.61175008089048,1.0,0.9988954273844035,0.0005525915527615616,1
4132,0.6202255355179868,0.951229424500714,0.9988748036737763,0.0005629149174344839,0
4133,0.6288690714774485,0.9048374180359595,0.9989353757429507,0.0005325956859994609,0
4134,0.6117521434123465,1.0,0.9988831231258488,0.0005587505229595712,1
4135,0.611751096283609,1.0,0.9988893698883204,0.0005556236591682996,1
4136,0.6117429328307542,1.0,0.9989380718776054,0.0005312461837785081,1
4137,0.6117515228557562,1.0,0.9988868251178604,0.0005568974607414443,1
4138,0.6202189856353738,0.951229424500714,0.9989129868535211,0.0005438021868779266,0
4139,0.6117478353596773,1.0,0.9989088236662158,0.0005458860500550561,1
4140,0.6117499269473035,1.0,0.9988963457627547,0.000552131856028639,1
4141,0.620222782878045,0.951229424500714,0.9988908502034641,0.0005548826791901933,0
4142,0.6117493081836556,1.0,0.9989000371319744,0.0005502841355846018,1
4143,0.6202212906659506,0.951229424500714,0.9988995492156513,0.0005505283624462012,0
4144,0.6117531219208552,1.0,0.9988772857778581,0.0005616724689370701,1
4145,0.611752283114222,1.0,0.9988822897232615,0.0005591676903516821,1
4146,0.6117518506672388,1.0,0.9988848695233211,0.0005578763486416721,1
4147,0.6117487144759718,1.0,0.9989035790436017,0.0005485112327834198,1
4148,0.6117480456455536,1.0,0.9989075691412226,0.0005465139981476214,1
4149,0.6202207255733488,0.951229424500714,0.9989028435124259,0.0005488794021753513,0
4150,0.628870202638,0.9048374180359595,0.9989289086093225,0.0005358327094944546,0
4151,0.6117526944912706,1.0,0.9988798356269931,0.0005603961130138251,1
4152,0.6202209081341759,0.951229424500714,0.998901779243493,0.0005494121214016097,0
4153,0.628874666292475,0.9048374180359595,0.9989033893111884,0.0005486062031265533,0
4154,0.6376823292261716,0.8607079764250578,0.9989133475433982,0.0005436216457213406,0
4155,0.6466244385033704,0.8187307530779818,0.9988905520877396,0.0005550319025858007,0
4156,0.6117508973966683,1.0,0.9988905563770095,0.0005550297555688443,1
4157,0.6117524421478465,1.0,0.9988813409968645,0.0005596425845695705,1
4158,0.6202263572848359,0.951229424500714,0.9988700132506203,0.000565312832881655,0
4159,0.6117467471841971,1.0,0.9989153155490329,0.0005426365734421207,1
4160,0.6117480725367815,1.0,0.9989074087135121,0.0005465942997332431,1
4161,0.620224527467726,0.951229424500714,0.9988806800656819,0.0005599734203626666,0
4162,0.6288760624143139,0.9048374180359595,0.998895407680966,0.0005526014153744023,0
4163,0.6117516112018445,1.0,0.9988862980792355,0.0005571612737935295,1
4164,0.611753591617848,1.0,0.9988744837919702,0.0005630750385308306,1
4165,0.6117438239378328,1.0,0.9989327554875492,0.0005339072117005213,1
4166,0.6202222462627409,0.951229424500714,0.9988939784481256,0.0005533168225390711,0
4167,0.6117479355116133,1.0,0.998908226178781,0.0005461851202000623,1
4168,0.62021832868883,0.951229424500714,0.9989168167022857,0.0005418851823574293,0
4169,0.6288789360013763,0.9048374180359595,0.9988789796524296,0.0005608245804329457,0
4170,0.6117467815640276,1.0,0.9989151104434343,0.0005427392376101478,1
4171,0.6202190049823173,0.951229424500714,0.9989128740655628,0.000543858642228009,0
4172,0.6288747956428922,0.9048374180359595,0.9989026498110646,0.0005489763592424719,0
4173,0.6117425178657372,1.0,0.998940547594426,0.000530007010989748,1
4174,0.611749626969343,1.0,0.9988981353440183,0.0005512360775686814,1
4175,0.6117502828784476,1.0,0.9988942223873041,0.0005531947179143638,1
4176,0.6117466198191439,1.0,0.9989160753929303,0.0005422562390951682,1
4177,0.6202228368498306,0.951229424500714,0.9988905355711114,0.0005550401700723472,0
4178,0.6288738367377402,0.9048374180359595,0.9989081319175512,0.0005462323023293887,0
4179,0.611748835164442,1.0,0.9989028590448338,0.0005488716274413813,1
4180,0.6117518635565096,1.0,0.9988847926311121,0.0005579148376679358,1
4181,0.6117541476226552,1.0,0.9988711669504795,0.0005647353307154077,1
4182,0.6202216662120751,0.951229424500714,0.9988973599186348,0.0005516242180891928,0
4183,0.6288776913125507,0.9048374180359595,0.9988860953770915,0.0005572627378765302,0
4184,0.6117454866385651,1.0,0.9989228358439468,0.0005388723571522951,1
4185,0.6117541936171008,1.0,0.9988708925717824,0.0005648726751216636,1
4186,0.6117462267049351,1.0,0.9989184206683454,0.0005410823303356299,1
4187,0.6202265125243273,0.951229424500714,0.998869108298281,0.000565765821126965,0
4188,0.611748720806268,1.0,0.998903541278538,0.0005485301360415725,1
4189,0.6117541657404705,1.0,0.9988710588690995,0.0005647894324801584,1
4190,0.6202207715007481,0.951229424500714,0.9989025757708043,0.0005490134200426186,0
4191,0.6117507541953322,1.0,0.9988914106665129,0.000554602136580668,1
4192,0.6202276626718204,0.951229424500714,0.9988624036704505,0.000569121941701926,0
4193,0.6117442287842437,1.0,0.9989303401673203,0.0005351161635222173,1
4194,0.6117493754321879,1.0,0.9988996359452281,0.0005504849498862761,1
4195,0.6202288863113292,0.951229424500714,0.9988552707013638,0.0005726925008346052,0
4196,0.6288761963048783,0.9048374180359595,0.9988946422329934,0.0005529845627289376,0
4197,0.6376888621420636,0.8607079764250578,0.9988765963477879,0.0005620175715426761,0
4198,0.6117526052425124,1.0,0.9988803680454389,0.0005601296053294811,1
4199,0.6202156450214571,0.951229424500714,0.9989324620893772,0.0005340540675391732,0
4200,0.6117498395360257,1.0,0.9988968672325182,0.0005518708331358563,1
4201,0.6202227318271527,0.951229424500714,0.9988911478083918,0.0005547337115210641,0
4202,0.6117543587220213,1.0,0.9988699076435029,0.0005653656961779306,1
4203,0.6117496328361736,1.0,0.998898100344167,0.0005512535967984013,1
4204,0.6202256564160253,0.951229424500714,0.998874098906418,0.0005632676981855732,0
4205,0.6117557674339473,1.0,0.9988615040753943,0.0005695722517035637,1
4206,0.6117479452374895,1.0,0.9989081681560786,0.0005462141632605076,1
4207,0.6202290631988321,0.951229424500714,0.9988542395759941,0.0005732086546419744,0
4208,0.6117445737333506,1.0,0.9989282822022802,0.0005361462489431507,1
4209,0.6202204886835443,0.951229424500714,0.9989042245036468,0.0005481881486288833,0
4210,0.6117520759620847,1.0,0.9988835255060934,0.0005585491079220313,1
4211,0.6202180460549216,0.951229424500714,0.9989184644000548,0.0005410604408061091,0
4212,0.628879592341601,0.9048374180359595,0.9988752274681237,0.0005627027816112437,0
4213,0.6376844519295517,0.8607079764250578,0.9989014059941969,0.0005495989512649783,0
4214,0.6117497455662323,1.0,0.9988974278288965,0.0005515902254779,1
4215,0.6202186023199958,0.951229424500714,0.9989152214923511,0.0005426836528515036,0
4216,0.6288751713934372,0.9048374180359595,0.9989005016384012,0.0005500516266740465,0
4217,0.6376848350174343,0.8607079764250578,0.998899250902151,0.0005506776835391278,0
4218,0.646623989866169,0.8187307530779818,0.998893043566692,0.0005537847810468066,0
4219,0.6117476481453148,1.0,0.998909940552991,0.0005453269969541352,1
4220,0.6202204682956924,0.951229424500714,0.9989043433583809,0.0005481286560749289,0
4221,0.6288792591466474,0.9048374180359595,0.9988771322840425,0.0005617493021124265,0
4222,0.6117472203663835,1.0,0.9989124926111754,0.0005440495770282943,1
4223,0.6202256047478089,0.951229424500714,0.998874400102884,0.0005631169302254672,0
4224,0.6117567739860552,1.0,0.9988554996271939,0.0005725779067534813,1
4225,0.6117558958648965,1.0,0.9988607379352161,0.0005699557585605437,1
4226,0.6202285429574832,0.951229424500714,0.9988572722086589,0.0005716906012859254,0
4227,0.6288703565048969,0.9048374180359595,0.998928028917381,0.0005362730272794858,0
4228,0.6376861912754722,0.8607079764250578,0.9988916212104266,0.0005544967478020237,0
4229,0.6466223227276503,0.8187307530779818,0.9989023019841498,0.0005491504637838217,0
4230,0.6556636665443589,0.7788007830714049,0.998895077069149,0.0005527669041077955,0
4231,0.611754613788284,1.0,0.9988683860564882,0.0005661273510050757,1
4232,0.6202275596161573,0.951229424500714,0.9988630044167569,0.0005688212265465627,0
4233,0.6288720536686232,0.9048374180359595,0.9989183259171786,0.000541129757217216,0
4234,0.6117522539830889,1.0,0.9988824635072542,0.0005590807011341301,1
4235,0.611750085843279,1.0,0.9988953978375265,0.0005526063425366751,1
4236,0.6117423808933519,1.0,0.9989413647854223,0.0005295979823122976,1
4237,0.6202223515777668,0.951229424500714,0.9988933645041024,0.0005536241345386997,0
4238,0.6117488670432982,1.0,0.9989026688632744,0.0005489668226726769,1
4239,0.6117460462167492,1.0,0.9989194974434449,0.0005405433601370157,1
4240,0.6117509029901061,1.0,0.998890523008522,0.000555046458343692,1
4241,0.6202192198114882,0.951229424500714,0.9989116216651555,0.0005444855243240377,0
4242,0.6117497305567248,1.0,0.998897517371284,0.0005515454048682115,1
4243,0.6202265227460356,0.951229424500714,0.9988690487119446,0.0005657956480270394,0
4244,0.6288761184251673,0.9048374180359595,0.9988950874686544,0.0005527616986034656,0
4245,0.6117510464858323,1.0,0.9988896669639312,0.0005554749562310348,1
4246,0.6117496441111364,1.0,0.9988980330809346,0.0005512872655153231,1
4247,0.6202231437336251,0.951229424500714,0.998888746572949,0.0005559356634725964,0
4248,0.6117539463179208,1.0,0.9988723678300893,0.0005641342127095889,1
4249,0.6117488160901262,1.0,0.9989029728376231,0.0005488146685580412,1
4250,0.6202256459938502,0.951229424500714,0.9988741596617913,0.0005632372862590298,0
4251,0.6288708694221777,0.9048374180359595,0.998925096460559,0.0005377408312860227,0
4252,0.637687156072732,0.8607079764250578,0.9988861937449899,0.0005572134990824217,0
4253,0.6117498060378113,1.0,0.9988970670730409,0.0005517708025374988,1
4254,0.6202150583265887,0.951229424500714,0.9989358824809155,0.0005323420470511962,0
4255,0.6117527871498007,1.0,0.998879282867813,0.0005606728026181825,1
4256,0.6202276800404465,0.951229424500714,0.9988623024229075,0.0005691726231309912,0
4257,0.611753561671208,1.0,0.9988746624388402,0.0005629856144555604,1
4258,0.6117513682161708,1.0,0.9988877476388749,0.0005564356864116259,1
4259,0.6202178095436747,0.951229424500714,0.9989198432151363,0.0005403702873155933,0
4260,0.6117433971988004,1.0,0.9989353014289837,0.0005326328825847476,1
4261,0.6202196471864254,0.951229424500714,0.9989091301826739,0.0005457326244350841,0
4262,0.6288706787711456,0.9048374180359595,0.9989261864515613,0.0005371952496345742,0
4263,0.6117554035207744,1.0,0.9988636749627009,0.0005684855720494374,1
4264,0.6202241786558126,0.951229424500714,0.9988827134633718,0.0005589555832672123,0
4265,0.6288712949663706,0.9048374180359595,0.9989226635430609,0.0005389586005008765,0
4266,0.6376943459183261,0.8607079764250578,0.9988457484778352,0.0005774590917494408,0
4267,0.6117431955048983,1.0,0.9989365047459237,0.0005320305832098671,1
4268,0.6202278440805309,0.951229424500714,0.9988613461789888,0.0005696512898972171,0
4269,0.6288751281583322,0.9048374180359595,0.9989007488139597,0.0005499279028759417,0
4270,0.6376861747766891,0.8607079764250578,0.9988917140246352,0.0005544502892061839,0
4271,0.646627970242666,0.8187307530779818,0.9988709390581976,0.0005648494056408977,0
4272,0.6117488074765922,1.0,0.9989030242239058,0.0005487889472003108,1
4273,0.620225645743733,0.951229424500714,0.9988741611198327,0.0005632365564166207,0
4274,0.6117491994802703,1.0,0.9989006856277902,0.000549959530728613,1
4275,0.611751923664284,1.0,0.9988844340524036,0.0005580943272224668,1
4276,0.6202235820532087,0.951229424500714,0.9988861913696006,0.0005572146881014489,0
4277,0.6288756647031272,0.9048374180359595,0.9988976813874892,0.0005514633062600401,0
4278,0.6117455985268155,1.0,0.9989221683258946,0.0005392064761909355,1
4279,0.6117480416927066,1.0,0.9989075927231243,0.0005465021943019999,1
4280,0.6202240907417225,0.951229424500714,0.9988832259591485,0.0005586990488220991,0
4281,0.6117555202693992,1.0,0.9988629785097926,0.0005688341947737372,1
4282,0.6202228847443817,0.951229424500714,0.9988902563665473,0.0005551799274297285,0
4283,0.6117536494542287,1.0,0.9988741387688118,0.0005632477445231866,1
4284,0.6202197957651115,0.951229424500714,0.9989082640104332,0.0005461661836999212,0
4285,0.6288701379009692,0.9048374180359595,0.9989292787259215,0.0005356474528023631,0
4286,0.6376891063395775,0.8607079764250578,0.9988752226381182,0.0005627051993333869,0
4287,0.6466224148968439,0.8187307530779818,0.9989017901217908,0.0005494066762727929,0
4288,0.6556609269774137,0.7788007830714049,0.9989101424753158,0.0005452259256281441,0
4289,0.6647842646603507,0.7408182206817179,0.9988693905809106,0.000565624520035895,0
4290,0.673936270371717,0.7046880897187134,0.9989470461567879,0.0005267542942792284,0
4291,0.6831331987008126,0.6703200460356393,0.9989201969325113,0.0005401932374177249,0
4292,0.6117504702579317,1.0,0.9988931045417996,0.0005537542597081837,1
4293,0.6117481949229331,1.0,0.998906678582592,0.0005469597646304915,1
4294,0.6202264459403674,0.951229424500714,0.9988694964423512,0.0005655715294066561,0
4295,0.6288804980386381,0.9048374180359595,0.9988700497851365,0.000565294544958754,0
4296,0.6376784521915718,0.8607079764250578,0.9989351587906182,0.0005327042777869608,0
4297,0.6117514119019186,1.0,0.9988874870261715,0.0005565661378752557,1
4298,0.6202202459391367,0.951229424500714,0.9989056396281398,0.0005474798107042247,0
4299,0.6117547480751497,1.0,0.9988675849752592,0.0005665283455512231,1
4300,0.6202203327412311,0.951229424500714,0.9989051335985646,0.0005477331027487174,0
4301,0.61175571459724,1.0,0.9988618192670011,0.0005694144762983627,1
4302,0.6117479910200857,1.0,0.9989078950260047,0.0005463508775851813,1
4303,0.6202180234774689,0.951229424500714,0.9989185960221447,0.0005409945585114527,0
4304,0.6288809402681687,0.9048374180359595,0.9988675216634257,0.00056656003735724,0
4305,0.6117478645413474,1.0,0.9989086495738563,0.0005459731913289031,1
4306,0.6202236098142644,0.951229424500714,0.9988860295356153,0.0005572956953271217,0
4307,0.6288803188968893,0.9048374180359595,0.9988710738986454,0.0005647819092139801,0
4308,0.611745805152117,1.0,0.9989209356144907,0.0005398234973181315,1
4309,0.6202253418293496,0.951229424500714,0.9988759327707359,0.000562349733330681,0
4310,0.628875028740089,0.9048374180359595,0.9989013171894356,0.0005496434024814297,0
4311,0.637680144050969,0.8607079764250578,0.9989256407284335,0.0005374684045904968,0
4312,0.6466276301213999,0.8187307530779818,0.99887282785442,0.0005639039409353228,0
4313,0.6556610372352157,0.7788007830714049,0.9989095361413105,0.0005455294234922935,0
4314,0.6117559197905431,1.0,0.9988605952095974,0.000570027202768701,1
4315,0.6117487803817293,1.0,0.9989031858653986,0.0005487080377046768,1
4316,0.6202287177715626,0.951229424500714,0.9988562531669196,0.000572200705325532,0
4317,0.6288757739486144,0.9048374180359595,0.9988970568326287,0.000551775928397073,0
4318,0.6376875035471389,0.8607079764250578,0.9988842390375863,0.0005581919435380888,0
4319,0.611754210372826,1.0,0.998870792615958,0.0005649227095305893,1
4320,0.6202284061448731,0.951229424500714,0.9988580697298964,0.0005712913846304062,0
4321,0.6288775663840176,0.9048374180359595,0.9988868095811148,0.0005569052377715108,0
4322,0.6376873352326149,0.8607079764250578,0.9988851858855429,0.0005577179909663843,0
4323,0.6117475766495113,1.0,0.9989103670844218,0.0005451134985583238,1
4324,0.6202229027220444,0.951229424500714,0.9988901515645603,0.0005552323866422585,0
4325,0.6288815140847819,0.9048374180359595,0.9988642413023928,0.0005682020801448281,0
4326,0.6376895664819604,0.8607079764250578,0.9988726341579403,0.0005640008984723914,0
4327,0.6117518339982059,1.0,0.9988849689640852,0.000557826572755528,1
4328,0.6202246534278324,0.951229424500714,0.9988799457831826,0.0005603409731564003,0
4329,0.6117518645760742,1.0,0.998884786548799,0.0005579178822198286,1
4330,0.6117513939339982,1.0,0.9988875942159988,0.0005565124832730267,1
4331,0.6117498059558956,1.0,0.9988970675617256,0.0005517705579253836,1
4332,0.6202222882748296,0.951229424500714,0.9988937335345691,0.0005534394149221337,0
4333,0.6288706985953327,0.9048374180359595,0.998926073112547,0.000537251980062843,0
4334,0.6117502000546999,1.0,0.998894716487639,0.0005529473943231764,1
4335,0.6117475222907504,1.0,0.9989106913794433,0.0005449511741999336,1
4336,0.620215864272953,0.951229424500714,0.998931183872218,0.000534693859529868,0
4337,0.6117537117002243,1.0,0.9988737674402774,0.0005634336180927062,1
4338,0.6117424840377179,1.0,0.9989407494156906,0.0005299059933442607,1
4339,0.6202220519815332,0.951229424500714,0.9988951110304306,0.0005527499046842606,0
4340,0.62888267102369,0.9048374180359595,0.9988576274265633,0.0005715127891744992,0
4341,0.6376784760944676,0.8607079764250578,0.998935024316898,0.0005327715863244886,0
4342,0.6117532538419812,1.0,0.9988764987988105,0.0005620664008888664,1
4343,0.6117466949364397,1.0,0.9989156272524805,0.0005424805525091233,1
4344,0.6117427929800962,1.0,0.9989389062375783,0.0005308285604803685,1
4345,0.6117496183535683,1.0,0.9988981867432947,0.0005512103495823958,1
4346,0.6117496606721583,1.0,0.9988979342825849,0.0005513367191889323,1
4347,0.61175316612271,1.0,0.9988770220903928,0.0005618044608763322,1
4348,0.6117511688691157,1.0,0.9988889368695514,0.0005558404093289887,1
4349,0.6117512961507209,1.0,0.998888177554406,0.0005562204893388859,1
4350,0.6117476986205029,1.0,0.9989096394270308,0.000545477724258651,1
4351,0.6117452322944209,1.0,0.9989243532471181,0.0005381128380160666,1
4352,0.6117525349894655,1.0,0.9988807871442087,0.0005599198211074449,1
4353,0.611749629058105,1.0,0.9988981228830544,0.0005512423149233699,1
4354,0.6202244333108692,0.951229424500714,0.9988812289521303,0.0005596986696799887,0
4355,0.6288783811841836,0.9048374180359595,0.998882151461908,0.0005592368983877774,0
4356,0.6376880176293364,0.8607079764250578,0.9988813470918386,0.0005596395336696443,0
4357,0.6466240889247594,0.8187307530779818,0.9988924934502806,0.0005540601441431794,0
4358,0.6117492982022825,1.0,0.9989000966781958,0.0005502543296893748,1
4359,0.6202215364889742,0.951229424500714,0.998898116156255,0.0005512456820331887,0
4360,0.6117483944137316,1.0,0.9989054884627242,0.0005475554762231289,1
4361,0.6117473011712357,1.0,0.9989120105420757,0.0005442908740485862,1
4362,0.620229095562647,0.951229424500714,0.9988540509186772,0.0005733030915113505,0
4363,0.6117470169271805,1.0,0.9989137062991613,0.0005434420727385965,1
4364,0.6117555295939572,1.0,0.9988629228850526,0.0005688620388037578,1
4365,0.6117432315803901,1.0,0.9989362895173917,0.0005321383120565406,1
4366,0.6202250757788117,0.951229424500714,0.9988774837002707,0.0005615733965105191,0
4367,0.6117433927007373,1.0,0.9989353282646531,0.0005326194504489921,1
4368,0.6117512939495757,1.0,0.998888190685619,0.0005562139164245166,1
4369,0.6202230029667885,0.951229424500714,0.9988895671814098,0.0005555249029517634,0
4370,0.6288702693635788,0.9048374180359595,0.9989285271239285,0.0005360236567498307,0
4371,0.637690651726669,0.8607079764250578,0.9988665292678969,0.0005670567979387506,0
4372,0.6466250996405332,0.8187307530779818,0.9988868805172894,0.0005568697301587569,0
4373,0.6556651027677819,0.7788007830714049,0.9988871791059197,0.0005567202694982923,0
4374,0.6647824026417192,0.7408182206817179,0.9988795593368318,0.0005605344130323747,0
4375,0.6117497967051326,1.0,0.9988971227490749,0.0005517429337839003,1
4376,0.620223550452581,0.951229424500714,0.9988863755865416,0.0005571224769338116,0
4377,0.6288755183105467,0.9048374180359595,0.9988985183125719,0.0005510443821060813,0
4378,0.611750897518492,1.0,0.9988905556502526,0.0005550301193508851,1
4379,0.6117506622381762,1.0,0.9988919592515879,0.0005543275397033073,1
4380,0.6202225149220003,0.951229424500714,0.9988924122743243,0.000554100777124289,0
4381,0.6288725783611033,0.9048374180359595,0.9989153261786883,0.0005426312528432851,0
4382,0.6376891414160784,0.8607079764250578,0.9988750253188301,0.0005628039700823172,0
4383,0.611749906311905,1.0,0.9988964688673867,0.0005520702357088628,1
4384,0.6202266720079281,0.951229424500714,0.9988681786065664,0.000566231193486371,0
4385,0.6288780487328363,0.9048374180359595,0.9988840520446187,0.0005582855444668512,0
4386,0.6376860668366984,0.8607079764250578,0.9988923212433176,0.0005541463430980151,0
4387,0.6466194637212608,0.8187307530779818,0.9989181796589386,0.0005412029655300495,0
4388,0.6117481422212928,1.0,0.9989069929897747,0.0005468023890017288,1
4389,0.6202262866935915,0.951229424500714,0.9988704247552648,0.0005651068478414124,0
4390,0.6117493888832843,1.0,0.9988995556996153,0.0005505251168926141,1
4391,0.6117566734970207,1.0,0.9988560990782823,0.0005722778378702195,1
4392,0.6202239186687433,0.951229424500714,0.9988842290608163,0.0005581969374951494,0
4393,0.6288762193490423,0.9048374180359595,0.9988945104903431,0.0005530505069504164,0
4394,0.6117500049297651,1.0,0.9988958805428573,0.0005523647230361449,1
4395,0.6202240657932062,0.951229424500714,0.998883371396759,0.0005586262487209068,0
4396,0.6117478170338221,1.0,0.9989089329948456,0.0005458313260295598,1
4397,0.6117576806151976,1.0,0.9988500913019973,0.0005752851751423376,1
4398,0.6202181259999974,0.951229424500714,0.9989179983362522,0.000541293725066993,0
4399,0.6117496080457753,1.0,0.9988982482366802,0.0005511795689760826,1
4400,0.6202224970729099,0.951229424500714,0.9988925163271258,0.0005540486930385634,0
4401,0.6288756502135919,0.9048374180359595,0.9988977642239909,0.0005514218423044457,0
4402,0.6376948969283973,0.8607079764250578,0.998842648950479,0.0005790106487190966,0
4403,0.6117559967178186,1.0,0.9988601363092302,0.000570256914739929,1
4404,0.620226598001647,0.951229424500714,0.9988686100177051,0.0005660152435468429,0
4405,0.61175398509699,1.0,0.998872136494113,0.0005642500112892828,1
4406,0.6202216968584976,0.951229424500714,0.9988971812614647,0.0005517136452883205,0
4407,0.6288824098203326,0.9048374180359595,0.9988591206433242,0.0005707653274723614,0
4408,0.6376872420025881,0.8607079764250578,0.9988857103485665,0.0005574554668577702,0
4409,0.646630343081928,0.8187307530779818,0.9988577620862809,0.0005714453823164768,0
4410,0.6556598991721576,0.7788007830714049,0.998915794642733,0.0005423967665347185,0
4411,0.6647746848835191,0.7408182206817179,0.9989217083676668,0.0005394367035040483,0
4412,0.6739528156200452,0.7046880897187134,0.9988570602927138,0.0005717966804893744,0
4413,0.6831334886802948,0.6703200460356393,0.9989186221289841,0.0005409814909606214,0
4414,0.6923329466219418,0.6376281516217733,0.9988895343735127,0.0005555413251362723,0
4415,0.7015074932053879,0.6065306597126334,0.998884959950125,0.0005578310847666409,0
4416,0.7106351284141882,0.5769498103804866,0.9989092008716304,0.0005456972413597592,0
4417,0.7197061853030687,0.5488116360940264,0.9989061357803596,0.0005472314628739506,0
4418,0.7286966411315787,0.522045776761016,0.9989056121252966,0.0005474935771915476,0
4419,0.73759216610388,0.49658530379140947,0.998891800649636,0.0005544069286517435,0
4420,0.7463646399199894,0.4723665527410147,0.9989352262870103,0.0005326704936173084,0
4421,0.6117485111376457,1.0,0.9989047921135505,0.000547904032430061,1
4422,0.6117490230235672,1.0,0.9989017383234293,0.0005494326039282126,1
4423,0.6117462794653784,1.0,0.9989181059049601,0.0005412398824581474,1
4424,0.6202205019148656,0.951229424500714,0.9989041473692363,0.0005482267581430273,0
4425,0.62887407084418,0.9048374180359595,0.9989067935161061,0.0005469022349783181,0
4426,0.6376894374556754,0.8607079764250578,0.9988733599801896,0.000563637577884381,0
4427,0.6117481747226335,1.0,0.9989067990934211,0.0005468994432689463,1
4428,0.6117565116930619,1.0,0.9988570642947705,0.000571794677171371,1
4429,0.6202234781843367,0.951229424500714,0.9988867968769297,0.0005569115969430611,0
4430,0.6117494372136627,1.0,0.9988992673736962,0.0005506694386910907,1
4431,0.6117504209417699,1.0,0.9988933987459168,0.0005536069946642001,1
4432,0.6117474296984756,1.0,0.9989112437693979,0.00054467467810945,1
4433,0.6202211386201224,0.951229424500714,0.9989004355893522,0.0005500846875500071,0
4434,0.6288733263128514,0.9048374180359595,0.9989110500576195,0.0005447716395753859,0
4435,0.6117538848901694,1.0,0.9988727342766164,0.0005639507826379623,1
4436,0.6202268032790498,0.951229424500714,0.9988674133772526,0.0005666142418320968,0
4437,0.628873861218922,0.9048374180359595,0.9989079919569601,0.0005463023591225867,0
4438,0.6376873964758296,0.8607079764250578,0.9988848413636688,0.0005578904441863573,0
4439,0.6466185329738638,0.8187307530779818,0.998923348690922,0.0005386156572225036,0
4440,0.6556580401002168,0.7788007830714049,0.9989260182558407,0.0005372794379044418,0
4441,0.6647824566368018,0.7408182206817179,0.9988792644601752,0.0005606820167636844,0
4442,0.6739469636367303,0.7046880897187134,0.9988888869282875,0.0005558654077363839,0
4443,0.683136610944122,0.6703200460356393,0.9989016660800834,0.0005494687653171801,0
4444,0.6923292641511825,0.6376281516217733,0.9989095528506874,0.0005455210596834385,0
4445,0.6117486042477525,1.0,0.9989042366396749,0.0005481820739584197,1
4446,0.6202157891142489,0.951229424500714,0.9989316220406663,0.0005344745409425454,0
4447,0.6288773123239254,0.9048374180359595,0.9988882620195799,0.0005561782097463134,0
4448,0.637691012042384,0.8607079764250578,0.9988645023736337,0.0005680713961159075,0
4449,0.6466199800923081,0.8187307530779818,0.9989153119364008,0.0005426383817195801,0
4450,0.611756752522929,1.0,0.9988556276619572,0.0005725138160240344,1
4451,0.6202210324723496,0.951229424500714,0.9989010543941984,0.0005497749446404151,0
4452,0.6288797373337761,0.9048374180359595,0.9988743985753445,0.0005631176948558285,0
4453,0.6376816481718659,0.8607079764250578,0.9989171789436713,0.000541703865297903,0
4454,0.6466285946650845,0.8187307530779818,0.9988674714631273,0.0005665851659647158,0
4455,0.6556655730182686,0.7788007830714049,0.9988845931584621,0.0005580146853537886,0
4456,0.6647772589234907,0.7408182206817179,0.9989076505310918,0.0005464732587096783,0
4457,0.6117564863641048,1.0,0.9988572153908724,0.0005717190426807863,1
4458,0.6117507866790913,1.0,0.9988912168795764,0.0005546991375926126,1
4459,0.6117500358998332,1.0,0.9988956957848406,0.00055245720416325,1
4460,0.62021849561091,0.951229424500714,0.9989158435825833,0.0005423722700509026,0
4461,0.6288759349888493,0.9048374180359595,0.9988961361689139,0.0005522367687473694,0
4462,0.6117456770491432,1.0,0.9989216998671749,0.0005394409583380041,1
4463,0.6117495399355345,1.0,0.9988986545633044,0.0005509761816229314,1
4464,0.6117481943175936,1.0,0.9989066821939225,0.0005469579569888821,1
4465,0.6117527020759254,1.0,0.9988797903803316,0.0005604187617153608,1
4466,0.6117490918077254,1.0,0.9989013279745054,0.0005496380040153826,1
4467,0.6117510174517442,1.0,0.9988898401709108,0.0005553882564831862,1
4468,0.6117514316299371,1.0,0.998887369336284,0.0005566250483611642,1
4469,0.6117434613661181,1.0,0.9989349186036841,0.0005328244992852156,1
4470,0.6117487390953884,1.0,0.9989034321699426,0.0005485847502244256,1
4471,0.6117462686898172,1.0,0.9989181701908391,0.0005412077047067895,1
4472,0.6202204573937232,0.951229424500714,0.9989044069134241,0.0005480968436988859,0
4473,0.6288772262447848,0.9048374180359595,0.998888754126856,0.0005559318823173454,0
4474,0.6376844127478242,0.8607079764250578,0.9989016264145303,0.0005494886199010558,0
4475,0.6466268133529899,0.8187307530779818,0.998877363634234,0.0005616334969962943,0
4476,0.6556632814530426,0.7788007830714049,0.9988971947444352,0.0005517068963602131,0
4477,0.6647839208484994,0.7408182206817179,0.9988712681790364,0.000564684659239892,0
4478,0.6117455305150143,1.0,0.9989225740798139,0.0005390033803693647,1
4479,0.6202232314886181,0.951229424500714,0.9988882350006003,0.0005561917342720222,0
4480,0.6288768095402117,0.9048374180359595,0.9988911363968321,0.0005547394236348289,0
4481,0.6376843563852799,0.8607079764250578,0.9989019434872044,0.0005493299092656119,0
4482,0.6117517316805178,1.0,0.9988855793506971,0.0005575210388629913,1
4483,0.6202247275706102,0.951229424500714,0.9988795135693612,0.0005605573224368004,0
4484,0.6117445078595138,1.0,0.9989286752048451,0.0005359495368796245,1
4485,0.6202236081503214,0.951229424500714,0.998886039235624,0.000557290839914004,0
4486,0.6288768763321818,0.9048374180359595,0.9988907545514404,0.0005549305583094888,0
4487,0.6376783122207282,0.8607079764250578,0.9989359462437942,0.0005323101316510958,0
4488,0.6466312692541826,0.8187307530779818,0.9988526188771747,0.0005740199342411448,0
4489,0.6556606400656941,0.7788007830714049,0.9989117202734483,0.0005444361664599857,0
4490,0.6647823780372533,0.7408182206817179,0.9988796937061856,0.0005604671529991304,0
4491,0.6739468734493156,0.7046880897187134,0.9988893774305415,0.0005556198838647933,0
4492,0.6117565747598838,1.0,0.9988566880792336,0.0005719830002164054,1
4493,0.6202231500901311,0.951229424500714,0.9988887095173504,0.0005559542118842183,0
4494,0.6117539291528309,1.0,0.9988724702282102,0.0005640829558528049,1
4495,0.6202149973942578,0.951229424500714,0.9989362377132551,0.0005321642417071546,0
4496,0.6117498578056486,1.0,0.9988967582413321,0.0005519253889142359,1
4497,0.6202208870582732,0.951229424500714,0.9989019021089168,0.000549350621152663,0
4498,0.6288758123740734,0.9048374180359595,0.9988968371549644,0.0005518858885211348,0
4499,0.6376877426715836,0.8607079764250578,0.9988828938526821,0.0005588652877341728,0
4500,0.6466289125804499,0.8187307530779818,0.9988657059944654,0.0005674689019319252,0
4501,0.6117476773057537,1.0,0.9989097665870024,0.0005454140748761252,1
4502,0.6202240925142418,0.951229424500714,0.9988832156262308,0.0005587042210572088,0
4503,0.6288813203730067,0.9048374180359595,0.9988653487008322,0.0005676477516486558,0
4504,0.6376819938510849,0.8607079764250578,0.9989152342572398,0.0005426772634761713,0
4505,0.6466219569852264,0.8187307530779818,0.9989043331408164,0.0005481337704607854,0
4506,0.6556559563343103,0.7788007830714049,0.9989374776758778,0.0005315436005659232,0
4507,0.6647718453673579,0.7408182206817179,0.9989372163280414,0.0005316744134928909,0
4508,0.6739449944142137,0.7046880897187134,0.9988995969958031,0.0005505044460520288,0
4509,0.6831308463296921,0.6703200460356393,0.9989329721434852,0.0005337987680083849,0
4510,0.69233458681741,0.6376281516217733,0.9988806181421674,0.0005600044168157896,0
4511,0.6117523192570741,1.0,0.9988820741103887,0.0005592756174309175,1
4512,0.6117527857454401,1.0,0.998879291245594,0.0005606686090278588,1
4513,0.620222773007302,0.951229424500714,0.9988909077456761,0.000554853876138137,0
4514,0.6288754831389267,0.9048374180359595,0.9988987193885525,0.0005509437332630981,0
4515,0.6376835951675437,0.8607079764250578,0.9989062258002679,0.0005471864036331127,0
4516,0.6117482532587605,1.0,0.9989063305631769,0.0005471339648251163,1
4517,0.611756655921941,1.0,0.998856203919634,0.0005722253571644322,1
4518,0.6117496065806708,1.0,0.9988982569770802,0.0005511751939558788,1
4519,0.620222424480724,0.951229424500714,0.9988929395096521,0.0005538368672266246,0
4520,0.6288796777503685,0.9048374180359595,0.9988747392022783,0.000562947189496939,0
4521,0.6117548301847469,1.0,0.9988670951552533,0.0005667735332684689,1
4522,0.6117480340056051,1.0,0.99890763858285,0.0005464792393635523,1
4523,0.620226993583533,0.951229424500714,0.9988663040214966,0.0005671695489515504,0
4524,0.6288766194900715,0.9048374180359595,0.9988922229023283,0.0005541955681206082,0
4525,0.6376849679921219,0.8607079764250578,0.9988985028436307,0.0005510521251055593,0
4526,0.6466245447944097,0.8187307530779818,0.9988899618081434,0.0005553273702771273,0
4527,0.655669776393024,0.7788007830714049,0.9988614787898461,0.0005695849088879996,0
4528,0.664778056261027,0.7408182206817179,0.9989032960042631,0.0005486529078082033,0
4529,0.6117566988633993,1.0,0.9988559477592005,0.0005723535840629991,1
4530,0.6117501954438362,1.0,0.9988947439946073,0.0005529336256208289,1
4531,0.6117454329647346,1.0,0.998923156058779,0.0005387120771138908,1
4532,0.6202242977173271,0.951229424500714,0.9988820193940732,0.0005593030062080606,0
4533,0.6117531447162823,1.0,0.9988771497910538,0.0005617405387667596,1
4534,0.6202228546840819,0.951229424500714,0.9988904316051097,0.0005550922108132359,0
4535,0.6117509293327779,1.0,0.9988903658574062,0.0005551251211823403,1
4536,0.6202284280864537,0.951229424500714,0.9988579418258611,0.0005713554097643809,0
4537,0.6117476687768821,1.0,0.9989098174687278,0.0005453886062473341,1
4538,0.6202254452163598,0.951229424500714,0.998875330081779,0.0005626514170127727,0
4539,0.6117527243989959,1.0,0.998879657210885,0.0005604854211156131,1
4540,0.6117508970044048,1.0,0.9988905587171166,0.0005550285842157233,1
4541,0.62021938476085,0.951229424500714,0.998910660053095,0.000544966854454925,0
4542,0.6117493820235214,1.0,0.9988995966231095,0.0005505046326041752,1
4543,0.6117494030584113,1.0,0.9988994711346424,0.0005505674459616451,1
4544,0.6202233170266944,0.951229424500714,0.9988877363522431,0.0005564413360113058,0
4545,0.6288769856712784,0.9048374180359595,0.9988901294672935,0.0005552434475516639,0
4546,0.6376841294959349,0.8607079764250578,0.9989032198753841,0.0005486910140404004,0
4547,0.6117529476089535,1.0,0.9988783256416492,0.0005611519529213863,1
4548,0.620219889544768,0.951229424500714,0.9989077173017805,0.0005464398368580861,0
4549,0.6117449251352591,1.0,0.998926185746382,0.0005371956026032105,1
4550,0.6202197256347753,0.951229424500714,0.9989086728505715,0.0005459615402559993,0
4551,0.6117479354803291,1.0,0.9989082263654162,0.0005461850267804417,1
4552,0.6202195649797054,0.951229424500714,0.99890960942535,0.0005454927414734623,0
4553,0.6117546423829003,1.0,0.9988682154767288,0.0005662127375166323,1
4554,0.6117512926253557,1.0,0.9988881985854237,0.0005562099621257749,1
4555,0.6117552981653331,1.0,0.9988643034512725,0.0005681709703727316,1
4556,0.6202232623773202,0.951229424500714,0.9988880549333754,0.0005562818681002088,0
4557,0.628881413616009,0.9048374180359595,0.9988648156553045,0.0005679145772376164,0
4558,0.6376811108599006,0.8607079764250578,0.998920201707497,0.0005401908473441363,0
4559,0.6466260916881695,0.8187307530779818,0.9988813712940017,0.0005596274190361967,0
4560,0.6117487919192759,1.0,0.9989031170351415,0.0005487424906228931,1
4561,0.6202176227863947,0.951229424500714,0.998920931976076,0.0005398253184906193,0
4562,0.6288759676235408,0.9048374180359595,0.9988959495971936,0.000552330157704917,0
4563,0.6376786615550545,0.8607079764250578,0.9989339809472473,0.000533293827596563,0
4564,0.6466203241793118,0.8187307530779818,0.9989134010175669,0.0005435948795521998,0
4565,0.655671333624519,0.7788007830714049,0.9988529157282825,0.000573871338213004,0
4566,0.6647752141571295,0.7408182206817179,0.9989188177800437,0.0005408835595395153,0
4567,0.6739535370921282,0.7046880897187134,0.9988531365639586,0.0005737607935831558,0
4568,0.6831298547786033,0.6703200460356393,0.9989383570888674,0.0005311034265700387,0
4569,0.6117471872670054,1.0,0.9989126900769855,0.0005439507366433742,1
4570,0.6117475447370093,1.0,0.9989105574689028,0.0005450182024891471,1
4571,0.6202250682350698,0.951229424500714,0.9988775276762215,0.0005615513838260107,0
4572,0.6117521117167086,1.0,0.9988833122088281,0.0005586558757696185,1
4573,0.6202246192281162,0.951229424500714,0.998880145149825,0.0005602411780692768,0
4574,0.6117501502361758,1.0,0.9988950136894051,0.0005527986290343282,1
4575,0.6202260278569857,0.951229424500714,0.9988719336196059,0.0005643515630897383,0
4576,0.628879941240648,0.9048374180359595,0.9988732328799903,0.0005637011996668745,0
4577,0.6376888051245005,0.8607079764250578,0.9988769170949656,0.000561857017612694,0
4578,0.6466266630329635,0.8187307530779818,0.998878198412834,0.0005612156387678318,0
4579,0.6117442734421568,1.0,0.9989300737380258,0.0005352495208341823,1
4580,0.6117536470715641,1.0,0.9988741529826031,0.0005632406296172365,1
4581,0.6117456065697289,1.0,0.99892212034242,0.0005392304938157677,1
4582,0.6117557337469901,1.0,0.9988617050312413,0.0005694716592661126,1
4583,0.6117518179369899,1.0,0.9988850647788718,0.000557778611886641,1
4584,0.6117525896326443,1.0,0.9988804611670209,0.0005600829923512698,1
4585,0.611746568816977,1.0,0.9989163796656895,0.0005421039376554668,1
4586,0.620219894050188,0.951229424500714,0.9989076910364781,0.0005464529838696906,0
4587,0.6288820226654421,0.9048374180359595,0.9988613338906245,0.0005696574410834709,0
4588,0.6376892807340288,0.8607079764250578,0.9988742416003668,0.0005631962707960728,0
4589,0.6117571889588603,1.0,0.9988530241797265,0.0005738170502210128,1
4590,0.6117539475278525,1.0,0.9988723606122578,0.0005641378256994187,1
4591,0.6202201186955951,0.951229424500714,0.9989063814196035,0.0005471085087719516,0
4592,0.6117510763964725,1.0,0.9988894885278025,0.0005555642734752621,1
4593,0.6202129943855661,0.951229424500714,0.998947915250621,0.0005263192895117591,0
4594,0.6117506561447099,1.0,0.9988919956031481,0.0005543093437616791,1
4595,0.6117533822763377,1.0,0.9988757326210733,0.0005624499207894269,1
4596,0.6117470898074869,1.0,0.9989132715058536,0.0005436597058532475,1
4597,0.6117571660855644,1.0,0.9988531606261208,0.0005737487486883021,1
4598,0.6202164001478528,0.951229424500714,0.9989280597779552,0.000536257580434057,0
4599,0.6288730664824346,0.9048374180359595,0.9989125355334117,0.0005440280925460316,0
4600,0.6376876429053344,0.8607079764250578,0.9988834550834023,0.0005585843586253061,0
4601,0.6466268437827419,0.8187307530779818,0.9988771946475008,0.0005617180853319504,0
4602,0.6556633686268094,0.7788007830714049,0.9988967153622725,0.0005519468521235587,0
4603,0.6117530755298601,1.0,0.9988775625248152,0.0005615339399492143,1
4604,0.6202161710807166,0.951229424500714,0.9989293952135457,0.0005355891465639388,0
4605,0.6117573757662244,1.0,0.9988519098161692,0.0005743748721187326,1
4606,0.6202227393762219,0.951229424500714,0.9988911038005309,0.0005547557398781693,0
4607,0.6288870085399438,0.9048374180359595,0.9988328316640362,0.000583925003697241,0
4608,0.611753657232197,1.0,0.9988740923693247,0.0005632709704164325,1
4609,0.6202170959270918,0.951229424500714,0.9989240034790043,0.0005382879104196383,0
4610,0.6288785786153038,0.9048374180359595,0.9988810227752435,0.0005598018735955319,0
4611,0.6117458821658269,1.0,0.9989204761569255,0.0005400534743135388,1
4612,0.6202259082628776,0.951229424500714,0.9988726307836281,0.0005640025875326524,0
4613,0.6288833318920947,0.9048374180359595,0.9988538494649842,0.0005734039339282214,0
4614,0.6117499231700448,1.0,0.9988963682967512,0.0005521205765818668,1
4615,0.6202228309345826,0.951229424500714,0.9988905700544622,0.0005550229092469222,0
4616,0.6288747676008861,0.9048374180359595,0.9989028101279717,0.0005488961127368326,0
4617,0.611754130615424,1.0,0.9988712684067138,0.0005646845452725231,1
4618,0.6202236071049196,0.951229424500714,0.9988860453298276,0.0005572877894140982,0
4619,0.6117511816687932,1.0,0.9988888605113544,0.0005558786308955037,1
4620,0.6117554996720393,1.0,0.9988631013813464,0.0005687726890673346,1
4621,0.6202204731439915,0.951229424500714,0.9989043150943273,0.0005481428036027138,0
4622,0.611749877961327,1.0,0.9988966379985147,0.0005519855767282308,1
4623,0.6117481209420371,1.0,0.9989071199374943,0.0005467388456927051,1
4624,0.6202170570511797,0.951229424500714,0.9989242301197003,0.0005381744680208532,0
4625,0.6288811579633147,0.9048374180359595,0.9988662771549117,0.0005671829974907464,0
4626,0.63767922368893,0.8607079764250578,0.9989308184864611,0.0005348767479158012,0
4627,0.6466300390385876,0.8187307530779818,0.9988594505033425,0.0005706002091102994,0
4628,0.6117478938950399,1.0,0.998908474455291,0.0005460608462814591,1
4629,0.6117476132330625,1.0,0.9989101488333345,0.0005452227431504001,1
4630,0.6117604183048173,1.0,0.9988337603970546,0.0005834600947769473,1
4631,0.6117426463936659,1.0,0.9989397807848157,0.0005303908225721489,1
4632,0.6117547737690214,1.0,0.9988674316999292,0.0005666050701061231,1
4633,0.6117533638688607,1.0,0.9988758424311937,0.000562394953934825,1
4634,0.6117564130004653,1.0,0.9988576530308754,0.000571499972377034,1
4635,0.6117468425257465,1.0,0.998914746753901,0.0005429212799057143,1
4636,0.611750928723562,1.0,0.998890369491774,0.0005551233019798033,1
4637,0.6117419316907529,1.0,0.9989440447802357,0.0005282565666332208,1
4638,0.6117535824815935,1.0,0.9988745382943489,0.0005630477566359596,1
4639,0.6117576153620645,1.0,0.9988504805557935,0.0005750903242214055,1
4640,0.6202226687431164,0.951229424500714,0.9988915155615913,0.000554549630836891,0
4641,0.6117506776336104,1.0,0.9988918674076394,0.000554373512619556,1
4642,0.6117428676838582,1.0,0.9989384605489566,0.0005310516415508838,1
4643,0.6202226103005531,0.951229424500714,0.9988918562571417,0.0005543790940533632,0
4644,0.611745379102203,1.0,0.9989234773995456,0.0005385512335530879,1
4645,0.611756370018959,1.0,0.9988579094308644,0.0005713716257826468,1
4646,0.6117486154284091,1.0,0.9989041699384322,0.0005482154611653368,1
4647,0.6202239466188141,0.951229424500714,0.9988840661254178,0.0005582784962018719,0
4648,0.6288761111780672,0.9048374180359595,0.9988951289000935,0.0005527409599699589,0
4649,0.6376858616956738,0.8607079764250578,0.9988934752697686,0.0005535686903522051,0
4650,0.611745514624328,1.0,0.998922668882636,0.0005389559278339942,1
4651,0.6117538210101758,1.0,0.998873115352179,0.0005637600298639314,1
4652,0.6117534436299117,1.0,0.9988753666154045,0.0005626331296330726,1
4653,0.6117564011818946,1.0,0.9988577235328484,0.0005714646810768846,1
4654,0.620220799128913,0.951229424500714,0.9989024147077443,0.0005490940400535138,0
4655,0.6117494958504563,1.0,0.9988989175626681,0.000550844536972144,1
4656,0.6202259887924154,0.951229424500714,0.9988721613432306,0.0005642375727015922,0
4657,0.6117445093625576,1.0,0.9989286662377004,0.0005359540252605027,1
4658,0.6117587716124846,1.0,0.998843583221564,0.0005785429721290866,1
4659,0.6117472212529498,1.0,0.9989124873220583,0.0005440522244659589,1
4660,0.6117525206020886,1.0,0.9988808729730012,0.0005598768586288724,1
4661,0.6117491037967179,1.0,0.9989012564512287,0.0005496738049885131,1
4662,0.6202193093531385,0.951229424500714,0.9989110996603604,0.0005447468111686548,0
4663,0.6288714790673203,0.9048374180359595,0.998921611005228,0.0005394854372750431,0
4664,0.6376866465123685,0.8607079764250578,0.9988890602712575,0.0005557786398500027,0
4665,0.6117484753439179,1.0,0.9989050056509732,0.0005477971466680341,1
4666,0.6117511457948113,1.0,0.9988890745224407,0.0005557715063334886,1
4667,0.6202262710833341,0.951229424500714,0.9988705157537423,0.0005650612971518248,0
4668,0.6288702534197714,0.9048374180359595,0.9989286182783038,0.000535978030677135,0
4669,0.6376840447584049,0.8607079764250578,0.9989036965751784,0.0005484524024957744,0
4670,0.6117511376883922,1.0,0.9988891228823886,0.0005557472994680862,1
4671,0.6117472231194847,1.0,0.9989124761865986,0.0005440577982573942,1
4672,0.620224107828347,0.951229424500714,0.9988831263525266,0.0005587489078167352,0
4673,0.6117527285225306,1.0,0.9988796326117255,0.0005604977344907103,1
4674,0.6117441216629853,1.0,0.9989309792536274,0.0005347962783025322,1
4675,0.6202247284358336,0.951229424500714,0.9988795085255606,0.0005605598471660434,0
4676,0.6288699226608239,0.9048374180359595,0.9989305093050229,0.0005350315041212798,0
4677,0.611753653324274,1.0,0.9988741156820473,0.0005632593009164494,1
4678,0.6202162699781284,0.951229424500714,0.9989288186524673,0.0005358777361517083,0
4679,0.6117533845369829,1.0,0.9988757191351569,0.0005624566713370799,1
4680,0.6202215349233824,0.951229424500714,0.9988981252830805,0.000551241113586581,0
4681,0.6288765268538942,0.9048374180359595,0.9988927524984973,0.0005539304764438371,0
4682,0.6376877463179773,0.8607079764250578,0.9988828733400599,0.0005588755555156145,0
4683,0.6466314542253069,0.8187307530779818,0.9988515917015478,0.000574534112276831,0
4684,0.6117545702204972,1.0,0.9988686459580339,0.0005659972530284089,1
4685,0.6202224600373666,0.951229424500714,0.9988927322290477,0.0005539406224028018,0
4686,0.6117566354083082,1.0,0.998856326290479,0.0005721641016818548,1
4687,0.6117405656528301,1.0,0.9989521947871435,0.000524177272250226,1
4688,0.6117552602429475,1.0,0.9988645296740571,0.0005680577303869491,1
4689,0.6202207116459939,0.951229424500714,0.9989029247043416,0.000548838761630121,0
4690,0.6288805980524506,0.9048374180359595,0.9988694780290485,0.0005655807464780685,0
4691,0.6376907534678815,0.8607079764250578,0.9988659569396168,0.0005673432868876224,0
4692,0.6466225433531427,0.8187307530779818,0.9989010767392383,0.0005497637598290913,0
4693,0.6556680372461381,0.7788007830714049,0.9988710422873591,0.0005647977327209094,0
4694,0.6117528051045865,1.0,0.9988791757576768,0.0005607264177765697,1
4695,0.6117551708776319,1.0,0.9988650627755933,0.000567790876685583,1
4696,0.6202233870651704,0.951229424500714,0.9988873280598207,0.0005566457095815475,0
4697,0.6117545117637082,1.0,0.9988689946793677,0.000565822694904934,1
4698,0.6202188646988102,0.951229424500714,0.9989136918845786,0.0005434492878677588,0
4699,0.6288768828426821,0.9048374180359595,0.9988907173313399,0.0005549491890260888,0
4700,0.6117497955525177,1.0,0.9988971296252392,0.0005517394919057879,1
4701,0.61175576197477,1.0,0.9988615366415133,0.0005695559500850232,1
4702,0.620218554414349,0.951229424500714,0.9989155007715469,0.0005425438616306331,0
4703,0.6288815214730373,0.9048374180359595,0.9988641990657446,0.0005682232224819533,0
4704,0.6117524699381315,1.0,0.9988811752120819,0.0005597255697999907,1
4705,0.6117437221310388,1.0,0.9989333628699038,0.0005336031961566796,1
4706,0.6117572099285575,1.0,0.9988528990889207,0.0005738796674482892,1
4707,0.6202154267038048,0.951229424500714,0.9989337348646253,0.0005334170002270133,0
4708,0.6288811263181544,0.9048374180359595,0.9988664580622201,0.0005670924411789822,0
4709,0.6376850903209657,0.8607079764250578,0.9988978146746977,0.0005513965891167013,0
4710,0.6466307387310734,0.8187307530779818,0.9988555649680254,0.0005725451989046097,0
4711,0.611747932485733,1.0,0.9989082442306008,0.0005461760844252527,1
4712,0.620215881508042,0.951229424500714,0.9989310833932471,0.0005347441527721204,0
4713,0.6288798683459751,0.9048374180359595,0.9988736496042412,0.0005634926025445351,0
4714,0.637679183831199,0.8607079764250578,0.9989310427182284,0.00053476451204424,0
4715,0.6466238823870796,0.8187307530779818,0.9988936404462997,0.0005534860106062474,0
4716,0.6117482111810869,1.0,0.9989065815898089,0.0005470083141045298,1
4717,0.6117496336950395,1.0,0.9988980952204161,0.0005512561614999345,1
4718,0.6202180664687584,0.951229424500714,0.9989183453914395,0.0005411200095429889,0
4719,0.6288741080742404,0.9048374180359595,0.9989065806697012,0.0005470087746620081,0
4720,0.637683519273014,0.8607079764250578,0.9989066527544861,0.0005469726928182777,0
4721,0.6117456749298239,1.0,0.9989217125108814,0.0005394346296606039,1
4722,0.6202173550223138,0.951229424500714,0.9989224929948677,0.000539043966572779,0
4723,0.6288811073323473,0.9048374180359595,0.9988665665992577,0.0005670381110776757,0
4724,0.6117468601889919,1.0,0.9989146413773571,0.0005429740254227137,1
4725,0.6202235856230183,0.951229424500714,0.9988861705592759,0.0005572251048661353,0
4726,0.6288749973654505,0.9048374180359595,0.998901496558771,0.0005495536191784188,0
4727,0.6376824500055838,0.8607079764250578,0.998912668077868,0.0005439617481751707,0
4728,0.646625444975546,0.8187307530779818,0.9988849627344926,0.0005578296910287832,0
4729,0.6556638637716451,0.7788007830714049,0.9988939924885548,0.0005533097945514337,0
4730,0.6647809958157471,0.7408182206817179,0.9988872422953075,0.0005566886396070176,0
4731,0.611749295245798,1.0,0.9989001143157983,0.0005502455011777072,1
4732,0.6202198500300258,0.951229424500714,0.9989079476614069,0.0005463245311117162,0
4733,0.6288755491806977,0.9048374180359595,0.9988983418281138,0.0005511327216473725,0
4734,0.6117530812994746,1.0,0.9988775281059898,0.0005615511687003466,1
4735,0.6202263118679263,0.951229424500714,0.9988702780039541,0.0005651803064792259,0
4736,0.6117462204282382,1.0,0.9989184581144835,0.0005410635869944646,1
4737,0.6202293118159792,0.951229424500714,0.9988527903215814,0.0005739341135761476,0
4738,0.6288705503924295,0.9048374180359595,0.9989269204198856,0.0005368278711111865,0
4739,0.6376868037484569,0.8607079764250578,0.9988881757402257,0.000556221397438685,0
4740,0.6117543199503879,1.0,0.9988701389343483,0.0005652499199308077,1
4741,0.6202234246801586,0.951229424500714,0.9988871087816664,0.0005567554707989623,0
4742,0.6117547296759145,1.0,0.9988676947348711,0.0005664734035311031,1
4743,0.6202198605793688,0.951229424500714,0.998907886161752,0.0005463553145572378,0
4744,0.6117575909308501,1.0,0.998850626295106,0.0005750173707089638,1
4745,0.6117489259549316,1.0,0.9989023174108353,0.0005491427419648734,1
4746,0.6202281279497761,0.951229424500714,0.9988596914143345,0.000570479616086475,0
4747,0.6288844035563095,0.9048374180359595,0.998847723163609,0.000576470608880693,0
4748,0.6376780513198296,0.8607079764250578,0.9989374140319078,0.0005315754563994544,0
4749,0.6466249518025142,0.8187307530779818,0.9988877015220403,0.0005564587705047549,0
4750,0.6556608360417304,0.7788007830714049,0.9989106425526956,0.0005449756141970918,0
4751,0.6647730155016793,0.7408182206817179,0.9989308256306182,0.0005348731720139648,0
4752,0.6117621002133875,1.0,0.9988237276505771,0.000588482350362619,1
4753,0.6117584801657164,1.0,0.9988453217705476,0.0005776726919872158,1
4754,0.6202327656540068,0.951229424500714,0.9988326573058567,0.000584012284666234,0
4755,0.6117368218721877,1.0,0.9989745313088776,0.0005129974219367847,1
4756,0.6202200630048997,0.951229424500714,0.998906706079805,0.0005469460009760739,0
4757,0.6288812077051134,0.9048374180359595,0.9988659927938274,0.0005673253394294538,0
4758,0.6117600328299474,1.0,0.998836059813017,0.0005823090457201403,1
4759,0.6202296204178963,0.951229424500714,0.9988509914044147,0.0005748346060230981,0
4760,0.6288819279133662,0.9048374180359595,0.9988618755605697,0.0005693862974422163,0
4761,0.6117456778474084,1.0,0.9989216951047819,0.0005394433421049154,1
4762,0.6202202031195632,0.951229424500714,0.9989058892532492,0.0005473548614255984,0
4763,0.6288772007501572,0.9048374180359595,0.9988888998775811,0.0005558589258875306,0
4764,0.61175310928957,1.0,0.9988773611301794,0.0005616347504306929,1
4765,0.6202267754153638,0.951229424500714,0.9988675758052105,0.0005665329357736647,0
4766,0.6117576815259679,1.0,0.998850085868991,0.000575287894772796,1
4767,0.6202170163972552,0.951229424500714,0.9989244671260177,0.0005380558372568635,0
4768,0.6288811882440827,0.9048374180359595,0.9988661040475274,0.0005672696494296498,0
4769,0.637691652741647,0.8607079764250578,0.998860898242906,0.0005698755133016611,0
4770,0.6466281220154131,0.8187307530779818,0.9988700962196608,0.000565271301433113,0
4771,0.6556761113213223,0.7788007830714049,0.9988266441819069,0.0005870223694916531,0
4772,0.6117500287441732,1.0,0.9988957384733298,0.000552435836322503,1
4773,0.61174950048418,1.0,0.9988988899191518,0.0005508583739661855,1
4774,0.6117530206752139,1.0,0.9988778897621009,0.0005613701374750902,1
4775,0.6202245369656001,0.951229424500714,0.9988806246979445,0.0005600011352539621,0
4776,0.6288761488118743,0.9048374180359595,0.9988949137488518,0.0005528486545910676,0
4777,0.6376915850600312,0.8607079764250578,0.9988612789720525,0.0005696849316728465,0
4778,0.6466273374634907,0.8187307530779818,0.9988744530757779,0.0005630904139324588,0
4779,0.6556690697293386,0.7788007830714049,0.9988653646916298,0.0005676397471676297,0
4780,0.6647880747959196,0.7408182206817179,0.998848583231748,0.0005760400789066171,0
4781,0.6739470481053508,0.7046880897187134,0.9988884275290674,0.0005560953629054644,0
4782,0.6831482439018015,0.6703200460356393,0.9988384936307394,0.0005810907202836083,0
4783,0.6923350553381404,0.6376281516217733,0.9988780712406523,0.0005612792962738058,0
4784,0.6117557757392438,1.0,0.9988614545310688,0.0005695970521021226,1
4785,0.6117600541071764,1.0,0.9988359328909175,0.0005823725807248481,1
4786,0.6117552011177047,1.0,0.9988648823808459,0.0005678811765520628,1
4787,0.6202299926631838,0.951229424500714,0.9988488215003912,0.0005759208072678444,0
4788,0.6288819548865083,0.9048374180359595,0.9988617213629527,0.0005694634841047336,0
4789,0.6117576521412023,1.0,0.9988502611575807,0.0005752001495862292,1
4790,0.6202279513577211,0.951229424500714,0.9988607208254648,0.0005699643231936554,0
4791,0.611755265139572,1.0,0.9988645004636533,0.0005680723521917723,1
4792,0.6202321348016459,0.951229424500714,0.9988363346095672,0.0005821714873542259,0
4793,0.6288787746062541,0.9048374180359595,0.9988799023235437,0.0005603627273421864,0
4794,0.6117544834357664,1.0,0.9988691636684908,0.0005657381046785425,1
4795,0.6202264822301976,0.951229424500714,0.9988692848946418,0.0005656774229856671,0
4796,0.6288697161876968,0.9048374180359595,0.998931689762927,0.0005344406435981665,0
4797,0.6376909147073216,0.8607079764250578,0.9988650499148118,0.0005677973143827225,0
4798,0.6117461566324319,1.0,0.9989188387139307,0.0005408730812672143,1
4799,0.6117610559046448,1.0,0.9988299570349555,0.0005853639998566747,1
4800,0.6117498523722261,1.0,0.9988967906555273,0.000551909163916795,1
4801,0.6202179175228864,0.951229424500714,0.9989192137167632,0.0005406853769475416,0
4802,0.628871887905022,0.9048374180359595,0.9989192736128393,0.0005406553965079178,0
4803,0.6376786133861014,0.8607079764250578,0.9989342519374321,0.0005331581879280017,0
4804,0.6466310034608458,0.8187307530779818,0.99885409487435,0.0005732810884610753,0
4805,0.655667615947092,0.7788007830714049,0.9988733590096393,0.0005636380637068917,0
4806,0.6117500823943733,1.0,0.9988954184126376,0.0005525960436049521,1
4807,0.6202187837125382,0.951229424500714,0.998914164015447,0.0005432129657707214,0
4808,0.6288742134972038,0.9048374180359595,0.9989059779608642,0.000547310459038926,0
4809,0.6376800481952691,0.8607079764250578,0.9989261799902813,0.0005371984837474387,0
4810,0.6117551766535514,1.0,0.9988650283198017,0.0005678081241564726,1
4811,0.6117485645770995,1.0,0.9989044733057776,0.0005480636111138387,1
4812,0.6117562471134245,1.0,0.9988586426066836,0.000571004618852433,1
4813,0.6117474827514554,1.0,0.998910927264178,0.0005448331032307973,1
4814,0.6202233747309248,0.951229424500714,0.9988873999628393,0.0005566097180267408,0
4815,0.6117521262228593,1.0,0.9988832256711663,0.0005586991929741761,1
4816,0.6202200546689427,0.951229424500714,0.9989067546759703,0.0005469216762999609,0
4817,0.6117476062768807,1.0,0.9989101903326961,0.000545201970831269,1
4818,0.6202237792115946,0.951229424500714,0.9988850420291298,0.0005577899994541765,0
4819,0.6117547461078823,1.0,0.9988675967108822,0.0005665224710873828,1
4820,0.6202196224520891,0.951229424500714,0.9989092743770503,0.0005456604485175497,0
4821,0.6288793057635065,0.9048374180359595,0.9988768657835058,0.0005618827021891906,0
4822,0.6117519503760411,1.0,0.9988842747009097,0.0005581740919585937,1
4823,0.611741818325318,1.0,0.9989447211332729,0.0005279180327524508,1
4824,0.6202300175907847,0.951229424500714,0.99884867619187,0.0005759935452681575,0
4825,0.6288775795590577,0.9048374180359595,0.9988867342606855,0.0005569429399572992,0
4826,0.6117547045742779,1.0,0.9988678444773145,0.0005663984474418453,1
4827,0.6202232674339928,0.951229424500714,0.9988880254552549,0.0005562966235679763,0
4828,0.6288778630620332,0.9048374180359595,0.998885113503477,0.0005577542223919496,0
4829,0.6376920924509465,0.8607079764250578,0.9988584247523439,0.0005711136705010456,0
4830,0.6117482314987401,1.0,0.9989064603789123,0.0005470689858962198,1
4831,0.6202294614134184,0.951229424500714,0.998851918280403,0.0005743706351373891,0
4832,0.628880032537927,0.9048374180359595,0.998872710952058,0.0005639624580786117,0
4833,0.637686255610967,0.8607079764250578,0.9988912592900201,0.0005546779088331152,0
4834,0.6466242300939111,0.8187307530779818,0.9988917094758348,0.0005544525661298509,0
4835,0.6117540734093596,1.0,0.9988716096682481,0.0005645137217206223,1
4836,0.6117532761945501,1.0,0.9988763654540473,0.0005621331482656565,1
4837,0.6202247311295939,0.951229424500714,0.9988794928223452,0.0005605677075813121,0
4838,0.6288834295375882,0.9048374180359595,0.9988532912603021,0.0005736833566077359,0
4839,0.6117495449275355,1.0,0.9988986247824158,0.0005509910884850797,1
4840,0.6117457237332662,1.0,0.9989214213531147,0.0005395803657105042,1
4841,0.6202261996397712,0.951229424500714,0.9988709322271926,0.0005648528250040798,0
4842,0.6288763199695023,0.9048374180359595,0.9988939352470932,0.0005533384469727999,0
4843,0.637693598914989,0.8607079764250578,0.9988499505211597,0.0005753556466018404,0
4844,0.6466248939745849,0.8187307530779818,0.9988880226643175,0.0005562980205900707,0
4845,0.6117525679272626,1.0,0.998880590651769,0.0005600181774185801,1
4846,0.6202146918615433,0.951229424500714,0.9989380189559,0.0005312726727613345,0
4847,0.6288739495846754,0.9048374180359595,0.998907486764123,0.000546555231743974,0
4848,0.6376941406896162,0.8607079764250578,0.9988469029281448,0.0005768811998956927,0
4849,0.6117541063837566,1.0,0.9988714129601785,0.0005646121868722022,1
4850,0.6202214438868632,0.951229424500714,0.9988986559927547,0.0005509754661097337,0
4851,0.6288766774171617,0.9048374180359595,0.9988918917363837,0.0005543613347528513,0
4852,0.611744049475731,1.0,0.9989314099237249,0.0005345807128562318,1
4853,0.6117477823880119,1.0,0.9989091396853301,0.0005457278679182493,1
4854,0.6202270651093651,0.951229424500714,0.9988658870712188,0.0005673782607496874,0
4855,0.6288779102037695,0.9048374180359595,0.9988848439993888,0.0005578891248551445,0
4856,0.6376790603536474,0.8607079764250578,0.9989317373790961,0.0005344168100525443,0
4857,0.6466213026166381,0.8187307530779818,0.9989079672003558,0.0005463147509569163,0
4858,0.6556569897481073,0.7788007830714049,0.9989317945217909,0.0005343882081516476,0
4859,0.6647776512006512,0.7408182206817179,0.9989055081717501,0.0005475456109125706,0
4860,0.6739521965090536,0.7046880897187134,0.9988604273432461,0.000570111231694359,0
4861,0.6117497284609077,1.0,0.9988975298743241,0.0005515391464484115,1
4862,0.6202216901353368,0.951229424500714,0.998897220454971,0.0005516940268999788,0
4863,0.611750989070566,1.0,0.9988900094829074,0.0005553035064058655,1
4864,0.6202119549337631,0.951229424500714,0.9989539753296033,0.0005232860680052863,0
4865,0.6288731494840605,0.9048374180359595,0.998912061004709,0.0005442656152513022,0
4866,0.6117497636605469,1.0,0.9988973198834568,0.0005516442577752265,1
4867,0.6202213878158379,0.951229424500714,0.9988989828665643,0.0005508118490330066,0
4868,0.6288817313665872,0.9048374180359595,0.9988629991623722,0.0005688238567294313,0
4869,0.611756100386662,1.0,0.9988595178857701,0.0005705664794272314,1
4870,0.611743985586366,1.0,0.9989317910887386,0.0005343899265133279,1
4871,0.6117501087832857,1.0,0.9988952609845104,0.0005526748447170412,1
4872,0.6202242008546264,0.951229424500714,0.9988825840552977,0.0005590203596822173,0
4873,0.62888246629671,0.9048374180359595,0.9988587977855279,0.000570926940777875,0
4874,0.6376830196627639,0.8607079764250578,0.998909463380638,0.0005455658435445936,0
4875,0.6117578346289011,1.0,0.9988491725666497,0.0005757450718666128,1
4876,0.6202183841388684,0.951229424500714,0.9989164934403789,0.0005420469886028225,0
4877,0.6288753822105044,0.9048374180359595,0.9988992963961572,0.0005506549114702175,0
4878,0.6117516437532342,1.0,0.998886103890328,0.0005572584765115446,1
4879,0.6202265285251507,0.951229424500714,0.9988690150232243,0.0005658125114592031,0
4880,0.628880516760542,0.9048374180359595,0.9988699427562607,0.0005653481199366079,0
4881,0.6376809063271262,0.8607079764250578,0.9989213523536346,0.000539614902702625,0
4882,0.6466308638757466,0.8187307530779818,0.9988548700160427,0.0005728930731363057,0
4883,0.6556606786654673,0.7788007830714049,0.9989115080036302,0.0005445424170106468,0
4884,0.6117506940687292,1.0,0.9988917693612979,0.0005544225901771358,1
4885,0.6117600030865773,1.0,0.9988362372370527,0.0005822202303343817,1
4886,0.6117494407993183,1.0,0.9988992459826536,0.0005506801459984048,1
4887,0.6202261650005928,0.951229424500714,0.9988711341530757,0.0005647517479498657,0
4888,0.6117542760970366,1.0,0.9988704005401036,0.0005651189691140937,1
4889,0.6202134943375892,0.951229424500714,0.9989450005129304,0.0005277781953757781,0
4890,0.6288712296028844,0.9048374180359595,0.9989230372380842,0.000538771551509535,0
4891,0.6376934600849946,0.8607079764250578,0.9988507314701847,0.0005749647226601465,0
4892,0.64662632862606,0.8187307530779818,0.9988800554919924,0.0005602860572457516,0
4893,0.6556649133356944,0.7788007830714049,0.9988882208113019,0.0005561988368176516,0
4894,0.6117494508402755,1.0,0.998899186081045,0.0005507101298083669,1
4895,0.6202154233186485,0.951229424500714,0.998933754599846,0.0005334071220840843,0
4896,0.6288708636710785,0.9048374180359595,0.9989251293407478,0.0005377243735013701,0
4897,0.6117555377490387,1.0,0.998862874236714,0.0005688863906635625,1
4898,0.6202240787547859,0.951229424500714,0.9988832958371039,0.0005586640707830746,0
4899,0.6117524479824779,1.0,0.9988813061899822,0.0005596600075014139,1
4900,0.6202292244363401,0.951229424500714,0.9988532996800225,0.00057367914191457,0
4901,0.6288718006240159,0.9048374180359595,0.9989197726120849,0.0005404056270149726,0
4902,0.6376922952743838,0.8607079764250578,0.998857283815166,0.0005716847913932774,0
4903,0.6466228359621344,0.8187307530779818,0.9988994517364032,0.0005505771557672655,0
4904,0.6117528939753569,1.0,0.9988786455950861,0.0005609917965852822,1
4905,0.620229829852616,0.951229424500714,0.9988497705600844,0.0005754457307488521,0
4906,0.6288775978729276,0.9048374180359595,0.9988866295620763,0.0005569953476082884,0
4907,0.6117514564066112,1.0,0.9988872215280568,0.0005566990347998098,1
4908,0.6202246420066473,0.951229424500714,0.9988800123627737,0.0005603076460338411,0
4909,0.6117485720181871,1.0,0.9989044289139325,0.0005480858313797554,1
4910,0.6117574445269296,1.0,0.9988514996378187,0.0005745801970676253,1
4911,0.6202220540637593,0.951229424500714,0.9988950988918696,0.0005527559806780757,0
4912,0.6117500105013368,1.0,0.9988958473045493,0.0005523813605602308,1
4913,0.6202211867074026,0.951229424500714,0.9989001552573009,0.0005502250078865637,0
4914,0.611744603803748,1.0,0.9989281028027069,0.0005362360449738991,1
4915,0.6202197841922169,0.951229424500714,0.9989083314771381,0.0005461324134804391,0
4916,0.6288741047976193,0.9048374180359595,0.9989065994023305,0.0005469993980949185,0
4917,0.6376860669377173,0.8607079764250578,0.9988923206750334,0.000554146627555221,0
4918,0.6117526129009586,1.0,0.9988803223585343,0.0005601524743872558,1
4919,0.6202170672574134,0.951229424500714,0.9989241706188924,0.0005382042504647671,0
4920,0.628872702228605,0.9048374180359595,0.9989146180130645,0.0005429857202622509,0
4921,0.6376850165566209,0.8607079764250578,0.9988982296407835,0.0005511888771798749,0
4922,0.6466211927704476,0.8187307530779818,0.9989085772367231,0.0005460093994124878,0
4923,0.6556712164409136,0.7788007830714049,0.9988535601063271,0.0005735487792923718,0
4924,0.6117493011116167,1.0,0.9989000793218797,0.0005502630174031261,1
4925,0.6117509779307216,1.0,0.9988900759392615,0.000555270241305976,1
4926,0.6117503087337754,1.0,0.9988940681426542,0.0005532719256198192,1
4927,0.6117439744329136,1.0,0.9989318576304438,0.0005343566200836747,1
4928,0.6202219355926228,0.951229424500714,0.9988957895324447,0.0005524102785432244,0
4929,0.6288734641382376,0.9048374180359595,0.998910262097682,0.0005451660491918811,0
4930,0.6376790328244935,0.8607079764250578,0.998931892252887,0.0005343392903516884,0
4931,0.6117546142381582,1.0,0.9988683833727854,0.000566128694376649,1
4932,0.6117475394986813,1.0,0.998910588719869,0.0005450025599646372,1
4933,0.6117454183002955,1.0,0.9989232435459646,0.0005386682863672303,1
4934,0.6117512673639937,1.0,0.9988883492853352,0.0005561345283082698,1
4935,0.6117523670336114,1.0,0.9988817890960077,0.0005594182841325565,1
4936,0.6117475939161579,1.0,0.99891026407461,0.0005451650596494952,1
4937,0.611755582795135,1.0,0.9988626055187123,0.0005690209026395397,1
4938,0.611750277746717,1.0,0.9988942530015781,0.0005531793938325944,1
4939,0.6117487563511785,1.0,0.9989033292259694,0.0005486362787181616,1
4940,0.6117524622498639,1.0,0.9988812210769465,0.0005597026116820248,1
4941,0.6117442137605106,1.0,0.9989304297989987,0.0005350712996959916,1
4942,0.6117534183202913,1.0,0.9988755176003014,0.0005625575521934521,1
4943,0.6117531993144736,1.0,0.9988768240840198,0.000561903575376043,1
4944,0.620227282238609,0.951229424500714,0.9988646213468333,0.000568011841895957,0
4945,0.6288746474499385,0.9048374180359595,0.9989034970345834,0.0005485522823018153,0
4946,0.6376902355992136,0.8607079764250578,0.9988688701281347,0.0005658850410391127,0
4947,0.611741777119997,1.0,0.9989449669697869,0.0005277949846605425,1
4948,0.6202222480175178,0.951229424500714,0.9988939682184812,0.0005533219430246695,0
4949,0.6288806838976145,0.9048374180359595,0.9988689872722369,0.0005658264026638527,0
4950,0.6376908953796313,0.8607079764250578,0.9988651586393615,0.0005677428903422602,0
4951,0.6117497738551494,1.0,0.9988972590654189,0.000551674700363457,1
4952,0.6117588320817373,1.0,0.9988432225087208,0.0005787235373919533,1
4953,0.6117520205961162,1.0,0.9988838557966444,0.000558383778087271,1
4954,0.6202208653254241,0.951229424500714,0.9989020288041397,0.0005492872039068892,0
4955,0.6288737213666697,0.9048374180359595,0.9989087915022122,0.0005459021496245291,0
4956,0.6376819462157904,0.8607079764250578,0.9989155022386673,0.0005425431272740449,0
4957,0.6466321737447351,0.8187307530779818,0.998847596102001,0.0005765342129782583,0
4958,0.6117543327535007,1.0,0.9988700625578107,0.0005652881513972653,1
4959,0.6202251414353825,0.951229424500714,0.9988771009579519,0.0005617649827652639,0
4960,0.6117514557513428,1.0,0.998887225437139,0.0005566970780813119,1
4961,0.6117507953173575,1.0,0.99889116534666,0.000554724932652583,1
4962,0.6202228342551896,0.951229424500714,0.9988905506967519,0.0005550325988521259,0
4963,0.6117490994186418,1.0,0.9989012825697149,0.0005496607313810904,1
4964,0.6202227482254318,0.951229424500714,0.9988910522134052,0.0005547815620758212,0
4965,0.6117506640765138,1.0,0.9988919482846876,0.0005543330292360935,1
4966,0.6202195489231023,0.951229424500714,0.9989097030309899,0.0005454458875666225,0
4967,0.6117487160103042,1.0,0.9989035698901337,0.0005485158145409353,1
4968,0.6117440327411988,1.0,0.9989315097622011,0.0005345307402203376,1
4969,0.6202210358332426,0.951229424500714,0.9989010348013447,0.0005497847518449232,0
4970,0.6288742049894915,0.9048374180359595,0.9989060265999014,0.0005472861128857449,0
4971,0.6376854575042926,0.8607079764250578,0.9988957490644814,0.0005524305348925392,0
4972,0.6117474972393195,1.0,0.9989108408320254,0.0005448763664256948,1
4973,0.6202203158158625,0.951229424500714,0.9989052322682419,0.0005476837138382112,0
4974,0.6117523482887637,1.0,0.9988819009197349,0.0005593623096807917,1
4975,0.6117460805304015,1.0,0.9989192927313729,0.0005406458268990316,1
4976,0.6202241662911199,0.951229424500714,0.9988827855434078,0.0005589195029384363,0
4977,0.611751202232892,1.0,0.998888737833475,0.0005559400380709442,1
4978,0.6202249802734736,0.951229424500714,0.9988780404451412,0.0005612947113241832,0
4979,0.6117478525792309,1.0,0.9989087209375896,0.0005459374704795352,1
4980,0.6202238523568873,0.951229424500714,0.9988846156270255,0.000558003438527411,0
4981,0.6117529044704775,1.0,0.9988785829859986,0.0005610231362728979,1
4982,0.6117502618940774,1.0,0.998894347573398,0.0005531320555807053,1
4983,0.6117502645361013,1.0,0.9988943318119209,0.0005531399450423389,1
4984,0.6117462879310342,1.0,0.9989180553997408,0.0005412651624186972,1
4985,0.6202232324026418,0.951229424500714,0.9988882296722534,0.0005561944014107037,0
4986,0.6288733703727315,0.9048374180359595,0.9989107981632918,0.0005448977240548437,0
4987,0.6376925534556455,0.8607079764250578,0.9988558314775512,0.0005724117914834053,0
4988,0.6466235177127284,0.8187307530779818,0.9988956656498569,0.0005524722883128424,0
4989,0.6117467642210723,1.0,0.9989152139092422,0.0005426874485234362,1
4990,0.611751848758894,1.0,0.9988848809077397,0.0005578706500777217,1
4991,0.6202215206909594,0.951229424500714,0.9988982082528844,0.0005511995829247849,0
4992,0.6288729094486357,0.9048374180359595,0.9989134333123822,0.0005435787145799552,0
4993,0.6376944743111624,0.8607079764250578,0.9988450262447219,0.0005778206257377985,0
4994,0.6466184346014331,0.8187307530779818,0.9989238950174842,0.0005383421995976093,0
4995,0.6556624529183265,0.7788007830714049,0.9989017509996869,0.0005494262588308753,0
4996,0.6647849714174986,0.7408182206817179,0.9988655309069019,0.0005675565451345369,0
4997,0.6739407248454122,0.7046880897187134,0.9989228184396954,0.0005388810686617316,0
4998,0.6831402552936942,0.6703200460356393,0.9988818751106469,0.0005593752286697369,0
4999,0.6923351171121004,0.6376281516217733,0.9988777354348597,0.0005614473877850624,0
5000,0.6117461042603362,1.0,0.9989191511608166,0.0005407166887631282,1
5001,0.6117524341957962,1.0,0.9988813884353545,0.0005596188387617267,1
5002,0.6202203066979313,0.951229424500714,0.9989052854229729,0.0005476571073455182,0
5003,0.6117458145187041,1.0,0.9989208797341724,0.0005398514676598506,1
5004,0.6202215976030686,0.951229424500714,0.9988977598836234,0.0005514240148828752,0
5005,0.6117488879539584,1.0,0.9989025441153532,0.0005490292651573052,1
5006,0.6117523815947844,1.0,0.9988817022303037,0.0005594617656079172,1
5007,0.6202202732887663,0.951229424500714,0.9989054801881522,0.0005475596180423777,0
5008,0.6288723891404954,0.9048374180359595,0.9989164079773105,0.0005420897664890049,0
5009,0.63768725056569,0.8607079764250578,0.998885662177051,0.0005574795794846036,0
5010,0.6117498538831512,1.0,0.9988967816417945,0.0005519136757606643,1
5011,0.6202219429615059,0.951229424500714,0.9988957465747076,0.0005524317811556411,0
5012,0.6288794131057511,0.9048374180359595,0.9988762521267884,0.0005621898756391358,0
5013,0.6117409187657978,1.0,0.9989500880475556,0.000525231748040137,1
5014,0.6202231357946154,0.951229424500714,0.9988887928538425,0.0005559124972829169,0
5015,0.6117468935540658,1.0,0.9989144423258651,0.0005430736593170997,1
5016,0.611754305492378,1.0,0.9988702251831294,0.0005652067467624417,1
5017,0.6202234316255237,0.951229424500714,0.998887068293376,0.0005567757374991982,0
5018,0.628882167310824,0.9048374180359595,0.9988605069959888,0.0005700713598877684,0
5019,0.6376870184709309,0.8607079764250578,0.998886967821376,0.0005568260294732449,0
5020,0.6466265213267584,0.8187307530779818,0.9988789853567174,0.000560821725088116,0
5021,0.6556661961967347,0.7788007830714049,0.9988811662590633,0.000559730051323287,0
5022,0.664780419632144,0.7408182206817179,0.9988903889683303,0.0005551135528838687,0
5023,0.6739420611478737,0.7046880897187134,0.9989155504611903,0.0005425189898361039,0
5024,0.6831439158253504,0.6703200460356393,0.9988619966593898,0.0005693256790445653,0
5025,0.6923357711540311,0.6376281516217733,0.9988741800425803,0.000563227084378927,0
5026,0.7015092706158655,0.6065306597126334,0.9988752648878698,0.0005626840506705079,0
5027,0.7106429034766903,0.5769498103804866,0.9988665492274201,0.0005670468068525918,0
5028,0.7197095376418379,0.5488116360940264,0.9988876009876713,0.0005565090936661881,0
5029,0.611748456600108,1.0,0.998905117472403,0.0005477411746672713,1
5030,0.6117479071163953,1.0,0.9989083955792061,0.0005461003274201573,1
5031,0.6117455170180002,1.0,0.9989226546021392,0.0005389630757831299,1
5032,0.6202222186012968,0.951229424500714,0.9988941397032507,0.0005532361057085048,0
5033,0.6117531708262675,1.0,0.9988769940311888,0.0005618185062511683,1
5034,0.6117509719842946,1.0,0.9988901114135355,0.0005552524844605796,1
5035,0.6202190004845487,0.951229424500714,0.9989129002864543,0.0005438455175142223,0
5036,0.628879361557645,0.9048374180359595,0.9988765468181733,0.0005620423642027849,0
5037,0.6376803112204255,0.8607079764250578,0.9989247002728958,0.0005379391383178299,0
5038,0.6117512941247973,1.0,0.998888189640312,0.0005562144396597351,1
5039,0.620221917016658,0.951229424500714,0.9988958978231459,0.0005523560733416042,0
5040,0.6117529630002829,1.0,0.9988782338240658,0.0005611979132677284,1
5041,0.6117519523908823,1.0,0.9988842626811872,0.0005581801085327016,1
5042,0.6202224869939149,0.951229424500714,0.9988925750834977,0.0005540192822815603,0
5043,0.6117494119416962,1.0,0.9988994181393734,0.0005505939727903774,1
5044,0.6202203091645301,0.951229424500714,0.9989052710434612,0.0005476643049807741,0
5045,0.6288720944249165,0.9048374180359595,0.9989180929074517,0.0005412463882509894,0
5046,0.6376868343756283,0.8607079764250578,0.9988880034473038,0.0005563076397933928,0
5047,0.6117565820041198,1.0,0.9988566448648588,0.0005720046321362406,1
5048,0.6202193569688529,0.951229424500714,0.9989108220731484,0.0005448857560911448,0
5049,0.6288795648743385,0.9048374180359595,0.9988753844933613,0.000562624180590352,0
5050,0.6376855820179728,0.8607079764250578,0.9988950486071029,0.0005527811508726621,0
5051,0.611744368718016,1.0,0.9989295053222093,0.0005355340332306151,1
5052,0.6117509970948126,1.0,0.9988899616131071,0.0005553274679036707,1
5053,0.6117520830705212,1.0,0.9988834831001023,0.0005585703346170378,1
5054,0.6202197135564299,0.951229424500714,0.9989087432639532,0.0005459262951023905,0
5055,0.6117526520340262,1.0,0.9988800889080004,0.0005602693305090135,1
5056,0.6117509360806088,1.0,0.9988903256022261,0.000555145271131888,1
5057,0.6117562931075973,1.0,0.9988583682347678,0.0005711419615863329,1
5058,0.6117491315415078,1.0,0.9989010909329054,0.000549756655188198,1
5059,0.6117532762403869,1.0,0.9988763651806071,0.00056213328513956,1
5060,0.6117497259711138,1.0,0.9988975447277175,0.0005515317115549935,1
5061,0.6117449745515632,1.0,0.9989258909303503,0.000537343169099875,1
5062,0.611752119757987,1.0,0.9988832642379039,0.0005586798880465307,1
5063,0.6117518348898592,1.0,0.9988849636448389,0.0005578292353475441,1
5064,0.6117436742997275,1.0,0.9989336482331174,0.0005334603622183053,1
5065,0.6117519763691495,1.0,0.9988841196366199,0.0005582517107106684,1
5066,0.6117472346403252,1.0,0.9989124074550483,0.0005440922014480311,1
5067,0.6202219438198284,0.951229424500714,0.9988957415710198,0.0005524342857653121,0
5068,0.6288749400996484,0.9048374180359595,0.9989018239484349,0.0005493897443562844,0
5069,0.6376833606334568,0.8607079764250578,0.9989075452020213,0.0005465259808386618,0
5070,0.6117458908578698,1.0,0.9989204243009203,0.0005400794303369331,1
5071,0.6117456692938832,1.0,0.9989217461344991,0.000539417799704448,1
5072,0.6117493584688243,1.0,0.9988997371440926,0.0005504342947174358,1
5073,0.620221641329593,0.951229424500714,0.9988975049742239,0.0005515516102396065,0
5074,0.6288833720329261,0.9048374180359595,0.9988536199940252,0.0005735188010759674,0
5075,0.637682577216604,0.8607079764250578,0.9989119524308551,0.0005443199613063653,0
5076,0.6466311469758899,0.8187307530779818,0.9988532979097212,0.0005736800280813627,0
5077,0.6556626630114952,0.7788007830714049,0.9989005956588353,0.0005500045647146352,0
5078,0.6117478972466641,1.0,0.9989084544601395,0.0005460708547818479,1
5079,0.6117565421698172,1.0,0.9988568824902935,0.0005718856834324563,1
5080,0.6117475087854549,1.0,0.9989107719497387,0.0005449108451230589,1
5081,0.6202209429947947,0.951229424500714,0.9989015760178571,0.0005495138459459053,0
5082,0.628877366556178,0.9048374180359595,0.9988879519784785,0.000556333402855133,0
5083,0.61174356114939,1.0,0.9989343232923278,0.0005331224724177217,1
5084,0.620221070447649,0.951229424500714,0.998900833011259,0.0005498857579001754,0
5085,0.6117511794450334,1.0,0.9988888737774918,0.0005558719904483716,1
5086,0.611747445283632,1.0,0.9989111507909415,0.0005447212180103546,1
5087,0.6202266387679564,0.951229424500714,0.9988683723751416,0.0005661341994282261,0
5088,0.6117500026173913,1.0,0.9988958943377781,0.0005523578179517489,1
5089,0.6117481821735422,1.0,0.9989067546428314,0.0005469216928875797,1
5090,0.611750881884457,1.0,0.9988906489174292,0.0005549834339699816,1
5091,0.6117449673004586,1.0,0.9989259341901916,0.0005373215159218092,1
5092,0.6117533096464922,1.0,0.9988761658957692,0.0005622330396561005,1
5093,0.6117500944337325,1.0,0.9988953465895227,0.0005526319948748285,1
5094,0.6117551425823028,1.0,0.998865231569171,0.0005677063840100142,1
5095,0.6117537867433197,1.0,0.9988733197709097,0.0005636577052009962,1
5096,0.6117519711184152,1.0,0.9988841509603573,0.0005582360313459502,1
5097,0.6117458839146256,1.0,0.9989204657237374,0.0005400586965451173,1
5098,0.6117524863733897,1.0,0.9988810771664812,0.0005597746475120525,1
5099,0.6117417500217303,1.0,0.998945128641758,0.00052771406330681,1
5100,0.6117499145253651,1.0,0.9988964198683307,0.000552094762303366,1
5101,0.6202239661252777,0.951229424500714,0.9988839524121881,0.0005583354163390585,0
5102,0.611755105619761,1.0,0.9988654520663937,0.0005675960101620442,1
5103,0.6117529698011099,1.0,0.9988781932534677,0.0005612182213480972,1
5104,0.6117450329384516,1.0,0.9989255425962771,0.0005375175234424447,1
5105,0.6202180970416393,0.951229424500714,0.9989181671576525,0.0005412092229425583,0
5106,0.628877710137778,0.9048374180359595,0.9988859877551948,0.0005573166088348876,0
5107,0.6376835787068422,0.8607079764250578,0.9989063184019932,0.0005471400520744832,0
5108,0.6466280085830586,0.8187307530779818,0.9988707261426811,0.0005649559837436262,0
5109,0.6556606123785247,0.7788007830714049,0.9989118725321585,0.000544359954170372,0
5110,0.6647740024254929,0.7408182206817179,0.9989254355740471,0.0005375710921175317,0
5111,0.6739471556575407,0.7046880897187134,0.9988878425856339,0.0005563881601732167,0
5112,0.6117469379795423,1.0,0.9989141772896077,0.0005432063214757733,1
5113,0.6117490588026652,1.0,0.9989015248743311,0.0005495394458290935,1
5114,0.620220296420402,0.951229424500714,0.9989053453378088,0.0005476271170976934,0
5115,0.6288767820564763,0.9048374180359595,0.9988912935196352,0.0005546607750288651,0
5116,0.6376828691173865,0.8607079764250578,0.9989103102963556,0.0005451419235650389,0
5117,0.6117513131817672,1.0,0.9988880759535259,0.0005562713463254453,1
5118,0.6202260146006957,0.951229424500714,0.9988720108960247,0.0005643128812460971,0
5119,0.6288757557044384,0.9048374180359595,0.9988971611342803,0.0005517237199911722,0
5120,0.6376873578575772,0.8607079764250578,0.9988850586094756,0.0005577817000278223,0
5121,0.6466209643823055,0.8187307530779818,0.9989098456032696,0.0005453745236239706,0
5122,0.6117505959522374,1.0,0.9988923546912041,0.0005541296006097599,1
5123,0.6117511328196173,1.0,0.9988891519277301,0.0005557327606467162,1
5124,0.6202216480561834,0.951229424500714,0.9988974657607084,0.0005515712386379439,0
5125,0.6288826871440404,0.9048374180359595,0.9988575352717313,0.0005715589192903918,0
5126,0.6376850880769125,0.8607079764250578,0.9988978272987602,0.0005513902701207718,0
5127,0.6466213198743684,0.8187307530779818,0.99890787135872,0.0005463627241654734,0
5128,0.6556669927058756,0.7788007830714049,0.9988767862228491,0.0005619225272479872,0
5129,0.6647743604234276,0.7408182206817179,0.9989234803864032,0.000538549738514809,0
5130,0.6739462535413878,0.7046880897187134,0.9988927489304078,0.0005539322624661382,0
5131,0.6831357477510276,0.6703200460356393,0.9989063537858174,0.0005471223407921898,0
5132,0.6923288651025988,0.6376281516217733,0.9989117221631536,0.0005444352205779552,0
5133,0.6117476689821598,1.0,0.9989098162440773,0.0005453892192408487,1
5134,0.6117495763320523,1.0,0.9988984374318401,0.0005510848670670777,1
5135,0.6117497975462732,1.0,0.9988971177310754,0.0005517454455538914,1
5136,0.6117502315249476,1.0,0.998894528746032,0.0005530413690040994,1
5137,0.6117514534937527,1.0,0.9988872389050625,0.0005566903366179016,1
5138,0.6117486460205265,1.0,0.998903987432886,0.0005483068140540357,1
5139,0.6117498036712569,1.0,0.9988970811912125,0.0005517637356575046,1
5140,0.611746186698864,1.0,0.998918659340554,0.0005409628650343079,1
5141,0.6117491030766018,1.0,0.9989012607472573,0.0005496716546115497,1
5142,0.6117483265925355,1.0,0.9989058930693826,0.0005473529512690032,1
5143,0.6202264962674942,0.951229424500714,0.9988692030657305,0.0005657183837579798,0
5144,0.6117455211822653,1.0,0.9989226297583984,0.0005389755110508045,1
5145,0.611752937277578,1.0,0.9988783872738853,0.0005611211021998301,1
5146,0.6202226436125475,0.951229424500714,0.9988916620622126,0.0005544762992447277,0
5147,0.6288746511024388,0.9048374180359595,0.9989034761531193,0.0005485627344948507,0
5148,0.6376880140592032,0.8607079764250578,0.9988813671754214,0.000559629480632466,0
5149,0.646623268893173,0.8187307530779818,0.9988970474616056,0.0005517806190822845,0
5150,0.6556595676626272,0.7788007830714049,0.9989176177074974,0.0005414842456242211,0
5151,0.6647726192166692,0.7408182206817179,0.9989329899391086,0.0005337898606924079,0
5152,0.611752504151398,1.0,0.9988809711106342,0.0005598277348389652,1
5153,0.6202226354261394,0.951229424500714,0.9988917097855265,0.0005544524111121632,0
5154,0.6288745346096554,0.9048374180359595,0.9989041421464876,0.0005482293723821655,0
5155,0.6117504097232705,1.0,0.9988934656718387,0.0005535734946331939,1
5156,0.6202221964353049,0.951229424500714,0.9988942689221204,0.0005531714247497194,0
5157,0.6288721109245298,0.9048374180359595,0.9989179985767558,0.0005412936046849663,0
5158,0.6117521279496453,1.0,0.9988832153698799,0.0005587043493759644,1
5159,0.6117508798564381,1.0,0.9988906610158813,0.0005549773780257855,1
5160,0.6117491926102641,1.0,0.9989007266124629,0.0005499390158403989,1
5161,0.6117435122833251,1.0,0.9989346148293382,0.0005329765484260168,1
5162,0.6117494867204153,1.0,0.9988989720299769,0.0005508172732989485,1
5163,0.6117520225293581,1.0,0.9988838442637176,0.0005583895509941286,1
5164,0.620220605197908,0.951229424500714,0.998903545262114,0.0005485281420672199,0
5165,0.6288825589255826,0.9048374180359595,0.998858268255523,0.0005711920083461779,0
5166,0.6376855480193817,0.8607079764250578,0.9988952398676622,0.0005526854148184615,0
5167,0.6466233765775977,0.8187307530779818,0.9988964494391768,0.0005520799605455933,0
5168,0.6556641290653961,0.7788007830714049,0.9988925336030623,0.0005540400454933476,0
5169,0.6647820715580263,0.7408182206817179,0.9988813674453056,0.0005596293455392246,0
5170,0.611750231046205,1.0,0.9988945316020595,0.0005530399394099697,1
5171,0.6117501085380312,1.0,0.9988952624476236,0.0005526741123513681,1
5172,0.6117522929848492,1.0,0.9988822308392933,0.0005591971652810928,1
5173,0.611748978960078,1.0,0.9989020011952157,0.0005493010235426503,1
5174,0.6202240308770444,0.951229424500714,0.998883574940904,0.0005585243628901547,0
5175,0.6117477934273294,1.0,0.9989090738268,0.0005457608331448225,1
5176,0.6202235481628492,0.951229424500714,0.998886388934614,0.0005571157954569696,0
5177,0.6288736508048862,0.9048374180359595,0.9989091949092662,0.000545700225797298,0
5178,0.6376846030796162,0.8607079764250578,0.9989005556864984,0.0005500245728805379,0
5179,0.6466256758948172,0.8187307530779818,0.998883680350376,0.0005584715992502444,0
5180,0.6117595849690153,1.0,0.9988387313812462,0.0005809717068094503,1
5181,0.6117478940490804,1.0,0.9989084735363148,0.0005460613062716115,1
5182,0.6202204035733879,0.951229424500714,0.998904720669096,0.0005479397938248016,0
5183,0.6117423027589968,1.0,0.9989418309432746,0.0005293646564335267,1
5184,0.6117475943169575,1.0,0.9989102616835093,0.0005451662565041776,1
5185,0.6117550053671632,1.0,0.9988660501159843,0.0005672966458130368,1
5186,0.6117481961621773,1.0,0.9989066711895166,0.0005469634652141406,1
5187,0.6202220870531079,0.951229424500714,0.9988949065769398,0.0005528522445142548,0
5188,0.611750210012095,1.0,0.9988946570849442,0.0005529771285361805,1
5189,0.6202162650614282,0.951229424500714,0.9989288473162797,0.0005358633888771957,0
5190,0.6117491994633324,1.0,0.9989006857288377,0.000549959480149292,1
5191,0.620219671765069,0.951229424500714,0.9989089868959731,0.0005458043460295921,0
5192,0.6117538723344456,1.0,0.9988728091776641,0.000563913289851165,1
5193,0.6202229543079879,0.951229424500714,0.9988898508409405,0.000555382915539011,0
5194,0.6288768291928654,0.9048374180359595,0.9988910240438562,0.0005547956624871503,0
5195,0.6117479069126518,1.0,0.9989083967947007,0.0005460997190087065,1
5196,0.6202260789904719,0.951229424500714,0.9988716355413629,0.0005645007705493687,0
5197,0.6117455052307748,1.0,0.9989227249239828,0.0005389278769412502,1
5198,0.6117571754347195,1.0,0.9988531048554705,0.0005737766660309419,1
5199,0.611759000480419,1.0,0.9988422179733196,0.000579226387030285,1
5200,0.6117519674045839,1.0,0.9988841731155598,0.0005582249413701111,1
5201,0.6202227812554084,0.951229424500714,0.9988908596627412,0.0005548779443000093,0
5202,0.6117495375959192,1.0,0.9988986685207982,0.0005509691951815568,1
5203,0.6117519933159532,1.0,0.9988840185389147,0.0005583023160353056,1
5204,0.6117540118305371,1.0,0.9988719770155704,0.0005643298406035496,1
5205,0.6202336500981832,0.951229424500714,0.9988275018216908,0.0005865930460346241,0
5206,0.6117494947413198,1.0,0.998898924179471,0.0005508412249238763,1
5207,0.6117520581563141,1.0,0.998883631727965,0.0005584959376257275,1
5208,0.6202245902280871,0.951229424500714,0.9988803142050278,0.0005601565557103083,0
5209,0.6288773519872974,0.9048374180359595,0.9988880352674971,0.0005562917119852845,0
5210,0.6376889651137808,0.8607079764250578,0.9988760170899816,0.0005623075262660004,0
5211,0.6466255758311605,0.8187307530779818,0.9988842360423547,0.0005581934428267361,0
5212,0.6556639790361241,0.7788007830714049,0.9988933586336055,0.0005536270730390131,0
5213,0.6647728500616503,0.7408182206817179,0.9989317291798302,0.0005344209140696972,0
5214,0.6739460125491574,0.7046880897187134,0.9988940596206682,0.0005532761913304086,0
5215,0.6831380699166708,0.6703200460356393,0.9988937429506389,0.0005534347016731334,0
5216,0.692337023507363,0.6376281516217733,0.9988673722446517,0.0005666348314525004,0
5217,0.7015075648115711,0.6065306597126334,0.9988845693654225,0.000558026595158003,0
5218,0.6117516842863954,1.0,0.998885862085361,0.0005573795138326417,1
5219,0.6202150607741672,0.951229424500714,0.9989358682116634,0.000532349189277423,0
5220,0.6288733569871576,0.9048374180359595,0.9989108746898216,0.0005448594190694929,0
5221,0.6117511782888526,1.0,0.9988888806748437,0.0005558685379362512,1
5222,0.6202243962092057,0.951229424500714,0.9988814452360225,0.0005595904066239676,0
5223,0.6288806553614859,0.9048374180359595,0.9988691504066035,0.0005657447431292297,0
5224,0.6117489959758631,1.0,0.9989018996832737,0.0005493518353074975,1
5225,0.6117504346408067,1.0,0.998893317021924,0.000553647901930329,1
5226,0.6117486936943755,1.0,0.9989037030217512,0.0005484491756717503,1
5227,0.6117502392962159,1.0,0.9988944823850959,0.00055306457512641,1
5228,0.6202254690586052,0.951229424500714,0.9988751910947787,0.0005627209887630158,0
5229,0.6117484167186684,1.0,0.9989053553963255,0.0005476220823279986,1
5230,0.6117502481991448,1.0,0.9988944292730336,0.0005530911605489147,1
5231,0.6202233130575695,0.951229424500714,0.9988877594904415,0.0005564297540300246,0
5232,0.6288800245740777,0.9048374180359595,0.9988727564797467,0.0005639396685444048,0
5233,0.6376851949841611,0.8607079764250578,0.9988972258855122,0.0005516913086317381,0
5234,0.6117570219275499,1.0,0.9988540205746004,0.0005733182809563189,1
5235,0.6117471317241309,1.0,0.9989130214373814,0.0005437848761311453,1
5236,0.6202236131262181,0.951229424500714,0.998886010228475,0.0005573053596632019,0
5237,0.6288787044354622,0.9048374180359595,0.9988803034795388,0.0005601619244660835,0
5238,0.6117489073149709,1.0,0.998902428612275,0.0005490870801491311,1
5239,0.6117507139788296,1.0,0.9988916505844152,0.0005544820445111169,1
5240,0.6202189059091272,0.951229424500714,0.9989134516382695,0.0005435695416694164,0
5241,0.6288732096576618,0.9048374180359595,0.9989117169863262,0.0005444378118116559,0
5242,0.6376823626702043,0.8607079764250578,0.9989131593981326,0.0005437158206984941,0
5243,0.6117483371152049,1.0,0.9989058302933859,0.0005473843736477819,1
5244,0.6117529392116263,1.0,0.9988783757362413,0.0005611268774994921,1
5245,0.6202180361613591,0.951229424500714,0.9989185220775674,0.0005410315708267457,0
5246,0.6288750637696888,0.9048374180359595,0.9989011169246778,0.0005497436450051316,0
5247,0.637682650234898,0.8607079764250578,0.9989115416544471,0.0005445255732682135,0
5248,0.6466174170526837,0.8187307530779818,0.9989295461538964,0.0005355135955089868,0
5249,0.65566741868519,0.7788007830714049,0.9988744437544437,0.0005630950798513063,0
5250,0.6647761732833523,0.7408182206817179,0.9989135796086841,0.0005435054868675678,0
5251,0.6739470140935103,0.7046880897187134,0.99888861250913,0.0005560027699589324,0
5252,0.6831369141821667,0.6703200460356393,0.9989000193034779,0.000550293059649033,0
5253,0.6923322560151495,0.6376281516217733,0.9988932885890068,0.0005536621341396148,0
5254,0.611748275591702,1.0,0.99890619732954,0.0005472006545845653,1
5255,0.6202248636704191,0.951229424500714,0.9988787201789766,0.0005609544627770104,0
5256,0.6117509085786771,1.0,0.9988904896690701,0.0005550631465850951,1
5257,0.6202218508679167,0.951229424500714,0.9988962834448947,0.0005521630493862917,0
5258,0.611751357473716,1.0,0.9988878117243266,0.0005564036080074981,1
5259,0.6117474887400731,1.0,0.998910891537094,0.0005448509862489931,1
5260,0.611750036701977,1.0,0.9988956909994954,0.0005524595994810352,1
5261,0.611750928552605,1.0,0.9988903705116425,0.0005551227914790828,1
5262,0.6202234663966648,0.951229424500714,0.9988868655936205,0.0005568772003084213,0
5263,0.611755623407126,1.0,0.9988623632520165,0.0005691421739354547,1
5264,0.6202198856280456,0.951229424500714,0.9989077401351462,0.000546428407691524,0
5265,0.6288709202049212,0.9048374180359595,0.9989248061254851,0.0005378861550531615,0
5266,0.61174744872652,1.0,0.9989111302512447,0.000544731499053413,1
5267,0.6202180223283797,0.951229424500714,0.9989186027211078,0.0005409912054038778,0
5268,0.6288769363286217,0.9048374180359595,0.9988904115558253,0.000555102246590945,0
5269,0.6376909069145665,0.8607079764250578,0.9988650937515943,0.0005677753710874554,0
5270,0.6466210273964588,0.8187307530779818,0.9989094956503858,0.0005455496910560924,0
5271,0.6117516791751756,1.0,0.9988858925768915,0.0005573642510627805,1
5272,0.6202216052842607,0.951229424500714,0.9988977151051194,0.0005514464288409657,0
5273,0.6288737022457503,0.9048374180359595,0.9989089008179333,0.0005458474320587407,0
5274,0.6117543057933601,1.0,0.9988702233876307,0.00056520764552719,1
5275,0.6202192011271496,0.951229424500714,0.9989117305900943,0.0005444310025172218,0
5276,0.6117498429190141,1.0,0.9988968470506047,0.0005518809352367387,1
5277,0.6202242705956769,0.951229424500714,0.9988821774997184,0.0005592238649132368,0
5278,0.6288726417381422,0.9048374180359595,0.998914963844338,0.0005428126167719709,0
5279,0.6117553220910597,1.0,0.998864160724414,0.0005682424149464732,1
5280,0.620219896224486,0.951229424500714,0.9989076783609462,0.0005464593285660758,0
5281,0.6288754851814005,0.9048374180359595,0.9988987077117383,0.0005509495781070512,0
5282,0.6376786685253364,0.8607079764250578,0.9989339417336568,0.0005333134553157027,0
5283,0.6117493693497318,1.0,0.9988996722315235,0.0005504667867528331,1
5284,0.6202219808860767,0.951229424500714,0.9988955254891725,0.0005525424461376423,0
5285,0.6117566549934537,1.0,0.998856209458378,0.0005722225846211834,1
5286,0.6117543939250679,1.0,0.9988696976410089,0.0005654708162313989,1
5287,0.6202249069699878,0.951229424500714,0.9988784677654269,0.0005610808112398058,0
5288,0.6117478615783309,1.0,0.9989086672506541,0.0005459643432737334,1
5289,0.6202171561730059,0.951229424500714,0.9989236522545706,0.0005384637118290883,0
5290,0.6288799179284601,0.9048374180359595,0.9988733661510759,0.0005636344889610853,0
5291,0.6376850162093187,0.8607079764250578,0.9988982315945552,0.0005511878992165128,0
5292,0.6466285356121713,0.8187307530779818,0.9988677994000973,0.0005664210115970986,0
5293,0.6556590312533435,0.7788007830714049,0.9989205675822412,0.0005400077122565164,0
5294,0.6117477129909386,1.0,0.998909553695603,0.0005455206367645088,1
5295,0.6117463479502102,1.0,0.9989176973317102,0.0005414443903807823,1
5296,0.6202188927807195,0.951229424500714,0.998913528173743,0.0005435312323091376,0
5297,0.6288781634355386,0.9048374180359595,0.9988833963030829,0.0005586137816379961,0
5298,0.6117496776056899,1.0,0.9988978332619631,0.0005513872852294789,1
5299,0.6117460302349473,1.0,0.9989195927894164,0.0005404956355870148,1
5300,0.6117523218775602,1.0,0.998882058477686,0.0005592834425302048,1
5301,0.6202170061701626,0.951229424500714,0.9989245267484549,0.0005380259939416813,0
5302,0.6117513482844386,1.0,0.9988878665441097,0.0005563761675978197,1
5303,0.611754039649122,1.0,0.9988718110642936,0.0005644129099529732,1
5304,0.6117488705326957,1.0,0.9989026480463747,0.0005489772425566969,1
5305,0.6117480898610262,1.0,0.9989073053605385,0.0005466460327457302,1
5306,0.6202177488714158,0.951229424500714,0.9989201969231739,0.0005401932420914965,0
5307,0.6288760856903951,0.9048374180359595,0.9988952746123151,0.0005526680232788384,0
5308,0.6376835460892274,0.8607079764250578,0.9989065018964796,0.0005470482043875925,0
5309,0.6466224798161491,0.8187307530779818,0.9989014295921006,0.0005495871393367626,0
5310,0.6556616115050511,0.7788007830714049,0.9989063781011759,0.0005471101698023132,0
5311,0.6647798290718044,0.7408182206817179,0.998893614167481,0.0005534991645687756,0
5312,0.6739442455377407,0.7046880897187134,0.9989036699637815,0.0005484657227974223,0
5313,0.6117539591211768,1.0,0.9988722914524416,0.0005641724446464235,1
5314,0.6117482492268819,1.0,0.9989063546165207,0.0005471219249858191,1
5315,0.6117483371433132,1.0,0.9989058301256979,0.0005473844575836229,1
5316,0.6117480281590842,1.0,0.9989076734620373,0.0005464617806990254,1
5317,0.6202216976483368,0.951229424500714,0.9988971766569982,0.0005517159500633057,0
5318,0.6117509790901831,1.0,0.9988900690223262,0.0005552737036165447,1
5319,0.6202236381708605,0.951229424500714,0.9988858642299465,0.0005573784403438766,0
5320,0.611750963251828,1.0,0.998890163508336,0.0005552264081191485,1
5321,0.6117442079540926,1.0,0.9989304644401255,0.0005350539605875433,1
5322,0.6202193014780883,0.951229424500714,0.9989111455698619,0.0005447238313957652,0
5323,0.6117487934941693,1.0,0.9989031076397025,0.0005487471935009412,1
5324,0.6202222851448067,0.951229424500714,0.9988937517813391,0.0005534302814331609,0
5325,0.6288789403258801,0.9048374180359595,0.9988789549299225,0.0005608369555593793,0
5326,0.6376837857432137,0.8607079764250578,0.9989051536939125,0.0005477230440619392,0
5327,0.6466263945054216,0.8187307530779818,0.99887968964039,0.0005604691881769451,0
5328,0.6117472973291744,1.0,0.9989120334632039,0.000544279401002092,1
5329,0.6202231171910362,0.951229424500714,0.9988889013044413,0.0005558582116638614,0
5330,0.628875821996513,0.9048374180359595,0.9988967821436588,0.0005519134245513757,0
5331,0.6376885771962941,0.8607079764250578,0.9988781992859377,0.0005612152017256994,0
5332,0.6466214889423404,0.8187307530779818,0.998906932432201,0.000546832700920639,0
5333,0.611750546453656,1.0,0.9988926499832449,0.0005539817908904705,1
5334,0.6117500267958444,1.0,0.9988957500964661,0.000552430018329808,1
5335,0.6117526587949441,1.0,0.9988800485753689,0.0005602895194349333,1
5336,0.6202198432944996,0.951229424500714,0.9989079869276022,0.0005463048765506341,0
5337,0.6117498915163178,1.0,0.9988965571334602,0.0005520260539181531,1
5338,0.6202207933368477,0.951229424500714,0.9989024484735658,0.0005490771385922697,0
5339,0.6288717732066713,0.9048374180359595,0.998919929361428,0.0005403271675954975,0
5340,0.6376864257776675,0.8607079764250578,0.9988903020152041,0.0005551570777445166,0
5341,0.6466245430530267,0.8187307530779818,0.9988899714787846,0.0005553225295832225,0
5342,0.6556592713107426,0.7788007830714049,0.9989192474337009,0.0005406685002388404,0
5343,0.6117503497367457,1.0,0.9988938235320682,0.0005533943663388513,1
5344,0.6202217746295945,0.951229424500714,0.9988967278852882,0.0005519405836999098,0
5345,0.6117492368680726,1.0,0.998900462581921,0.0005500711764094074,1
5346,0.6202241883643773,0.951229424500714,0.9988826568672514,0.0005589839129806083,0
5347,0.6288741964086463,0.9048374180359595,0.998906075657047,0.0005472615574505109,0
5348,0.6376912483139088,0.8607079764250578,0.9988631732715695,0.0005687367030445973,0
5349,0.6466198919634345,0.8187307530779818,0.9989158013689307,0.0005423933997855949,0
5350,0.6117501571402616,1.0,0.9988949725017767,0.0005528192456300176,1
5351,0.6202243076909619,0.951229424500714,0.9988819612527837,0.0005593321093904315,0
5352,0.6288696802149141,0.9048374180359595,0.9989318954284113,0.0005343377008918497,0
5353,0.6376896697242115,0.8607079764250578,0.9988720533812425,0.0005642916146491835,0
5354,0.6117463658416515,1.0,0.9989175905933082,0.0005414978174088502,1
5355,0.6202223109811077,0.951229424500714,0.9988936011661488,0.0005535056724351784,0
5356,0.6288780708039433,0.9048374180359595,0.9988839258667126,0.0005583487039065622,0
5357,0.637682431023008,0.8607079764250578,0.9989127748676008,0.0005439082951905273,0
5358,0.6466258112181291,0.8187307530779818,0.9988829288485706,0.0005588477702213978,0
5359,0.6117497402142207,1.0,0.998897459757451,0.0005515742435796917,1
5360,0.6202203867221981,0.951229424500714,0.998904818906275,0.000547890621380135,0
5361,0.628878710371142,0.9048374180359595,0.9988802695461306,0.0005601789101893484,0
5362,0.6376852110224693,0.8607079764250578,0.9988971356610711,0.0005517364706578557,0
5363,0.6117488007056215,1.0,0.998903064617899,0.0005487687280241703,1
5364,0.6117480606548704,1.0,0.9989074795986227,0.000546558818412653,1
5365,0.620222754199655,0.951229424500714,0.9988910173862307,0.0005547989949956061,0
5366,0.6117497218990484,1.0,0.9988975690204863,0.0005515195517651284,1
5367,0.6202236423296906,0.951229424500714,0.9988858399859182,0.0005573905758788151,0
5368,0.6288773513620526,0.9048374180359595,0.9988880388419673,0.0005562899227606449,0
5369,0.6117481633354712,1.0,0.9989068670268968,0.0005468654393591047,1
5370,0.6202181829398431,0.951229424500714,0.9989176663885287,0.0005414598787348375,0
5371,0.611750671644801,1.0,0.998891903134847,0.0005543556291988808,1
5372,0.6117444965709359,1.0,0.9989287425523969,0.0005359158269905746,1
5373,0.6202229228400165,0.951229424500714,0.9988900342855158,0.0005552910913211831,0
5374,0.6288734595999087,0.9048374180359595,0.998910288043697,0.0005451530620319602,0
5375,0.6117484116208513,1.0,0.9989053858087908,0.000547606859431942,1
5376,0.6117544812184776,1.0,0.9988691768956337,0.000565731483619784,1
5377,0.6202189190824352,0.951229424500714,0.9989133748410467,0.0005436079820496265,0
5378,0.6117497034725317,1.0,0.9988976789477888,0.00055146452745641,1
5379,0.6117519253787331,1.0,0.9988844238246956,0.0005580994467877287,1
5380,0.6117478877498373,1.0,0.9989085111164011,0.0005460424956966357,1
5381,0.6117515871078408,1.0,0.9988864418147102,0.0005570893259328239,1
5382,0.6117512478396971,1.0,0.9988884657600663,0.0005560762261344348,1
5383,0.6117482491875975,1.0,0.9989063548508824,0.0005471218076766379,1
5384,0.6117471761828988,1.0,0.998912756203077,0.000543917637609811,1
5385,0.6202254342691415,0.951229424500714,0.9988753938979689,0.0005626194729923997,0
5386,0.6288691484940689,0.9048374180359595,0.9989349354174709,0.0005328160834283101,0
5387,0.6376864681195825,0.8607079764250578,0.9988900638204373,0.00055527630745107,0
5388,0.6466187651487927,0.8187307530779818,0.9989220592728741,0.0005392610615379378,0
5389,0.6117473273966645,1.0,0.9989118540853471,0.0005443691876233405,1
5390,0.620225799234616,0.951229424500714,0.9988732663555207,0.0005636844430211813,0
5391,0.6288736667215087,0.9048374180359595,0.9989091039127127,0.0005457457737600786,0
5392,0.6376880735778312,0.8607079764250578,0.9988810323568068,0.0005597970774471299,0
5393,0.6466240203493181,0.8187307530779818,0.9988928742801669,0.0005538695181167559,0
5394,0.6556630315161789,0.7788007830714049,0.9988985691877866,0.0005510189164494105,0
5395,0.6647768168654985,0.7408182206817179,0.9989100647666422,0.0005452648223583372,0
5396,0.6117488620537648,1.0,0.9989026986296223,0.0005489519231492616,1
5397,0.6202196449889065,0.951229424500714,0.9989091429936033,0.000545726211975275,0
5398,0.6117508888647541,1.0,0.9988906072754199,0.000555004278098505,1
5399,0.6202211704980293,0.951229424500714,0.9989002497522746,0.0005501777083798137,0
5400,0.628870331553524,0.9048374180359595,0.998928171569966,0.000536201624450232,0
5401,0.611747038592267,1.0,0.9989135770483772,0.0005435067684133032,1
5402,0.6117539537295054,1.0,0.9988723236163823,0.0005641563445200684,1
5403,0.6117485771101202,1.0,0.9989043985366141,0.00054810103669771,1
5404,0.6202244825641282,0.951229424500714,0.9988809418306991,0.00055984239120768,0
5405,0.6288747220961741,0.9048374180359595,0.998903070279715,0.0005487658940074232,0
5406,0.6117452311420594,1.0,0.9989243601220515,0.0005381093968478803,1
5407,0.6202214942094814,0.951229424500714,0.9988983626302113,0.0005511223091276688,0
5408,0.6288756058120264,0.9048374180359595,0.9988980180672753,0.0005512947806264433,0
5409,0.6117531264104286,1.0,0.9988772589951712,0.0005616858753321864,1
5410,0.6202265349754985,0.951229424500714,0.9988689774216284,0.000565831333545033,0
5411,0.6288782716353073,0.9048374180359595,0.9988827777385704,0.0005589234097218729,0
5412,0.6376879251765791,0.8607079764250578,0.9988818671797739,0.0005593791985450251,0
5413,0.6117512423910068,1.0,0.998888498264941,0.0005560599556121114,1
5414,0.620224962539788,0.951229424500714,0.998878143823061,0.000561242964308927,0
5415,0.6288799519000898,0.9048374180359595,0.9988731719421157,0.0005637317029752806,0
5416,0.6117574430478081,1.0,0.9988515084612218,0.0005745757802934328,1
5417,0.6117532188402368,1.0,0.9988767076025735,0.0005619618815906708,1
5418,0.6202245660073493,0.951229424500714,0.9988804553994601,0.0005600858793637794,0
5419,0.611752280262272,1.0,0.9988823067367844,0.0005591591740715859,1
5420,0.6202186890995597,0.951229424500714,0.9989147155872055,0.0005429368801839617,0
5421,0.6288753600490974,0.9048374180359595,0.998899423092941,0.0005505914932777118,0
5422,0.6117517189028792,1.0,0.9988856555770436,0.000557482883169724,1
5423,0.6117513197239536,1.0,0.9988880369252823,0.0005562908821699864,1
5424,0.6202217006018308,0.951229424500714,0.9988971594392362,0.0005517245684488874,0
5425,0.6117466469299596,1.0,0.9989159136531388,0.0005423371967494432,1
5426,0.620219540756493,0.951229424500714,0.9989097506401109,0.0005454220570243383,0
5427,0.6117465669562391,1.0,0.9989163907666292,0.000542098381164527,1
5428,0.6117516724373101,1.0,0.9988859327723546,0.0005573441309156893,1
5429,0.6117470860065294,1.0,0.9989132941818066,0.0005436483555421438,1
5430,0.6117518691785783,1.0,0.9988847590921118,0.0005579316258907349,1
5431,0.6117449436993029,1.0,0.9989260749938971,0.0005372510383765056,1
5432,0.6117514269440701,1.0,0.9988873972903896,0.0005566110557399681,1
5433,0.6117485415263242,1.0,0.9989046108215047,0.0005479947778463365,1
5434,0.6117482403587768,1.0,0.998906407521781,0.0005470954433948801,1
5435,0.6117491673735301,1.0,0.998900877168281,0.0005498636550949408,1
5436,0.611743497892274,1.0,0.9989347006869822,0.0005329335738213386,1
5437,0.6117479454852931,1.0,0.9989081666777306,0.0005462149032424391,1
5438,0.6117499278785075,1.0,0.99889634020747,0.0005521346367399284,1
5439,0.6202186171948791,0.951229424500714,0.9989151347751343,0.0005427270585473924,0
5440,0.6288802774807356,0.9048374180359595,0.9988713106657814,0.000564663391862635,0
5441,0.6376842456269528,0.8607079764250578,0.9989025665687327,0.0005490180261333372,0
5442,0.6466235983972473,0.8187307530779818,0.9988952175713661,0.0005526965752962929,0
5443,0.6556639873872004,0.7788007830714049,0.9988933127099253,0.000553650060318288,0
5444,0.6117507565136168,1.0,0.9988913968364221,0.0005546090593005246,1
5445,0.6202260783304236,0.951229424500714,0.9988716393890568,0.0005644988445291999,0
5446,0.6288755998938067,0.9048374180359595,0.9988980519016812,0.0005512778447607005,0
5447,0.6376860331156572,0.8607079764250578,0.9988925109418403,0.0005540513886667154,0
5448,0.6466223451430934,0.8187307530779818,0.9989021774997765,0.0005492127743725127,0
5449,0.6117473379476212,1.0,0.9989117911400314,0.0005444006945664015,1
5450,0.6117490650433185,1.0,0.9989014876441703,0.0005495580813805322,1
5451,0.6202218681939176,0.951229424500714,0.9988961824409454,0.0005522136071649266,0
5452,0.6288778315431072,0.9048374180359595,0.9988852936937433,0.0005576640267089248,0
5453,0.6376854056620691,0.8607079764250578,0.9988960407054573,0.000552284553225474,0
5454,0.6117508098887733,1.0,0.9988910784186298,0.0005547684449174704,1
5455,0.6117517704472871,1.0,0.9988853480835117,0.0005576368014773333,1
5456,0.6202180083606935,0.951229424500714,0.9989186841499731,0.0005409504468967062,0
5457,0.628871519989409,0.9048374180359595,0.9989213770465821,0.0005396025428971018,0
5458,0.6376914908442229,0.8607079764250578,0.998861808964207,0.0005694196335653679,0
5459,0.6466211017551344,0.8187307530779818,0.9989090826952084,0.0005457563940980241,0
5460,0.6556650316536853,0.7788007830714049,0.9988875701690709,0.0005565245201270036,0
5461,0.6647773137195342,0.7408182206817179,0.9989073512709061,0.000546623052452015,0
5462,0.6739467143000752,0.7046880897187134,0.998890242996068,0.0005551866200965512,0
5463,0.6831336012664435,0.6703200460356393,0.9989180107034177,0.0005412875347864041,0
5464,0.6923373924416277,0.6376281516217733,0.9988653667249047,0.0005676387293753358,0
5465,0.7015089136677951,0.6065306597126334,0.9988772118897644,0.0005617094545094599,0
5466,0.7106327584332275,0.5769498103804866,0.9989222021843523,0.0005391895286958041,0
5467,0.7197101478636355,0.5488116360940264,0.9988842271542678,0.0005581978918342055,0
5468,0.7286940468873431,0.522045776761016,0.9989200982991054,0.000540242607432998,0
5469,0.611750523374013,1.0,0.9988927876687482,0.0005539128718259752,1
5470,0.6202234745940634,0.951229424500714,0.9988868178065663,0.0005569011204624191,0
5471,0.6288790303260494,0.9048374180359595,0.9988784404133032,0.0005610945026572175,0
5472,0.6117496823301488,1.0,0.998897805077191,0.0005514013931650635,1
5473,0.6202186300705026,0.951229424500714,0.9989150597131601,0.0005427646302962022,0
5474,0.6288769121344245,0.9048374180359595,0.9988905498724056,0.0005550330114831158,0
5475,0.6376806678128523,0.8607079764250578,0.9989226941726672,0.0005389432691809857,0
5476,0.6117493506900757,1.0,0.9988997835500192,0.0005504110661972576,1
5477,0.6202270527881711,0.951229424500714,0.9988659588959544,0.0005673423076082489,0
5478,0.6117447806518408,1.0,0.9989270477304144,0.0005367641474703224,1
5479,0.6202217371850597,0.951229424500714,0.9988969461727734,0.0005518313194209916,0
5480,0.628872113672763,0.9048374180359595,0.9989179828647067,0.0005413014692190136,0
5481,0.6376799358929574,0.8607079764250578,0.9989268117774147,0.0005368822507032186,0
5482,0.6117510569094354,1.0,0.9988896047804562,0.0005555060825300774,1
5483,0.6117515230318442,1.0,0.9988868240673867,0.0005568979865636109,1
5484,0.620223584563345,0.951229424500714,0.9988861767366766,0.0005572220127216989,0
5485,0.6288762256472211,0.9048374180359595,0.9988944744838867,0.0005530685301032982,0
5486,0.6117479455548542,1.0,0.998908166262742,0.0005462151109635803,1
5487,0.6202186636017968,0.951229424500714,0.9989148642333332,0.0005428624763763265,0
5488,0.61175128776065,1.0,0.9988882276064495,0.0005561954354623261,1
5489,0.6202209903923164,0.951229424500714,0.9989012997064068,0.0005496521536106294,0
5490,0.6117506359361163,1.0,0.9988921161608024,0.0005542489980749009,1
5491,0.6202224483625263,0.951229424500714,0.9988928002885585,0.0005539065549267252,0
5492,0.6117540530695685,1.0,0.9988717310048716,0.0005644529848776872,1
5493,0.6202201990818558,0.951229424500714,0.998905912791862,0.000547343079228321,0
5494,0.6288809825494972,0.9048374180359595,0.9988672799515175,0.0005666810303479442,0
5495,0.6376823561669668,0.8607079764250578,0.9989131959832314,0.0005436975082467159,0
5496,0.6466253836356517,0.8187307530779818,0.9988853033790142,0.0005576591786694271,0
5497,0.6117514056033085,1.0,0.9988875246012988,0.0005565473293872593,1
5498,0.6202205514639418,0.951229424500714,0.9989038585138957,0.0005483713442792703,0
5499,0.6117546606386575,1.0,0.998868106572942,0.0005662672511106499,1
5500,0.620220707853169,0.951229424500714,0.9989029468152698,0.0005488276940241009,0
5501,0.6288715000400695,0.9048374180359595,0.9989214911003904,0.000539545454419305,0
5502,0.6376845696606374,0.8607079764250578,0.9989007436877595,0.0005499304687966441,0
5503,0.6466242381877346,0.8187307530779818,0.9988916645272925,0.0005544750653371364,0
5504,0.6117487814413591,1.0,0.9989031795438992,0.0005487112019249665,1
5505,0.6202271946570072,0.951229424500714,0.9988651318911868,0.0005677562796245282,0
5506,0.6117464767023136,1.0,0.9989169292109823,0.0005418288670124897,1
5507,0.6117480129349755,1.0,0.9989077642860698,0.0005464163190259144,1
5508,0.6117495345289948,1.0,0.9988986868172167,0.0005509600368860695,1
5509,0.6202257854387488,0.951229424500714,0.9988733467775116,0.000563644186669099,0
5510,0.6288752585409765,0.9048374180359595,0.9989000034152373,0.0005503010125174217,0
5511,0.637684642537335,0.8607079764250578,0.9989003337138579,0.0005501356813707504,0
5512,0.6466200809140068,0.8187307530779818,0.9989147520133566,0.0005429186473209045,0
5513,0.6556598479020153,0.7788007830714049,0.9989160765915074,0.0005422556391563089,0
5514,0.6647766651950411,0.7408182206817179,0.9989108930943195,0.0005448502067873758,0
5515,0.6117534639376468,1.0,0.9988752454693491,0.0005626937708636153,1
5516,0.6202212103533155,0.951229424500714,0.9989000174099268,0.0005502940074671735,0
5517,0.6288718990011374,0.9048374180359595,0.9989192101746259,0.0005406871499323731,0
5518,0.6376861195153416,0.8607079764250578,0.9988920248984454,0.0005542946798655949,0
5519,0.6117482680198997,1.0,0.9989062425013185,0.0005471780439642734,1
5520,0.620224715627087,0.951229424500714,0.9988795831938698,0.0005605224711333198,0
5521,0.6288835016206586,0.9048374180359595,0.998852879187206,0.000573889629733494,0
5522,0.6117504660263612,1.0,0.9988931297859626,0.0005537416236400376,1
5523,0.6117483665741854,1.0,0.9989056545474352,0.0005474723428840929,1
5524,0.6202267828900894,0.951229424500714,0.9988675322322058,0.0005665547469759633,0
5525,0.6288775275268741,0.9048374180359595,0.9988870317236885,0.0005567940427157218,0
5526,0.6376870060939962,0.8607079764250578,0.9988870374476305,0.0005567911775558943,0
5527,0.6466242048605553,0.8187307530779818,0.9988918496077128,0.0005543824224561761,0
5528,0.6556619990730239,0.7788007830714049,0.9989042467835335,0.0005481769964653674,0
5529,0.6117454521600734,1.0,0.9989230415405291,0.0005387693979677461,1
5530,0.6202219849733811,0.951229424500714,0.998895501661778,0.0005525543730079676,0
5531,0.6288789861076701,0.9048374180359595,0.9988786932026829,0.0005609679660650196,0
5532,0.6376845987942088,0.8607079764250578,0.9989005797944128,0.0005500125056562275,0
5533,0.6117482316059693,1.0,0.9989064597392054,0.0005470693060997534,1
5534,0.6202176604563886,0.951229424500714,0.9989207123667343,0.0005399352417882569,0
5535,0.6117492194449915,1.0,0.9989005665234654,0.00055001914843322,1
5536,0.6202234304185601,0.951229424500714,0.9988870753294197,0.0005567722155576754,0
5537,0.6288766839809568,0.9048374180359595,0.9988918542115435,0.0005543801179871549,0
5538,0.6376872745683843,0.8607079764250578,0.99888552715051,0.0005575471680761461,0
5539,0.6466187792785407,0.8187307530779818,0.9989219808012793,0.0005393003396764294,0
5540,0.611748095566475,1.0,0.9989072713229777,0.0005466630701431277,1
5541,0.6202225246797288,0.951229424500714,0.9988923553908164,0.000554129250415707,0
5542,0.628873138994873,0.9048374180359595,0.9989121209724398,0.000544235598730662,0
5543,0.6376917857521498,0.8607079764250578,0.9988601500199545,0.0005702500515547075,0
5544,0.611747412117328,1.0,0.9989113486556224,0.0005446221778399561,1
5545,0.6202222391299654,0.951229424500714,0.998894020029342,0.0005532960089109812,0
5546,0.61174749734146,1.0,0.9989108402226731,0.0005448766714340708,1
5547,0.6117480319395696,1.0,0.9989076509084086,0.0005464730698449349,1
5548,0.6202217564394853,0.951229424500714,0.9988968339267408,0.0005518875044155527,0
5549,0.6288734542985268,0.9048374180359595,0.9989103183521526,0.0005451378912726393,0
5550,0.6117496454894293,1.0,0.9988980248584298,0.000551291381303208,1
5551,0.6202160057211228,0.951229424500714,0.9989303592429242,0.0005351066155072296,0
5552,0.6117500208108827,1.0,0.9988957858009285,0.0005524121463637939,1
5553,0.6202198970896281,0.951229424500714,0.9989076733174165,0.0005464618530885391,0
5554,0.6288729222642306,0.9048374180359595,0.9989133600442189,0.0005436153885116069,0
5555,0.6376895053818009,0.8607079764250578,0.9988729778696445,0.0005638288486868063,0
5556,0.6117504042088835,1.0,0.9988934985688821,0.0005535570278907519,1
5557,0.620222042589655,0.951229424500714,0.9988951657813985,0.0005527224989207167,0
5558,0.6117518501995481,1.0,0.9988848723133754,0.0005578749520571324,1
5559,0.6117471567158256,1.0,0.9989128723406867,0.0005438595056046493,1
5560,0.61175267668539,1.0,0.9988799418489335,0.0005603429424867271,1
5561,0.6117505437946827,1.0,0.9988926658457973,0.0005539738508218941,1
5562,0.6202239208310868,0.951229424500714,0.9988842164553979,0.0005582032472446121,0
5563,0.6117494643983548,1.0,0.9988991051972568,0.0005507506162721886,1
5564,0.6117502272143673,1.0,0.9988945544615961,0.0005530284969925688,1
5565,0.6202230865036635,0.951229424500714,0.9988890801982222,0.0005557686652865708,0
5566,0.628876700659265,0.9048374180359595,0.9988917588626172,0.0005544278453414515,0
5567,0.6117509019332585,1.0,0.9988905293133044,0.0005550433024511429,1
5568,0.6202219463065445,0.951229424500714,0.9988957270744275,0.0005524415420743137,0
5569,0.6288710207226271,0.9048374180359595,0.998924231446047,0.0005381738041333212,0
5570,0.6376840061051567,0.8607079764250578,0.9989039140231462,0.0005483435591984257,0
5571,0.6117465235030907,1.0,0.9989166500029713,0.0005419686224025248,1
5572,0.6202210590016889,0.951229424500714,0.9989008997372637,0.0005498523581870492,0
5573,0.6117541514644278,1.0,0.9988711440324783,0.0005647468026660058,1
5574,0.6117449734485317,1.0,0.9989258975109977,0.0005373398752382184,1
5575,0.6117518812637416,1.0,0.9988846869968963,0.0005579677137464757,1
5576,0.6117494390473385,1.0,0.9988992564344868,0.0005506749143229759,1
5577,0.6202241409961884,0.951229424500714,0.998882933000357,0.0005588456920066323,0
5578,0.6288739735996771,0.9048374180359595,0.9989073494688353,0.0005466239544730261,0
5579,0.6376848123936892,0.8607079764250578,0.998899378173703,0.0005506139776429912,0
5580,0.611749014195757,1.0,0.9989017909879347,0.0005494062427246887,1
5581,0.6202216561093467,0.951229424500714,0.9988974188137696,0.0005515947380167902,0
5582,0.6117523632436435,1.0,0.9988818117053309,0.0005594069668159421,1
5583,0.6117543217855019,1.0,0.9988701279870368,0.0005652553997780748,1
5584,0.620225000224786,0.951229424500714,0.99887792413966,0.0005613529293864769,0
5585,0.6288793036094353,0.9048374180359595,0.9988768780979568,0.0005618765380405623,0
5586,0.611750635715047,1.0,0.9988921174796277,0.0005542483379308736,1
5587,0.6117507332246943,1.0,0.9988915357701565,0.0005545395153414939,1
5588,0.6202205073793735,0.951229424500714,0.9989041155128885,0.0005482427037912149,0
5589,0.6288742069549463,0.9048374180359595,0.9989060153632927,0.0005472917373430895,0
5590,0.6376871927508739,0.8607079764250578,0.9988859874129113,0.0005573167801674867,0
5591,0.611744313072166,1.0,0.9989298373053148,0.0005353678638219228,1
5592,0.6117499335213274,1.0,0.998896306544094,0.00055215148702516,1
5593,0.611749981020705,1.0,0.9988960231770798,0.000552293327100362,1
5594,0.6117483686408217,1.0,0.9989056422183287,0.0005474785141909626,1
5595,0.6202210083509456,0.951229424500714,0.9989011950137265,0.0005497045575297145,0
5596,0.6117503452472474,1.0,0.9988938503149731,0.0005533809600568987,1
5597,0.6202211300354368,0.951229424500714,0.9989004856350835,0.0005500596371404111,0
5598,0.6117463998719135,1.0,0.9989173875724972,0.0005415994378195622,1
5599,0.6202201052301611,0.951229424500714,0.9989064599190678,0.0005470692160701778,0
5600,0.6288743705102007,0.9048374180359595,0.9989050803099038,0.0005477597762838133,0
5601,0.6376802340652041,0.8607079764250578,0.9989251343296484,0.0005377218763670281,0
5602,0.6466251975599657,0.8187307530779818,0.9988863367312423,0.0005571419262430796,0
5603,0.6117481790684864,1.0,0.9989067731669552,0.0005469124206889946,1
5604,0.6202196182106432,0.951229424500714,0.9989092991035154,0.0005456480717855596,0
5605,0.6117522857133872,1.0,0.9988822742177454,0.000559175451784791,1
5606,0.6202210126268377,0.951229424500714,0.9989011700867376,0.0005497170347343609,0
5607,0.6288793233006514,0.9048374180359595,0.9988767655267002,0.0005619328869587012,0
5608,0.6117507710052696,1.0,0.9988913103841995,0.0005546523333875129,1
5609,0.6117492200401631,1.0,0.9989005629728274,0.0005500209257061873,1
5610,0.6117468809612963,1.0,0.9989145174526082,0.0005430360551254595,1
5611,0.611743799606025,1.0,0.9989329006517861,0.0005338345520417967,1
5612,0.6117536289743298,1.0,0.9988742609417095,0.000563186589225721,1
5613,0.6117464179179842,1.0,0.9989172799116433,0.0005416533265900702,1
5614,0.6117539895437357,1.0,0.9988721099671203,0.0005642632897621361,1
5615,0.6117510278816809,1.0,0.9988897779496362,0.0005554194016975701,1
5616,0.6117433072846411,1.0,0.9989358378615473,0.0005323643805011929,1
5617,0.6117554495739088,1.0,0.9988634002369849,0.0005686230911927398,1
5618,0.6117485628406623,1.0,0.9989044836649695,0.0005480584258372748,1
5619,0.611746267757125,1.0,0.9989181757551842,0.0005412049195211717,1
5620,0.611753716586952,1.0,0.9988737382885086,0.0005634482104117328,1
5621,0.6202190998529413,0.951229424500714,0.9989123209932455,0.0005441354794201328,0
5622,0.6288802175125991,0.9048374180359595,0.9988716534906995,0.0005644917857430149,0
5623,0.6117545653124039,1.0,0.9988686752370355,0.0005659825969466483,1
5624,0.6202217517868556,0.951229424500714,0.9988968610498146,0.0005518739279016835,0
5625,0.6117520920984006,1.0,0.9988834292435126,0.0005585972930121729,1
5626,0.6202247244210454,0.951229424500714,0.9988795319296805,0.0005605481319794419,0
5627,0.6288759412649257,0.9048374180359595,0.9988961002887373,0.0005522547286613065,0
5628,0.6117547343189131,1.0,0.9988676670373201,0.0005664872680056232,1
5629,0.6202251909147719,0.951229424500714,0.9988768125199957,0.0005619093638896006,0
5630,0.6117457573479412,1.0,0.998921220810497,0.0005396807452967292,1
5631,0.6202195862521894,0.951229424500714,0.9989094854125592,0.0005455548155577057,0
5632,0.6288703005936543,0.9048374180359595,0.9989283485745118,0.0005361130272241448,0
5633,0.6376864566260174,0.8607079764250578,0.9988901284775684,0.0005552439429640869,0
5634,0.6117501991170969,1.0,0.998894722081085,0.0005529445945055768,1
5635,0.6202213175708227,0.951229424500714,0.9988993923698267,0.0005506068717602724,0
5636,0.6288750158372507,0.9048374180359595,0.998901390955174,0.0005496064790464466,0
5637,0.6117494643700009,1.0,0.9988991053664085,0.0005507505316031177,1
5638,0.6117464109826358,1.0,0.9989173212871594,0.0005416326164091272,1
5639,0.6202188215438663,0.951229424500714,0.9989139434676856,0.0005433233595331073,0
5640,0.628879602968774,0.9048374180359595,0.9988751667145586,0.0005627331926001966,0
5641,0.6117512011519339,1.0,0.9988887442820742,0.0005559368101843287,1
5642,0.6117524903703863,1.0,0.9988810533221414,0.0005597865830370762,1
5643,0.6117519056548701,1.0,0.9988845414892737,0.0005580405487968967,1
5644,0.6202164441200829,0.951229424500714,0.9989278034251005,0.000536385894422772,0
5645,0.6288729952199892,0.9048374180359595,0.9989129429482743,0.0005438241633906017,0
5646,0.6376869539247529,0.8607079764250578,0.998887330924972,0.0005566442754101465,0
5647,0.6466238629281545,0.8187307530779818,0.9988937485104881,0.0005534319186698845,0
5648,0.6556647198481435,0.7788007830714049,0.998889284819379,0.0005556662409334062,0
5649,0.6647764122401765,0.7408182206817179,0.9989122745747765,0.0005441587139268145,0
5650,0.673948133494556,0.7046880897187134,0.9988825244460697,0.0005590501976385154,0
5651,0.611745574367645,1.0,0.998922312457884,0.0005391343324426279,1
5652,0.6117504129842649,1.0,0.998893446217805,0.0005535832324253854,1
5653,0.6117508501615775,1.0,0.9988908381650575,0.0005548887050771584,1
5654,0.6117509130134899,1.0,0.9988904632125349,0.0005550763895460708,1
5655,0.6117503914553507,1.0,0.9988935746523266,0.000553518944030061,1
5656,0.6117500051693087,1.0,0.9988958791138128,0.0005523654383481402,1
5657,0.6202171842241754,0.951229424500714,0.9989234887206169,0.0005385455669171711,0
5658,0.628875744395371,0.9048374180359595,0.998897225788039,0.0005516913574221421,0
5659,0.6376829580904424,0.8607079764250578,0.9989098097649036,0.0005453924623633113,0
5660,0.6117488189161853,1.0,0.998902955978032,0.0005488231076114963,1
5661,0.6202226521605989,0.951229424500714,0.9988916122306735,0.0005545012426606242,0
5662,0.6288705371487271,0.9048374180359595,0.9989269961369797,0.0005367899718967319,0
5663,0.637686571188848,0.8607079764250578,0.9988894840038015,0.0005555665379905285,0
5664,0.6117450445631342,1.0,0.9989254732438616,0.0005375522369495695,1
5665,0.6202206980401852,0.951229424500714,0.9989030040217578,0.0005487990593672341,0
5666,0.628876297339388,0.9048374180359595,0.998894064622536,0.0005532736876275754,0
5667,0.6117469448949145,1.0,0.9989141360334611,0.0005432269719723027,1
5668,0.611752528833957,1.0,0.9988808238652759,0.0005599014400017796,1
5669,0.6202226582459721,0.951229424500714,0.9988915767555129,0.000554518999923166,0
5670,0.6288750696938853,0.9048374180359595,0.998901083055961,0.0005497605979931249,0
5671,0.6376857843466006,0.8607079764250578,0.9988939103995437,0.0005533508845044788,0
5672,0.6117451479904589,1.0,0.9989248562006796,0.000537861090507267,1
5673,0.6202236263613538,0.951229424500714,0.9988859330738326,0.0005573439800085652,0
5674,0.6117476947532567,1.0,0.9989096624983267,0.0005454661760190606,1
5675,0.6202221056363783,0.951229424500714,0.998894798243804,0.0005529064710104274,0
5676,0.628877296309945,0.9048374180359595,0.9988883535701468,0.0005561323835181779,0
5677,0.6376841364731555,0.8607079764250578,0.9989031806243168,0.0005487106611229998,0
5678,0.611749981003135,1.0,0.9988960232818971,0.0005522932746338049,1
5679,0.6202263899983923,0.951229424500714,0.9988698225502758,0.0005654082909293573,0
5680,0.6117453928525429,1.0,0.9989233953657936,0.0005385922946339565,1
5681,0.6202188254549946,0.951229424500714,0.9989139206667293,0.0005433347724064055,0
5682,0.6288780098512057,0.9048374180359595,0.9988842743263507,0.0005581742794472676,0
5683,0.6376833114616683,0.8607079764250578,0.9989078218245435,0.0005463875183327055,0
5684,0.646627552485956,0.8187307530779818,0.9988732589881258,0.0005636881308738217,0
5685,0.6556628285809225,0.7788007830714049,0.9988996851632983,0.0005504603137430514,0
5686,0.6117476514890372,1.0,0.9989099206049357,0.0005453369818660374,1
5687,0.6202224794359582,0.951229424500714,0.9988926191432619,0.0005539972279764453,0
5688,0.6117477296223505,1.0,0.9989094544756115,0.0005455703009187773,1
5689,0.6202286924202658,0.951229424500714,0.9988564009468561,0.0005721267307545839,0
5690,0.6288739311475758,0.9048374180359595,0.9989075921702077,0.0005465024710626669,0
5691,0.6376848308782262,0.8607079764250578,0.9988992741875705,0.0005506660279996946,0
5692,0.6466242411925668,0.8187307530779818,0.998891647840146,0.0005544834181682531,0
5693,0.6117500871866597,1.0,0.9988953898233298,0.0005526103540661337,1
5694,0.6202218165047139,0.951229424500714,0.9988964837692499,0.0005520627765459533,0
5695,0.6288794514283235,0.9048374180359595,0.9988760330435116,0.0005622995405252877,0
5696,0.611748912091287,1.0,0.9989024001179412,0.0005491013429706899,1
5697,0.6117491289832474,1.0,0.9989011061948309,0.0005497490158305403,1
5698,0.6202244661643384,0.951229424500714,0.9988810374331137,0.0005597945364503922,0
5699,0.6288743878952332,0.9048374180359595,0.998904980918893,0.0005478095262638527,0
5700,0.6376868905687517,0.8607079764250578,0.9988876873334119,0.0005564658727187969,0
5701,0.6466164809260859,0.8187307530779818,0.9989347451326703,0.0005329113272785416,0
5702,0.6556694832959152,0.7788007830714049,0.9988630905113602,0.0005687781302464595,0
5703,0.6647806936122472,0.7408182206817179,0.9988888926977222,0.0005558625198102051,0
5704,0.6739480355509577,0.7046880897187134,0.9988830571283049,0.0005587835586293832,0
5705,0.6831414921545698,0.6703200460356393,0.9988751583154856,0.0005627373968658315,0
5706,0.6923216204357193,0.6376281516217733,0.9989511064865868,0.0005247219935868634,0
5707,0.611747786054278,1.0,0.9989091178130622,0.0005457388159951467,1
5708,0.6202154817860502,0.951229424500714,0.9989334137391208,0.0005335777343903414,0
5709,0.6288729975617962,0.9048374180359595,0.9989129295599148,0.0005438308648552614,0
5710,0.6376874780887173,0.8607079764250578,0.9988843822530462,0.0005581202558268836,0
5711,0.6117481633734392,1.0,0.9989068668003879,0.0005468655527375204,1
5712,0.620225073528622,0.951229424500714,0.9988774968176642,0.0005615668304432825,0
5713,0.628876527592348,0.9048374180359595,0.9988927482767936,0.0005539325896354666,0
5714,0.6376815286774131,0.8607079764250578,0.9989178511843517,0.0005413673807181843,0
5715,0.6117498901362721,1.0,0.9988965653664027,0.0005520219328995469,1
5716,0.6117505601231674,1.0,0.9988925684354822,0.0005540226099744336,1
5717,0.6117531160231602,1.0,0.9988773209607382,0.0005616548577249005,1
5718,0.6117483829822671,1.0,0.9989055566603638,0.0005475213400419767,1
5719,0.611750840121549,1.0,0.9988908980603749,0.0005548587241656624,1
5720,0.61175222719204,1.0,0.9988826233313356,0.0005590006996953163,1
5721,0.6117483219642377,1.0,0.9989059206808206,0.0005473391304286584,1
5722,0.6117524183703831,1.0,0.9988814828429277,0.00055957158211554,1
5723,0.6117535390472738,1.0,0.9988747974020942,0.0005629180568079763,1
5724,0.6117464386967207,1.0,0.9989171559480301,0.0005417153755821929,1
5725,0.6117478811498882,1.0,0.998908550490445,0.0005460227871633933,1
5726,0.6202264445334353,0.951229424500714,0.9988695046439129,0.0005655674239846877,0
5727,0.6117453083162679,1.0,0.998923899704599,0.0005383398535155548,1
5728,0.6202223089948615,0.951229424500714,0.9988936127451594,0.0005534998765172776,0
5729,0.628874025133118,0.9048374180359595,0.9989070548489718,0.0005467714255608623,0
5730,0.6117466584571727,1.0,0.9989158448832153,0.0005423716190291267,1
5731,0.6117483615842704,1.0,0.9989056843161933,0.0005474574421987804,1
5732,0.620225828324873,0.951229424500714,0.998873096776041,0.0005637693284114442,0
5733,0.611750005859998,1.0,0.9988958749933696,0.0005523675008470459,1
5734,0.6202212662492753,0.951229424500714,0.9988996915562045,0.0005504571137690125,0
5735,0.628872213037993,0.9048374180359595,0.9989174147794577,0.0005415858195962162,0
5736,0.6117482144914291,1.0,0.9989065618409938,0.0005470181993209069,1
5737,0.6202206239917254,0.951229424500714,0.9989034357002219,0.0005485829831470559,0
5738,0.6117507843368928,1.0,0.9988912308523258,0.0005546921434630033,1
5739,0.620224364242618,0.951229424500714,0.9988816315850785,0.0005594971277671876,0
5740,0.6288755552804994,0.9048374180359595,0.9988983069555906,0.0005511501771392561,0
5741,0.6376836770173073,0.8607079764250578,0.9989057653443953,0.0005474168837156239,0
5742,0.646627929961004,0.8187307530779818,0.9988711627542166,0.0005647374312179715,0
5743,0.6556636962578304,0.7788007830714049,0.9988949136705013,0.0005528486938096705,0
5744,0.664780161018724,0.7408182206817179,0.998891801320103,0.0005544065930463238,0
5745,0.6117504830375111,1.0,0.9988930283030228,0.0005537924213389151,1
5746,0.6117510469803912,1.0,0.9988896640135706,0.0005554764330511145,1
5747,0.6202231050759284,0.951229424500714,0.9988889719301447,0.0005558228595337215,0
5748,0.611752261199895,1.0,0.9988824204548435,0.0005591022514231919,1
5749,0.6202269676442482,0.951229424500714,0.9988664552311513,0.0005670938583197812,0
5750,0.6288717098451418,0.9048374180359595,0.9989202916095513,0.0005401458477284588,0
5751,0.6117492055980743,1.0,0.9989006491305633,0.0005499777994254642,1
5752,0.6117471112497936,1.0,0.9989131435842249,0.0005437237362553713,1
5753,0.6117483976998204,1.0,0.9989054688586319,0.0005475652890095616,1
5754,0.6202225387124097,0.951229424500714,0.9988922735861185,0.0005541701981218339,0
5755,0.6117508649388939,1.0,0.9988907500087387,0.0005549328321825825,1
5756,0.6202220375314871,0.951229424500714,0.9988951952685361,0.0005527077390449336,0
5757,0.6288754821254954,0.9048374180359595,0.9988987251823349,0.0005509408331780763,0
5758,0.6376831033916075,0.8607079764250578,0.9989089923518052,0.0005458016151340932,0
5759,0.6466200893815706,0.8187307530779818,0.9989147049879404,0.0005429421855743646,0
5760,0.6556668528126016,0.7788007830714049,0.9988775555000392,0.0005615374562840692,0
5761,0.6647777091159415,0.7408182206817179,0.9989051918770326,0.0005477039315769775,0
5762,0.6739468004758148,0.7046880897187134,0.9988897743116756,0.0005554212226995856,0
5763,0.611746902111586,1.0,0.9989143912728731,0.0005430992135543939,1
5764,0.6117443452310253,1.0,0.9989296454455612,0.0005354638964785093,1
5765,0.61174488278301,1.0,0.9989264384186002,0.0005370691307028385,1
5766,0.6202252647748808,0.951229424500714,0.9988763819559113,0.0005621248880522421,0
5767,0.628877112883599,0.9048374180359595,0.9988894022038122,0.0005556074834574388,0
5768,0.6376915869710371,0.8607079764250578,0.9988612682220754,0.0005696903127889797,0
5769,0.6466253681033464,0.8187307530779818,0.9988853896360276,0.0005576160020357142,0
5770,0.6117449599144555,1.0,0.9989259782548355,0.0005372994599107036,1
5771,0.6202208974045771,0.951229424500714,0.9989018417934424,0.0005493808120433029,0
5772,0.611744508448116,1.0,0.9989286716932502,0.0005359512945601118,1
5773,0.6117506493723266,1.0,0.998892036004901,0.0005542891204781758,1
5774,0.6202221121900345,0.951229424500714,0.998894760038577,0.000552925594759904,0
5775,0.6288784093434017,0.9048374180359595,0.9988819904794102,0.0005593174797208773,0
5776,0.6117533302872662,1.0,0.9988760427628187,0.0005622946754034675,1
5777,0.620221887874731,0.951229424500714,0.9988960677093583,0.000552271036353086,0
5778,0.6288771390144907,0.9048374180359595,0.9988892528155149,0.0005556822606590888,0
5779,0.6117501616335452,1.0,0.998894945696245,0.0005528326632228685,1
5780,0.6117510813094271,1.0,0.9988894592188859,0.0005555789442257919,1
5781,0.6117481977129924,1.0,0.9989066619376742,0.0005469680961985091,1
5782,0.6202247287275344,0.951229424500714,0.998879506825097,0.0005605606983515777,0
5783,0.6117502018302761,1.0,0.9988947058951085,0.0005529526964487281,1
5784,0.6202196008528619,0.951229424500714,0.9989094002946266,0.0005455974209876396,0
5785,0.6288775972362932,0.9048374180359595,0.998886633201653,0.0005569935257915563,0
5786,0.6376869157093015,0.8607079764250578,0.9988875459055254,0.000556536665410691,0
5787,0.6466258904557368,0.8187307530779818,0.9988824888123289,0.0005590680344414996,0
5788,0.6556663955810436,0.7788007830714049,0.9988800698345232,0.0005602788779399708,0
5789,0.6117506953426721,1.0,0.9988917617613876,0.0005544263943482089,1
5790,0.6117489908647422,1.0,0.9989019301749478,0.0005493365727107996,1
5791,0.6202219250921794,0.951229424500714,0.9988958507459725,0.0005523796379465936,0
5792,0.6288709287753118,0.9048374180359595,0.9989247571268632,0.0005379106807345356,0
5793,0.6117535793542438,1.0,0.9988745569505727,0.000563038418013938,1
5794,0.61174787192691,1.0,0.9989086055129859,0.0005459952458337431,1
5795,0.6117544956749238,1.0,0.9988690906563168,0.0005657746520960515,1
5796,0.6202234330062091,0.951229424500714,0.9988870602446145,0.000556779766363797,0
5797,0.6288770517632889,0.9048374180359595,0.9988897516240407,0.0005554325791253545,0
5798,0.637680707518979,0.8607079764250578,0.998922470796204,0.0005390550778772293,0
5799,0.6466262783510935,0.8187307530779818,0.9988803346869309,0.000560146303279308,0
5800,0.6117506954181576,1.0,0.9988917613110664,0.0005544266197585986,1
5801,0.6202140096029193,0.951229424500714,0.9989419965108113,0.0005292817849800285,0
5802,0.6288817615328807,0.9048374180359595,0.9988628267101765,0.0005689101809855026,0
5803,0.637680090534293,0.8607079764250578,0.9989259418007455,0.000537317706553364,0
5804,0.646626734517476,0.8187307530779818,0.9988778014347415,0.0005614143507689588,0
5805,0.6556673149737339,0.7788007830714049,0.998875014065136,0.0005628096032666129,0
5806,0.611750857634011,1.0,0.9988907935871219,0.0005549110187950223,1
5807,0.6117519382521605,1.0,0.9988843470270529,0.000558137888495197,1
5808,0.6117519574138653,1.0,0.9988842327161155,0.0005581951078040305,1
5809,0.6117485737087656,1.0,0.9989044188283245,0.0005480908797146087,1
5810,0.6202241802672805,0.951229424500714,0.9988827040693117,0.000558960285551059,0
5811,0.6288780539630349,0.9048374180359595,0.9988840221441905,0.0005583005113835172,0
5812,0.6376818998233834,0.8607079764250578,0.9989157632280838,0.0005424124909079342,0
5813,0.6466242829097478,0.8187307530779818,0.9988914161664364,0.0005545993835669817,0
5814,0.6556587432615782,0.7788007830714049,0.9989221513391034,0.0005392149787509347,0
5815,0.6117515520274874,1.0,0.9988866510905384,0.00055698457137937,1
5816,0.6117483517495559,1.0,0.9989057429879851,0.0005474280741658517,1
5817,0.6202221853245964,0.951229424500714,0.9988943336931166,0.0005531390034033255,0
5818,0.6117482253748834,1.0,0.9989064969125663,0.0005470506990721543,1
5819,0.6202212121683043,0.951229424500714,0.9989000068291799,0.0005502993036663581,0
5820,0.6288752335261298,0.9048374180359595,0.9989001464252769,0.0005502294287608206,0
5821,0.6117452644100954,1.0,0.9989241616465805,0.0005382087414523222,1
5822,0.6202201019168159,0.951229424500714,0.9989064792348841,0.0005470595475892478,0
5823,0.6117489412109957,1.0,0.9989022263969074,0.0005491882989380202,1
5824,0.611744062910156,1.0,0.9989313297737492,0.0005346208307152217,1
5825,0.6202235005597642,0.951229424500714,0.9988866664385254,0.0005569768888325865,0
5826,0.611754606822507,1.0,0.99886842761049,0.0005661065504664334,1
5827,0.6202179657018172,0.951229424500714,0.998918932842895,0.0005408259658479068,0
5828,0.6117482944716993,1.0,0.9989060846954635,0.000547257033293178,1
5829,0.6202189474992541,0.951229424500714,0.9989132091778435,0.000543690903762908,0
5830,0.6288729760283531,0.9048374180359595,0.9989130526689055,0.0005437692433768441,0
5831,0.6376889680976201,0.8607079764250578,0.9988760003046779,0.0005623159283617307,0
5832,0.6117511522858454,1.0,0.9988890357992942,0.0005557908894403128,1
5833,0.6117472323206128,1.0,0.9989124212940929,0.0005440852743920068,1
5834,0.6202193525645888,0.951229424500714,0.9989108477488562,0.0005448729042394262,0
5835,0.6288743556280559,0.9048374180359595,0.9989051653918044,0.0005477171887053112,0
5836,0.611752682693382,1.0,0.9988799060079313,0.000560360883082692,1
5837,0.6202222980069808,0.951229424500714,0.9988936768000594,0.0005534678135943379,0
5838,0.6117520667456687,1.0,0.9988835804874217,0.0005585215865317307,1
5839,0.6202226081300919,0.951229424500714,0.9988918689100207,0.0005543727605955279,0
5840,0.6288750874621318,0.9048374180359595,0.998900981474649,0.0005498114445278768,0
5841,0.6376845785305211,0.8607079764250578,0.9989006937894821,0.0005499554453916458,0
5842,0.6117547213465587,1.0,0.9988677444231848,0.0005664485312117827,1
5843,0.6202192007130041,0.951229424500714,0.9989117330044572,0.0005444297940205751,0
5844,0.6288764434283569,0.9048374180359595,0.998893229438246,0.0005536917422886239,0
5845,0.6376829846979973,0.8607079764250578,0.9989096600801209,0.0005454673864417514,0
5846,0.6466253847852534,0.8187307530779818,0.9988852969948231,0.0005576623743271485,0
5847,0.6556628861335094,0.7788007830714049,0.9988993686716803,0.0005506187338892056,0
5848,0.6117498859682136,1.0,0.9988965902318034,0.0005520094864655291,1
5849,0.620221533426111,0.951229424500714,0.9988981340116226,0.0005512367445013775,0
5850,0.6288739537667576,0.9048374180359595,0.9989074628548917,0.000546567199434613,0
5851,0.6117522833812117,1.0,0.9988822881305148,0.0005591684876161112,1
5852,0.6117534736229293,1.0,0.9988751876916797,0.0005627226922285843,1
5853,0.6117487906076476,1.0,0.9989031248600032,0.000548738573895846,1
5854,0.6117493157472979,1.0,0.9988999920092969,0.000550306721767821,1
5855,0.6117435095420652,1.0,0.9989346311838143,0.0005329683624667974,1
5856,0.6117486971059742,1.0,0.9989036826689485,0.0005484593632418568,1
5857,0.6117503933471042,1.0,0.9988935633667377,0.0005535245930747936,1
5858,0.6117517955595893,1.0,0.9988851982735109,0.0005577117900695898,1
5859,0.6117550057547171,1.0,0.9988660478040592,0.0005672978030878741,1
5860,0.6117485486899858,1.0,0.9989045680847116,0.0005480161696756977,1
5861,0.611751931185239,1.0,0.9988843891854371,0.0005581167857602126,1
5862,0.6202161426441977,0.951229424500714,0.998929560995424,0.000535506166793149,0
5863,0.6117515791171487,1.0,0.9988864894840843,0.0005570654646754669,1
5864,0.6202236252014905,0.951229424500714,0.9988859398352913,0.0005573405955086539,0
5865,0.628877193744271,0.9048374180359595,0.9988889399296712,0.0005558388775672064,0
5866,0.6117516973381116,1.0,0.9988857842239511,0.0005574184879616571,1
5867,0.6202215501635768,0.951229424500714,0.998898036438349,0.0005512855849562274,0
5868,0.6288740532314856,0.9048374180359595,0.9989068942089182,0.0005468518334755472,0
5869,0.6117516268234631,1.0,0.9988862048867391,0.0005572079219960462,1
5870,0.6117536951741294,1.0,0.9988738660266895,0.0005633842693109541,1
5871,0.6117481813247527,1.0,0.9989067597065345,0.000546919158265024,1
5872,0.6117495515195885,1.0,0.9988985854560646,0.0005510107733414346,1
5873,0.611748463403976,1.0,0.9989050768820273,0.0005477614921006573,1
5874,0.6117495041884883,1.0,0.9988988678202713,0.0005508694355865945,1
5875,0.6117448175757318,1.0,0.998926827443407,0.0005368744092918809,1
5876,0.6117467641789048,1.0,0.9989152141608084,0.0005426873226037753,1
5877,0.6117461642458939,1.0,0.998918793292761,0.0005408958164329605,1
5878,0.6117457631779283,1.0,0.99892118602924,0.0005396981547064503,1
5879,0.6117451593942126,1.0,0.9989247881663866,0.0005378951442675628,1
5880,0.6117537959598647,1.0,0.9988732647896583,0.0005636852268355009,1
5881,0.6117481771164761,1.0,0.9989067848122475,0.0005469065916704062,1
5882,0.6117481564679428,1.0,0.998906907997167,0.0005468449318069836,1
5883,0.6202218777672422,0.951229424500714,0.9988961266321353,0.0005522415424061405,0
5884,0.6288738937414676,0.9048374180359595,0.9989078060233822,0.0005463954275516759,0
5885,0.6376851415434464,0.8607079764250578,0.9988975265194547,0.0005515408257344446,0
5886,0.6466279399416045,0.8187307530779818,0.998871107328976,0.0005647651751574034,0
5887,0.6117541858777198,1.0,0.9988709387408554,0.0005648495644913137,1
5888,0.6202170114311005,0.951229424500714,0.9989244960779644,0.000538041345697527,0
5889,0.6288788823599443,0.9048374180359595,0.9988792863121264,0.0005606710785293094,0
5890,0.6376888107540766,0.8607079764250578,0.9988768854262858,0.0005618728697561216,0
5891,0.6117498129883309,1.0,0.9988970256082746,0.0005517915578127487,1
5892,0.6117475817216027,1.0,0.9989103368252047,0.0005451286446708157,1
5893,0.6202211228261437,0.951229424500714,0.9989005276627575,0.000550038600173407,0
5894,0.6288799194689864,0.9048374180359595,0.9988733573441965,0.0005636388973675134,0
5895,0.6376841539364917,0.8607079764250578,0.9989030823825426,0.0005487598359484387,0
5896,0.6466334627243053,0.8187307530779818,0.998840438253705,0.0005801172790891513,0
5897,0.6117458695403378,1.0,0.9989205514795503,0.0005400157723023105,1
5898,0.6117531158748651,1.0,0.998877321845397,0.0005616544148983946,1
5899,0.6117469820186018,1.0,0.9989139145587649,0.0005433378297090967,1
5900,0.6202193780874669,0.951229424500714,0.998910698957165,0.000544947381207321,0
5901,0.628874239599239,0.9048374180359595,0.9989058287341802,0.0005473851541045408,0
5902,0.6117477597253926,1.0,0.9989092748863513,0.0005456601935890417,1
5903,0.6202211307524991,0.951229424500714,0.9989004814548595,0.0005500617295530378,0
5904,0.6117465668964974,1.0,0.9989163911230408,0.0005420982027654055,1
5905,0.6202238256395453,0.951229424500714,0.9988847713763326,0.0005579254769228052,0
5906,0.6117466524285403,1.0,0.9989158808492877,0.0005423536164756551,1
5907,0.6202231371665731,0.951229424500714,0.9988887848559396,0.0005559165006829939,0
5908,0.6117484927176673,1.0,0.998904902003038,0.0005478490274474822,1
5909,0.6202210747493966,0.951229424500714,0.998900807933554,0.000549898310550284,0
5910,0.6288757545209752,0.9048374180359595,0.99889716790012,0.000551720333336394,0
5911,0.6117456826192437,1.0,0.9989216666363571,0.000539457591682935,1
5912,0.6202214738640562,0.951229424500714,0.9988984812366181,0.0005510629405251573,0
5913,0.6288773073808871,0.9048374180359595,0.9988882902785096,0.000556164064555939,0
5914,0.611750516686297,1.0,0.9988928275654521,0.000553892901362931,1
5915,0.6202246891055304,0.951229424500714,0.9988797378007311,0.0005604450809993891,0
5916,0.6117544562005219,1.0,0.9988693261392155,0.0005656567773549071,1
5917,0.6202188334067806,0.951229424500714,0.9989138743096938,0.0005433579761258043,0
5918,0.6288808941230821,0.9048374180359595,0.998867785463574,0.0005664279877572011,0
5919,0.637685519357884,0.8607079764250578,0.9988954011042072,0.0005526047073901185,0
5920,0.6466228312174214,0.8187307530779818,0.9988994780861218,0.0005505639663926283,0
5921,0.6117530133459914,1.0,0.9988779334848427,0.0005613482515462891,1
5922,0.6202186441552427,0.951229424500714,0.9989149776023183,0.0005428057303098169,0
5923,0.6288729823191171,0.9048374180359595,0.9989130167039345,0.0005437872454299394,0
5924,0.6376867255828478,0.8607079764250578,0.9988886154604439,0.0005560012926601269,0
5925,0.6117517842207923,1.0,0.9988852659162561,0.0005576779309518483,1
5926,0.6202202550509224,0.951229424500714,0.9989055865092085,0.0005475063992680799,0
5927,0.6117532692096849,1.0,0.9988764071224185,0.0005621122906441257,1
5928,0.6117463268115799,1.0,0.9989178234425122,0.0005413812666647713,1
5929,0.6117503910342772,1.0,0.9988935771643156,0.0005535176866444285,1
5930,0.6202279443862123,0.951229424500714,0.9988607614646327,0.0005699439804340826,0
5931,0.6117503293889521,1.0,0.9988939449204753,0.0005533336049261617,1
5932,0.6202273181105816,0.951229424500714,0.9988644122364344,0.0005681165159510652,0
5933,0.6288746680236673,0.9048374180359595,0.9989033794139064,0.0005486111572002427,0
5934,0.6117499088168615,1.0,0.9988964539235621,0.0005520777158758496,1
5935,0.6117538479305838,1.0,0.9988729547586852,0.00056384041720456,1
5936,0.6117520152477273,1.0,0.9988838877029377,0.0005583678071149628,1
5937,0.6117481984273874,1.0,0.9989066576757412,0.0005469702294974789,1
5938,0.6202194469516883,0.951229424500714,0.998910297496957,0.000545148330245653,0
5939,0.6288715921622212,0.9048374180359595,0.9989209644223348,0.0005398090778367169,0
5940,0.6376836567879332,0.8607079764250578,0.9989058791471923,0.0005473599199886884,0
5941,0.646620362257825,0.8187307530779818,0.9989131895453152,0.0005437007307070177,0
5942,0.6556607627126817,0.7788007830714049,0.9989110458071341,0.0005447737671349491,0
5943,0.6117500245645758,1.0,0.9988957634075364,0.0005524233554372007,1
5944,0.6117438590583388,1.0,0.9989325459576958,0.0005340120885675318,1
5945,0.62022316657116,0.951229424500714,0.9988886134403023,0.0005560023038547168,0
5946,0.6117477997326826,1.0,0.9989090362102302,0.0005457796619709756,1
5947,0.611754039796388,1.0,0.9988718101857811,0.0005644133497053226,1
5948,0.6117499524145115,1.0,0.9988961938330208,0.000552207904832931,1
5949,0.6202232221549281,0.951229424500714,0.9988882894118196,0.000556164498383202,0
5950,0.6288777665776137,0.9048374180359595,0.9988856650945308,0.0005574781191173382,0
5951,0.637681453860709,0.8607079764250578,0.998918272081443,0.000541156704233587,0
5952,0.6466245320626005,0.8187307530779818,0.9988900325133023,0.0005552919784125794,0
5953,0.6556596355259804,0.7788007830714049,0.9989172445073885,0.0005416710479049984,0
5954,0.6117490870588431,1.0,0.9989013563051301,0.0005496238231230435,1
5955,0.6117501002753907,1.0,0.9988953117399894,0.0005526494389114138,1
5956,0.611749187485027,1.0,0.9989007571882963,0.0005499237110998162,1
5957,0.6202241521884923,0.951229424500714,0.9988828677547531,0.0005588783512922523,0
5958,0.6117469334452756,1.0,0.9989142043404114,0.0005431927813719649,1
5959,0.6117468072931943,1.0,0.998914956946612,0.0005428160693812051,1
5960,0.6117524257406871,1.0,0.9988814388748781,0.0005595935907577967,1
5961,0.620218672264908,0.951229424500714,0.9989148137293722,0.0005428877557891056,0
5962,0.6288749387846392,0.9048374180359595,0.9989018314663687,0.0005493859812568332,0
5963,0.637688168699357,0.8607079764250578,0.9988804972564415,0.0005600649274169244,0
5964,0.6466252315475732,0.8187307530779818,0.9988861479844535,0.0005572364048637062,0
5965,0.6556626757586262,0.7788007830714049,0.9989005255600746,0.0005500396526720814,0
5966,0.6117516197209333,1.0,0.9988862472576661,0.0005571867129104218,1
5967,0.6202235117114385,0.951229424500714,0.9988866014294249,0.0005570094296126827,0
5968,0.6288785260574579,0.9048374180359595,0.9988813232410793,0.0005596514724047792,0
5969,0.6376874972983211,0.8607079764250578,0.9988842741900895,0.0005581743476539731,0
5970,0.6117545855801148,1.0,0.9988685543309596,0.0005660431184577744,1
5971,0.6202198391927094,0.951229424500714,0.9989080108398694,0.0005462929073466849,0
5972,0.6117526517601442,1.0,0.9988800905418587,0.0005602685126639699,1
5973,0.6202203563157733,0.951229424500714,0.9989049961662803,0.0005478018942130604,0
5974,0.6117483633259206,1.0,0.9989056739258827,0.0005474626430454977,1
5975,0.6117496658418962,1.0,0.9988979034414011,0.0005513521567943131,1
5976,0.6117518254803584,1.0,0.9988850197781525,0.0005578011373612424,1
5977,0.6117457600352283,1.0,0.9989212047783472,0.0005396887700285841,1
5978,0.611754013401828,1.0,0.9988719676420617,0.0005643345326506496,1
5979,0.6117448373729504,1.0,0.9989267093337281,0.000536933527578914,1
5980,0.6202166978386051,0.951229424500714,0.9989263242782195,0.0005371262622306293,0
5981,0.6117500688783729,1.0,0.9988954990449497,0.000552555682868825,1
5982,0.6117473972726182,1.0,0.9989114372167237,0.0005445778490326278,1
5983,0.6117506859592617,1.0,0.998891817739627,0.0005543983741762588,1
5984,0.6117518787179278,1.0,0.9988847021841952,0.0005579601116182673,1
5985,0.6202220541996661,0.951229424500714,0.9988950980995865,0.000552756377257788,0
5986,0.6288757431313442,0.9048374180359595,0.9988972330144599,0.0005516877402227356,0
5987,0.6117506266320945,1.0,0.9988921716654667,0.0005542212149630579,1
5988,0.6202235488165919,0.951229424500714,0.9988863851235974,0.0005571177030896319,0
5989,0.6117506271010197,1.0,0.9988921688680166,0.000554222615239381,1
5990,0.6202173642390478,0.951229424500714,0.9989224392628268,0.0005390708615734951,0
5991,0.6117516069924636,1.0,0.9988863231907662,0.0005571487040293219,1
5992,0.6117459253673312,1.0,0.9989202184203828,0.0005401824818682537,1
5993,0.6117500564737982,1.0,0.9988955730468452,0.0005525186410097095,1
5994,0.6117524927000175,1.0,0.9988810394245763,0.0005597935396036506,1
5995,0.611746752866068,1.0,0.9989152816517249,0.0005426535405002739,1
5996,0.6117500202465829,1.0,0.9988957891673697,0.000552410461282527,1
5997,0.6117458212201325,1.0,0.9989208397539833,0.0005398714793498287,1
5998,0.6117456675961747,1.0,0.9989217562629068,0.000539412730034279,1
5999,0.6202190315220205,0.951229424500714,0.9989127193456009,0.0005439360864065526,0
6000,0.6288765789080379,0.9048374180359595,0.9988924549076396,0.0005540794368308754,0
6001,0.6117541586082905,1.0,0.9988711014159409,0.0005647681350163512,1
6002,0.6117496896336792,1.0,0.9988977615064173,0.0005514232025905858,1
6003,0.6117488448661441,1.0,0.9989028011668156,0.0005489005982363068,1
6004,0.6202208731428241,0.951229424500714,0.9989019832313157,0.0005493100153657192,0
6005,0.611749188339004,1.0,0.9989007520936911,0.0005499262612056048,1
6006,0.6202256337753302,0.951229424500714,0.9988742308888433,0.0005632016325939095,0
6007,0.6288731214766997,0.9048374180359595,0.9989122211255932,0.0005441854676198419,0
6008,0.611750358587131,1.0,0.9988937707335163,0.0005534207948501458,1
6009,0.6202199512428958,0.951229424500714,0.9989073576195241,0.0005466198746708531,0
6010,0.6288763951533247,0.9048374180359595,0.9988935054244035,0.0005535535963330543,0
6011,0.6117531338343596,1.0,0.998877214707487,0.0005617080440645319,1
6012,0.6202227739084121,0.951229424500714,0.9988909024925895,0.0005548565055977508,0
6013,0.6288731169345496,0.9048374180359595,0.998912247093523,0.0005441724695160536,0
6014,0.6376833017779362,0.8607079764250578,0.9989078763016956,0.0005463602499754884,0
6015,0.6466190460483996,0.8187307530779818,0.9989204992577986,0.000540041911394672,0
6016,0.6117538158029613,1.0,0.9988731464157832,0.0005637444805398089,1
6017,0.6117452797438596,1.0,0.9989240701661148,0.0005382545309493106,1
6018,0.6202264469571988,0.951229424500714,0.9988694905148395,0.0005655744965168768,0
6019,0.6117496477544548,1.0,0.9988980113459313,0.0005512981450059526,1
6020,0.6117503150343837,1.0,0.9988940305552375,0.000553290740136117,1
6021,0.6202228498286092,0.951229424500714,0.9988904599104222,0.000555078042436367,0
6022,0.628873696838869,0.9048374180359595,0.9989089317294797,0.0005458319594035786,0
6023,0.6117483740706093,1.0,0.9989056098253871,0.0005474947284061256,1
6024,0.6202190049641046,0.951229424500714,0.9989128741717382,0.0005438585890824804,0
6025,0.6117538416360563,1.0,0.9988729923086395,0.0005638216210436793,1
6026,0.6202171301129076,0.951229424500714,0.9989238041809231,0.0005383876668077414,0
6027,0.6288763050407368,0.9048374180359595,0.9988940205942357,0.0005532957261513918,0
6028,0.6117476091832925,1.0,0.9989101729935523,0.0005452106498617092,1
6029,0.6202175528629381,0.951229424500714,0.9989213396175324,0.0005396212776300732,0
6030,0.6288793802011271,0.9048374180359595,0.9988764402366775,0.0005620957148904919,0
6031,0.6117474948847166,1.0,0.998910854879189,0.0005448693351858287,1
6032,0.6202248089820519,0.951229424500714,0.9988790389833182,0.0005607948816966236,0
6033,0.6288812487194341,0.9048374180359595,0.9988657583255756,0.0005674427066644047,0
6034,0.6376832324557075,0.8607079764250578,0.9989082662834305,0.0005461650459591638,0
6035,0.6117505541436976,1.0,0.998892604107011,0.0005540047544366192,1
6036,0.6202190928242637,0.951229424500714,0.9989123619686859,0.0005441149693919908,0
6037,0.6117457841642487,1.0,0.9989210608264704,0.0005397608237033432,1
6038,0.6117515392464659,1.0,0.9988867273371886,0.0005569464055638731,1
6039,0.620223948047132,0.951229424500714,0.998884057799016,0.0005582826640538263,0
6040,0.6288780085888879,0.9048374180359595,0.9988842815428755,0.0005581706671545608,0
6041,0.6376854369516444,0.8607079764250578,0.9988958646844008,0.0005523726610289098,0
6042,0.6117519603554373,1.0,0.9988842151678957,0.0005582038917148022,1
6043,0.6117487756169988,1.0,0.998903214290649,0.0005486938094739688,1
6044,0.6202234872982649,0.951229424500714,0.9988867437469359,0.0005569381915458989,0
6045,0.611750128397417,1.0,0.9988951439726655,0.0005527334153481503,1
6046,0.6202207710370637,0.951229424500714,0.9989025784739305,0.000549012066994699,0
6047,0.6117479985187446,1.0,0.9989078502904734,0.0005463732698060623,1
6048,0.6202231716774039,0.951229424500714,0.9988885836731797,0.0005560172039760747,0
6049,0.6288772956333059,0.9048374180359595,0.9988883574384356,0.0005561304472213088,0
6050,0.637683275417511,0.8607079764250578,0.9989080245958712,0.0005462860218268682,0
6051,0.6466214888122044,0.8187307530779818,0.9989069331549165,0.0005468323391674359,0
6052,0.6556618226055462,0.7788007830714049,0.9989052172145806,0.0005476912489181108,0
6053,0.6117492970323636,1.0,0.9989001036576219,0.0005502508361337584,1
6054,0.620221525008549,0.951229424500714,0.9988981830829199,0.0005512121817885185,0
6055,0.6288818316543886,0.9048374180359595,0.9988624258454394,0.0005691108415801562,0
6056,0.6376817173725966,0.8607079764250578,0.9989167896409602,0.000541898727692473,0
6057,0.6466222299902443,0.8187307530779818,0.998902817002405,0.0005488926717447602,0
6058,0.6117509077307096,1.0,0.998890494727746,0.0005550606144377066,1
6059,0.6202212309628611,0.951229424500714,0.9988998972635308,0.0005503541468210449,0
6060,0.6288789290412817,0.9048374180359595,0.9988790194421974,0.0005608046632218232,0
6061,0.6376826664153441,0.8607079764250578,0.998911450628719,0.0005445711357271763,0
6062,0.6466254205046074,0.8187307530779818,0.998885098631208,0.0005577616668262048,0
6063,0.6556597387888978,0.7788007830714049,0.9989166766352009,0.0005419552918462133,0
6064,0.6647773293386144,0.7408182206817179,0.9989072659697138,0.0005466657497031279,0
6065,0.673948647509649,0.7046880897187134,0.9988797288960565,0.0005604495383301448,0
6066,0.6831399972515843,0.6703200460356393,0.9988832764186705,0.0005586737908542868,0
6067,0.6117519995327259,1.0,0.9988839814521939,0.0005583208801132267,1
6068,0.6117494461906334,1.0,0.9988992138195391,0.0005506962452772287,1
6069,0.6202228511109936,0.951229424500714,0.9988904524346741,0.0005550817844624045,0
6070,0.6288744107801318,0.9048374180359595,0.9989048500849204,0.000547875014965865,0
6071,0.6117448536543545,1.0,0.9989266121993207,0.0005369821469677398,1
6072,0.6117474995703286,1.0,0.9989108269256198,0.0005448833272099355,1
6073,0.6202214031364457,0.951229424500714,0.9988988935529435,0.0005508565550675293,0
6074,0.6117478052734985,1.0,0.99890900315475,0.0005457962077622679,1
6075,0.6117495964759779,1.0,0.9988983172588336,0.0005511450198359848,1
6076,0.6202242629502644,0.951229424500714,0.9988822220686524,0.0005592015555088026,0
6077,0.6288696238384415,0.9048374180359595,0.9989322177470592,0.0005341763692748951,0
6078,0.6376839076583981,0.8607079764250578,0.9989044678461567,0.0005480663439181256,0
6079,0.6117514720902641,1.0,0.9988871279653577,0.0005567458682668299,1
6080,0.6117487587225897,1.0,0.9989033150786907,0.0005486433601235396,1
6081,0.6117529327922715,1.0,0.9988784140311625,0.0005611077085388965,1
6082,0.620219421254272,0.951229424500714,0.9989104473060748,0.000545073343979649,0
6083,0.6288734894140263,0.9048374180359595,0.9989101175938514,0.0005452383799339502,0
6084,0.6117472809188769,1.0,0.9989121313644456,0.0005442303970689742,1
6085,0.6202155938255969,0.951229424500714,0.9989327605571265,0.0005339046742037493,0
6086,0.6288785307276268,0.9048374180359595,0.9988812965423728,0.0005596648367084937,0
6087,0.6117500098941476,1.0,0.998895850926856,0.0005523795474048961,1
6088,0.6202246384112029,0.951229424500714,0.9988800333223523,0.000560297154494201,0
6089,0.6117530085973429,1.0,0.9988779618130788,0.0005613340715175182,1
6090,0.6202197536573452,0.951229424500714,0.9989085094868414,0.0005460433113667926,0
6091,0.6288795808439693,0.9048374180359595,0.9988752931979443,0.000562669879694883,0
6092,0.6117520067265109,1.0,0.99888393853702,0.0005583423616745126,1
6093,0.6202265803357281,0.951229424500714,0.9988687129991957,0.0005659636944821177,0
6094,0.611749099502598,1.0,0.998901282068853,0.0005496609820874596,1
6095,0.611750616120416,1.0,0.9988922343746088,0.0005541898256189835,1
6096,0.6202171820984221,0.951229424500714,0.9989235011134256,0.0005385393638351329,0
6097,0.6288723440909406,0.9048374180359595,0.9989166655316599,0.0005419608496375886,0
6098,0.6376864646757385,0.8607079764250578,0.998890083193805,0.0005552666100038114,0
6099,0.6117430368499274,1.0,0.9989374512917539,0.0005315568066598365,1
6100,0.6202278017345436,0.951229424500714,0.9988615930276328,0.0005695277248927063,0
6101,0.611743610463185,1.0,0.9989340290842703,0.0005332697334007189,1
6102,0.6202197967783822,0.951229424500714,0.998908258103352,0.0005461691404685408,0
6103,0.6288761584089316,0.9048374180359595,0.9988948588827993,0.0005528761179674928,0
6104,0.6117494293115373,1.0,0.9988993145156226,0.0005506458417545165,1
6105,0.620223288076303,0.951229424500714,0.9988879051199119,0.0005563568582224714,0
6106,0.6117443863165958,1.0,0.9989294003291277,0.0005355865860316634,1
6107,0.6117481949424215,1.0,0.998906678466328,0.0005469598228261446,1
6108,0.6117464828352781,1.0,0.9989168926224203,0.0005418471811292744,1
6109,0.6117478787561824,1.0,0.9989085647708393,0.0005460156391646374,1
6110,0.6117522477885933,1.0,0.998882500460995,0.0005590622035923951,1
6111,0.6117457061360939,1.0,0.9989215263365424,0.0005395278173218194,1
6112,0.6117485027197659,1.0,0.9989048423327441,0.0005478788953035516,1
6113,0.6117514264684831,1.0,0.9988874001275613,0.0005566096355740036,1
6114,0.6117501619120459,1.0,0.9988949440347968,0.0005528334948660027,1
6115,0.6117508583303162,1.0,0.9988907894332085,0.000554913098058014,1
6116,0.6117538817300013,1.0,0.998872753128567,0.0005639413460251611,1
6117,0.6117509651083777,1.0,0.9988901524328181,0.0005552319520309968,1
6118,0.6117503506049614,1.0,0.9988938183525724,0.0005533969589547089,1
6119,0.6202221285433539,0.951229424500714,0.9988946647051951,0.0005529733141945689,0
6120,0.6288775575914332,0.9048374180359595,0.9988868598474733,0.0005568800765837236,0
6121,0.6117529393243528,1.0,0.998878375063767,0.0005611272141142022,1
6122,0.6202243422841017,0.951229424500714,0.9988817595921633,0.0005594330525691899,0
6123,0.6117498635050741,1.0,0.9988967242402422,0.0005519424082358432,1
6124,0.611749156946511,1.0,0.9989009393731871,0.0005498325184198049,1
6125,0.6117482941045261,1.0,0.9989060868859408,0.000547255936855091,1
6126,0.6202184801978238,0.951229424500714,0.9989159334374933,0.0005423272938367058,0
6127,0.6288780515851315,0.9048374180359595,0.9988840357383831,0.0005582937066933302,0
6128,0.637682538215711,0.8607079764250578,0.9989121718368752,0.0005442101388162723,0
6129,0.6466241318015089,0.8187307530779818,0.9988922553367348,0.0005541793329326637,0
6130,0.6556649650400238,0.7788007830714049,0.998887936484065,0.0005563411586868011,0
6131,0.6117452669722536,1.0,0.9989241463608725,0.000538216392537703,1
6132,0.6117517822072587,1.0,0.9988852779281968,0.0005576719182790478,1
6133,0.6202221677002134,0.951229424500714,0.9988944364362485,0.0005530875749773531,0
6134,0.628877768633913,0.9048374180359595,0.9988856533388845,0.0005574840034977362,0
6135,0.6376885033209669,0.8607079764250578,0.9988786148658381,0.0005610071784580891,0
6136,0.6466142608708783,0.8187307530779818,0.9989470748156017,0.0005267399497684063,0
6137,0.6556593474484799,0.7788007830714049,0.998918828729587,0.000540878078842228,0
6138,0.6117539930529157,1.0,0.9988720890331633,0.0005642737685596647,1
6139,0.6202203283513992,0.951229424500714,0.9989051591899293,0.0005477202930415939,0
6140,0.6117524249763671,1.0,0.9988814434344815,0.0005595913084031684,1
6141,0.6202191280586747,0.951229424500714,0.9989121565608667,0.0005442177851384375,0
6142,0.6288687695653146,0.9048374180359595,0.9989371018612884,0.0005317317077640939,0
6143,0.6117501113485682,1.0,0.9988952456808272,0.0005526825050213437,1
6144,0.620219145373264,0.951229424500714,0.9989120556211567,0.0005442683099591268,0
6145,0.6117551570721309,1.0,0.9988651451312264,0.000567749652083414,1
6146,0.6202225068160264,0.951229424500714,0.9988924595287916,0.0005540771236929862,0
6147,0.6288817868390676,0.9048374180359595,0.9988626820418711,0.0005689825974935707,0
6148,0.6117536883834838,1.0,0.9988739065362867,0.000563363991677374,1
6149,0.6117492110264455,1.0,0.9989006167463145,0.0005499940093705623,1
6150,0.6117525195217112,1.0,0.9988808794180606,0.0005598736324887283,1
6151,0.611751575750122,1.0,0.9988865095704629,0.0005570554102905785,1
6152,0.6117512954675736,1.0,0.9988881816298087,0.0005562184493694014,1
6153,0.6117534502706489,1.0,0.9988753269999986,0.0005626529596379179,1
6154,0.6117487505415304,1.0,0.9989033638849573,0.0005486189301988949,1
6155,0.6117518494901363,1.0,0.998884876545442,0.0005578728336615976,1
6156,0.6117465388857144,1.0,0.9989165582320464,0.0005420145576309607,1
6157,0.6117478432113547,1.0,0.9989087768245797,0.0005459094964578185,1
6158,0.6202233536009751,0.951229424500714,0.9988875231408113,0.0005565480604443182,0
6159,0.6288744264372972,0.9048374180359595,0.9989047605722302,0.0005479198203815828,0
6160,0.6117499559731212,1.0,0.9988961726034234,0.00055221853136132,1
6161,0.6117515225198722,1.0,0.9988868271216154,0.0005568964577474685,1
6162,0.6117456637815383,1.0,0.9989217790207552,0.0005394013388276884,1
6163,0.6117485325712931,1.0,0.9989046642452081,0.0005479680367033765,1
6164,0.6117528647941826,1.0,0.9988788196766518,0.0005609046580968923,1
6165,0.6202191977445825,0.951229424500714,0.998911750309601,0.0005444211320221801,0
6166,0.6117545578581165,1.0,0.9988687197052426,0.0005659603376611205,1
6167,0.6117464343849175,1.0,0.9989171816717632,0.0005417024997733271,1
6168,0.6202247358404769,0.951229424500714,0.9988794653603572,0.0005605814539784312,0
6169,0.6117494564286584,1.0,0.9988991527422818,0.0005507268175603656,1
6170,0.6202210273626032,0.951229424500714,0.9989010841822683,0.0005497600342199519,0
6171,0.6117509031924219,1.0,0.9988905218015776,0.0005550470624861632,1
6172,0.6117494919136099,1.0,0.998898941048808,0.0005508327809579636,1
6173,0.6117496755775044,1.0,0.9988978453615385,0.0005513812287666193,1
6174,0.6202189372440894,0.951229424500714,0.9989132689629763,0.0005436609786751177,0
6175,0.628870436447636,0.9048374180359595,0.998927571867028,0.000536501797743552,0
6176,0.6376852114284501,0.8607079764250578,0.9988971333772031,0.0005517376138526119,0
6177,0.6117470861294211,1.0,0.9989132934486525,0.0005436487225179697,1
6178,0.6202202604281664,0.951229424500714,0.9989055551615178,0.0005475220902861312,0
6179,0.6288777037730734,0.9048374180359595,0.9988860241415576,0.0005572983953638052,0
6180,0.6117438925944149,1.0,0.998932345880655,0.0005341122339985338,1
6181,0.620223957602519,0.951229424500714,0.9988840020957391,0.0005583105468085853,0
6182,0.6117484287301637,1.0,0.9989052837383702,0.0005476579505699778,1
6183,0.6202179516150024,0.951229424500714,0.998919014966295,0.0005407848597110921,0
6184,0.6117532876597321,1.0,0.9988762970582518,0.0005621673846337898,1
6185,0.6202167126877206,0.951229424500714,0.9989262377098516,0.0005371695929396173,0
6186,0.6117533222684092,1.0,0.9988760905994685,0.0005622707301657299,1
6187,0.6117485763949828,1.0,0.9989044028029614,0.000548098901184381,1
6188,0.6117492030084979,1.0,0.9989006645793019,0.0005499700665550792,1
6189,0.6117510492593441,1.0,0.9988896504181548,0.0005554832383151699,1
6190,0.6202180081950976,0.951229424500714,0.9989186851153643,0.0005409499636786201,0
6191,0.6288791118219186,0.9048374180359595,0.9988779745147219,0.0005613277135620902,0
6192,0.6117490770952869,1.0,0.9989014157451782,0.0005495940704122622,1
6193,0.6117523442497642,1.0,0.998881925014677,0.0005593502487245868,1
6194,0.6202217255541681,0.951229424500714,0.998897013976489,0.0005517973801274832,0
6195,0.6117435896388443,1.0,0.9989341533230975,0.0005332075477028606,1
6196,0.6202260550138807,0.951229424500714,0.9988717753108151,0.000564430806883698,0
6197,0.6288707841848589,0.9048374180359595,0.9989255837795707,0.0005374969096473567,0
6198,0.6117545981127864,1.0,0.9988684795679061,0.0005660805423289279,1
6199,0.6117530907960148,1.0,0.998877471454071,0.0005615795264913858,1
6200,0.6117467722560508,1.0,0.9989151659736076,0.000542711442369516,1
6201,0.620223200755082,0.951229424500714,0.9988884141633235,0.0005561020532141633,0
6202,0.6117486275208824,1.0,0.9989040977975073,0.0005482515711995274,1
6203,0.6117544006207055,1.0,0.9988696576984339,0.0005654908101183833,1
6204,0.6117499198306712,1.0,0.9988963882184578,0.000552110604723423,1
6205,0.6202233299650274,0.951229424500714,0.9988876609276357,0.000556479090309173,0
6206,0.628872804685828,0.9048374180359595,0.9989140322531316,0.0005432789185466527,0
6207,0.637685765954979,0.8607079764250578,0.9988940138622571,0.0005532990958675477,0
6208,0.6117495432493628,1.0,0.9988986347939266,0.0005509860772103736,1
6209,0.6202193106858673,0.951229424500714,0.9989110918908971,0.0005447507001350105,0
6210,0.6288813844161039,0.9048374180359595,0.9988649825833801,0.000567831018352059,0
6211,0.6376865609643606,0.8607079764250578,0.9988895415216833,0.0005555377470776908,0
6212,0.6117524713651212,1.0,0.9988811666992813,0.0005597298309677767,1
6213,0.6202237573369194,0.951229424500714,0.9988851695480838,0.0005577261688127395,0
6214,0.628871606124844,0.9048374180359595,0.9989208845956715,0.0005398490342843907,0
6215,0.6117453194934882,1.0,0.9989238330218907,0.0005383732307881761,1
6216,0.6117504153292543,1.0,0.99889343222836,0.0005535902348964846,1
6217,0.6117525540366962,1.0,0.9988806735167839,0.0005599766984809442,1
6218,0.61174710631767,1.0,0.9989131730085418,0.0005437090080897447,1
6219,0.6117521393815453,1.0,0.9988831471719275,0.0005587384864770863,1
6220,0.6117525331859532,1.0,0.9988807979031725,0.0005599144355980256,1
6221,0.6117489674650939,1.0,0.99890206977144,0.0005492666977419395,1
6222,0.6117539034726527,1.0,0.9988726234230101,0.0005640062719954285,1
6223,0.6117511844749368,1.0,0.9988888437709281,0.000555887010419532,1
6224,0.6117479819371847,1.0,0.9989079492128183,0.0005463237545579242,1
6225,0.6117526391464828,1.0,0.9988801657893618,0.0005602308467314071,1
6226,0.6202231581242101,0.951229424500714,0.998888662682251,0.0005559776554871865,0
6227,0.6117539522356894,1.0,0.9988723325277209,0.0005641518838205518,1
6228,0.6202276041352975,0.951229424500714,0.9988627448995724,0.0005689511328586257,0
6229,0.6117535321935731,1.0,0.998874838287904,0.0005628975908751215,1
6230,0.6202238829963704,0.951229424500714,0.9988844370135568,0.0005580928449923548,0
6231,0.6288787086247587,0.9048374180359595,0.998880279529947,0.0005601739126853337,0
6232,0.637679860953243,0.8607079764250578,0.9989272333714033,0.0005366712272855544,0
6233,0.6117491192808007,1.0,0.998901164077144,0.0005497200428365292,1
6234,0.6117464185654948,1.0,0.9989172760486674,0.0005416552601715302,1
6235,0.6117479889296988,1.0,0.9989079074968442,0.0005463446353483476,1
6236,0.620224155086535,0.951229424500714,0.9988828508605967,0.0005588868078176114,0
6237,0.6117459549361911,1.0,0.9989200420151082,0.0005402707798558603,1
6238,0.6202208690123447,0.951229424500714,0.9989020073106266,0.0005492979624761203,0
6239,0.6288733348859517,0.9048374180359595,0.9989110010444213,0.000544796172890664,0
6240,0.637682571323616,0.8607079764250578,0.9989119855828361,0.0005443033672610309,0
6241,0.646621656387422,0.8187307530779818,0.9989060025195431,0.0005472981662510764,0
6242,0.6556693262746242,0.7788007830714049,0.9988639539622481,0.0005683459135979045,0
6243,0.611745969867735,1.0,0.9989199529348193,0.0005403153681558161,1
6244,0.6202263302058265,0.951229424500714,0.998870171104986,0.0005652338164174827,0
6245,0.6117476168473633,1.0,0.9989101272710494,0.0005452335360556972,1
6246,0.6202194878128114,0.951229424500714,0.9989100592875182,0.0005452675649095869,0
6247,0.6288752407305039,0.9048374180359595,0.9989001052378209,0.0005502500451642794,0
6248,0.6376841772223899,0.8607079764250578,0.9989029513853735,0.0005488254064626753,0
6249,0.6117492156558619,1.0,0.9989005891284237,0.0005500078335141309,1
6250,0.6202216485103477,0.951229424500714,0.9988974631131001,0.0005515725639032175,0
6251,0.6117496632128986,1.0,0.9988979191252514,0.0005513443062171282,1
6252,0.6117476491555534,1.0,0.9989099345260869,0.0005453300136945953,1
6253,0.6202236144783517,0.951229424500714,0.9988860023461684,0.0005573093052117872,0
6254,0.6117505059462892,1.0,0.9988928916367936,0.000553860830184848,1
6255,0.6202201910264892,0.951229424500714,0.9989059597522143,0.0005473195733352174,0
6256,0.6288759890398776,0.9048374180359595,0.9988958271605535,0.0005523914436915807,0
6257,0.6376862704364641,0.8607079764250578,0.9988911758889614,0.0005547196556505832,0
6258,0.6466215198618288,0.8187307530779818,0.9989067607195605,0.0005469186511977003,0
6259,0.6117539063803128,1.0,0.9988726060773965,0.0005640149545908762,1
6260,0.6202223116485541,0.951229424500714,0.9988935972752065,0.0005535076200611453,0
6261,0.6117464938906739,1.0,0.9989168266672032,0.000541880194495968,1
6262,0.6202205449248671,0.951229424500714,0.9989038966346128,0.0005483522630053172,0
6263,0.6288766329798219,0.9048374180359595,0.9988921457821641,0.0005542341709675153,0
6264,0.61174881646417,1.0,0.9989029706061671,0.0005488157855113441,1
6265,0.6117509791071876,1.0,0.9988900689208834,0.0005552737543943446,1
6266,0.6202252014738184,0.951229424500714,0.9988767509665069,0.0005619401752419128,0
6267,0.6288737762904444,0.9048374180359595,0.998908477498991,0.0005460593227685135,0
6268,0.637681914938139,0.8607079764250578,0.9989156781971068,0.0005424550525451888,0
6269,0.6466260382334501,0.8187307530779818,0.9988816681477328,0.0005594788259721698,0
6270,0.6556619886651234,0.7788007830714049,0.9989043040186941,0.0005481483474936767,0
6271,0.6117513839792633,1.0,0.9988876536021957,0.000556482757107942,1
6272,0.6117485229322525,1.0,0.9989047217495638,0.0005479392529985193,1
6273,0.611744407419747,1.0,0.9989292744278042,0.00053564960416454,1
6274,0.6202204567665499,0.951229424500714,0.9989044105696467,0.0005480950135825076,0
6275,0.6288732137026929,0.9048374180359595,0.9989116938604926,0.0005444493873260118,0
6276,0.6117531508147737,1.0,0.9988771134103258,0.0005617587495791376,1
6277,0.6202217643180922,0.951229424500714,0.9988967879974423,0.0005519104944270699,0
6278,0.611746770086117,1.0,0.9989151789191492,0.0005427049625693024,1
6279,0.6202210415856123,0.951229424500714,0.9989010012670033,0.0005498015374627691,0
6280,0.6117446988041887,1.0,0.9989275360317122,0.0005365197346377669,1
6281,0.6117489005937808,1.0,0.9989024687092531,0.0005490670096316249,1
6282,0.6202236453010623,0.951229424500714,0.9988858226642165,0.0005573992463900733,0
6283,0.6288732309412864,0.9048374180359595,0.9989115953057943,0.0005444987183648908,0
6284,0.6376881049976507,0.8607079764250578,0.9988808556064794,0.0005598855516184028,0
6285,0.6466217962238989,0.8187307530779818,0.9989052259331396,0.0005476868848609121,0
6286,0.6556636117553802,0.7788007830714049,0.9988953783616946,0.0005526160912210876,0
6287,0.6117513466969594,1.0,0.9988878760144158,0.0005563714271728203,1
6288,0.6202244515344393,0.951229424500714,0.9988811227179786,0.0005597518462510572,0
6289,0.6288791993738438,0.9048374180359595,0.9988774739949842,0.0005615782546070903,0
6290,0.611748771925594,1.0,0.9989032363126944,0.0005486827863613683,1
6291,0.6117506291857223,1.0,0.9988921564313814,0.000554228840453479,1
6292,0.611749167106681,1.0,0.9989008787602343,0.000549862858242518,1
6293,0.6117453583818541,1.0,0.9989236010159973,0.0005384893587213498,1
6294,0.6117508832896892,1.0,0.998890640534306,0.000554987630186649,1
6295,0.6117481037069195,1.0,0.9989072227587251,0.0005466873788327767,1
6296,0.6117470498529406,1.0,0.9989135098688308,0.0005435403947200698,1
6297,0.6117494010080473,1.0,0.9988994833665585,0.0005505613232653908,1
6298,0.61174777660605,1.0,0.998909174179449,0.0005457106020244458,1
6299,0.6117524325540439,1.0,0.9988813982293381,0.0005596139362859894,1
6300,0.6117470991047284,1.0,0.9989132160398839,0.0005436874690098501,1
6301,0.6117513990112998,1.0,0.9988875639267332,0.0005565276447718395,1
6302,0.6117471558612576,1.0,0.9989128774389103,0.0005438569537186176,1
6303,0.6117488921360319,1.0,0.9989025191661209,0.000549041753478945,1
6304,0.6202236945018066,0.951229424500714,0.9988855358470397,0.0005575428149599482,0
6305,0.6117492835214018,1.0,0.998900184260441,0.0005502104903496668,1
6306,0.6117510864265611,1.0,0.99888942869191,0.0005555942246835295,1
6307,0.6202232876421634,0.951229424500714,0.9988879076507494,0.0005563555913948961,0
6308,0.6117473088379157,1.0,0.9989119648038806,0.0005443137680551282,1
6309,0.6117510167819165,1.0,0.9988898441668645,0.0005553862562857391,1
6310,0.6117516157460127,1.0,0.9988862709704956,0.0005571748432759276,1
6311,0.6117467703207765,1.0,0.9989151775192014,0.0005427056633033195,1
6312,0.6117560994965932,1.0,0.9988595231953609,0.0005705638216006502,1
6313,0.6117482279519075,1.0,0.9989064815385764,0.0005470583944820935,1
6314,0.6117505858717796,1.0,0.9988924148278455,0.0005540994989480153,1
6315,0.6117483389006781,1.0,0.9989058196416344,0.0005473897053573177,1
6316,0.6117489876699658,1.0,0.9989019492341887,0.0005493270326147025,1
6317,0.6117476838561052,1.0,0.9989097275087773,0.0005454336353145291,1
6318,0.620219188054589,0.951229424500714,0.9989118067998048,0.000544392856149864,0
6319,0.6117502653478623,1.0,0.9988943269692122,0.0005531423690768612,1
6320,0.620219504069674,0.951229424500714,0.9989099645143726,0.000545315003189559,0
6321,0.6117492797504266,1.0,0.9989002067570822,0.0005501992296444816,1
6322,0.6202186237992564,0.951229424500714,0.9989150962731069,0.0005427463304688886,0
6323,0.6117531469064044,1.0,0.9988771367258167,0.0005617470787287968,1
6324,0.6117460875534693,1.0,0.9989192508324087,0.0005406667990463488,1
6325,0.6117532684574856,1.0,0.9988764116096807,0.0005621100444893315,1
6326,0.6117490264744166,1.0,0.9989017177365268,0.000549442908696894,1
6327,0.6117425159920793,1.0,0.9989405587728504,0.0005300014158498008,1
6328,0.6117470215190545,1.0,0.9989136789047007,0.0005434557848644663,1
6329,0.6117520353204824,1.0,0.9988837679571281,0.0005584277469229483,1
6330,0.6117486200388237,1.0,0.9989041424337548,0.0005482292285909708,1
6331,0.6117498762642133,1.0,0.9988966481229921,0.0005519805088979326,1
6332,0.611749228681467,1.0,0.9989005114210665,0.0005500467299574431,1
6333,0.6202209618020662,0.951229424500714,0.9989014663778398,0.0005495687262394011,0
6334,0.6288715119617755,0.9048374180359595,0.9989214229419431,0.0005395795704385511,0
6335,0.6376866208636687,0.8607079764250578,0.9988892045580199,0.0005557064162379133,0
6336,0.6466212782743954,0.8187307530779818,0.9989081023861907,0.000546247084149662,0
6337,0.6117485991671315,1.0,0.9989042669494999,0.000548166902421734,1
6338,0.6202288200418868,0.951229424500714,0.9988556570043601,0.0005724991280142642,0
6339,0.6288790104630304,0.9048374180359595,0.9988785539669848,0.000561037662069531,0
6340,0.637688329838458,0.8607079764250578,0.99887959077906,0.0005605186742842112,0
6341,0.6117550482969876,1.0,0.9988657940211699,0.0005674248386008344,1
6342,0.6202230886165088,0.951229424500714,0.9988890678812696,0.0005557748306120784,0
6343,0.6288772688561883,0.9048374180359595,0.9988885105209702,0.0005560538207786739,0
6344,0.6376846430610695,0.8607079764250578,0.9989003307675463,0.0005501371561483271,0
6345,0.611751380099425,1.0,0.9988876767478501,0.0005564711713935353,1
6346,0.6202208383907648,0.951229424500714,0.9989021858242034,0.0005492086075847143,0
6347,0.6288715325897823,0.9048374180359595,0.9989213050080871,0.0005396386010390732,0
6348,0.6117507295415863,1.0,0.9988915577423206,0.0005545285170683887,1
6349,0.6202223393692131,0.951229424500714,0.9988934356750075,0.0005535885096636507,0
6350,0.6288711447113534,0.9048374180359595,0.9989235225787997,0.0005385286195820891,0
6351,0.6117512290515403,1.0,0.9988885778432792,0.0005560201221696457,1
6352,0.6117456546085561,1.0,0.9989218337461153,0.0005393739466135261,1
6353,0.6202191274485137,0.951229424500714,0.9989121601179528,0.0005442160046585463,0
6354,0.6117514845631316,1.0,0.9988870535569913,0.0005567831139010691,1
6355,0.6202190455666609,0.951229424500714,0.9989126374688054,0.0005439770693659122,0
6356,0.6117466252169771,1.0,0.9989160431901181,0.0005422723579731681,1
6357,0.6117486352009098,1.0,0.9989040519802284,0.000548274504972745,1
6358,0.6202212019549636,0.951229424500714,0.9989000663693686,0.0005502695007900025,0
6359,0.6117510746144403,1.0,0.9988894991587646,0.000555558952084769,1
6360,0.611752774840852,1.0,0.9988793562974468,0.0005606360466095562,1
6361,0.6202152370655035,0.951229424500714,0.9989348404433219,0.0005328636211358135,0
6362,0.6288726944417151,0.9048374180359595,0.9989146625316441,0.0005429634367868632,0
6363,0.6117506660941723,1.0,0.9988919362480191,0.0005543390542464349,1
6364,0.6117471886245778,1.0,0.9989126819779153,0.0005439547905863937,1
6365,0.6202258350769932,0.951229424500714,0.9988730574150666,0.0005637890311020494,0
6366,0.6288799157547921,0.9048374180359595,0.9988733785774997,0.0005636282687413709,0
6367,0.6117478136570519,1.0,0.9989089531400281,0.0005458212424365417,1
6368,0.61175165238501,1.0,0.9988860523965266,0.0005572842521242628,1
6369,0.611748465999662,1.0,0.9989050613967375,0.0005477692432325538,1
6370,0.6202242102542632,0.951229424500714,0.9988825292600837,0.0005590477879387771,0
6371,0.6288730929109374,0.9048374180359595,0.9989123844389511,0.0005441037220264128,0
6372,0.6117524903264473,1.0,0.9988810535842615,0.000559786451830178,1
6373,0.6117492198581415,1.0,0.998900564058721,0.0005500203821618059,1
6374,0.6202182388714186,0.951229424500714,0.9989173403189688,0.0005416230901906717,0
6375,0.6288773790211615,0.9048374180359595,0.9988878807172638,0.0005563690731308229,0
6376,0.6376832545027716,0.8607079764250578,0.9989081422546167,0.0005462271281471459,0
6377,0.6466244579016935,0.8187307530779818,0.9988904443605237,0.0005550858260219392,0
6378,0.6556638329948679,0.7788007830714049,0.9988941617342922,0.0005532250779927065,0
6379,0.6647779671404597,0.7408182206817179,0.9989037827204281,0.0005484092826002727,0
6380,0.6739468256829597,0.7046880897187134,0.9988896372175041,0.0005554898459773644,0
6381,0.6831363818626518,0.6703200460356393,0.9989029101408496,0.0005488460513735476,0
6382,0.6923289459967884,0.6376281516217733,0.9989112824048731,0.0005446553393169474,0
6383,0.7015080258554056,0.6065306597126334,0.9988820545486448,0.000559285409249515,0
6384,0.6117465249258834,1.0,0.9989166415147563,0.0005419728711128083,1
6385,0.6117496014027438,1.0,0.998898287867135,0.0005511597318935387,1
6386,0.6117520010026116,1.0,0.9988839726834577,0.0005583252693798699,1
6387,0.6117499262532643,1.0,0.9988963499031855,0.0005521297835258925,1
6388,0.6117533262036864,1.0,0.9988760671234941,0.0005622824813603421,1
6389,0.6117486410162096,1.0,0.9989040172874878,0.0005482918703748723,1
6390,0.6117521365664979,1.0,0.9988831639653273,0.0005587300803888974,1
6391,0.6117482026741213,1.0,0.9989066323406046,0.0005469829109310516,1
6392,0.6117498946558423,1.0,0.9988965384039898,0.0005520354289982536,1
6393,0.6117483741168198,1.0,0.9989056095497055,0.000547494866397978,1
6394,0.6202231047571437,0.951229424500714,0.9988889737885179,0.0005558219293135923,0
6395,0.6288742423524716,0.9048374180359595,0.9989058129938094,0.0005473930329107736,0
6396,0.6117504651192535,1.0,0.9988931351974695,0.0005537389148883171,1
6397,0.6117501326906755,1.0,0.9988951183604158,0.0005527462356377844,1
6398,0.6202189144145854,0.951229424500714,0.9989134020534888,0.0005435943610278562,0
6399,0.6288779170898862,0.9048374180359595,0.9988848046322305,0.0005579088304094211,0
6400,0.611747020155582,1.0,0.9989136870389816,0.0005434517133009998,1
6401,0.6202203624494436,0.951229424500714,0.998904960408886,0.0005478197925092142,0
6402,0.6288756092653562,0.9048374180359595,0.998897998324621,0.0005513046628436866,0
6403,0.6117479840210297,1.0,0.9989079367810059,0.000546329977259708,1
6404,0.6117493279971475,1.0,0.9988999189299587,0.0005503433016764382,1
6405,0.6117476188804124,1.0,0.9989101151422358,0.0005452396070791855,1
6406,0.6202175904012979,0.951229424500714,0.9989211207754666,0.0005397308168305141,0
6407,0.6117467536160773,1.0,0.9989152771772667,0.0005426557801587951,1
6408,0.6202184057647143,0.951229424500714,0.9989163673663464,0.0005421100939981847,0
6409,0.6117496775034633,1.0,0.9988978338718174,0.000551386979965872,1
6410,0.6117483481083129,1.0,0.9989057647108589,0.0005474172008308421,1
6411,0.6117511297856478,1.0,0.9988891700272905,0.0005557237008024853,1
6412,0.611749687663923,1.0,0.9988977732574187,0.0005514173206065625,1
6413,0.6117491508757056,1.0,0.9989009755900485,0.0005498143900653082,1
6414,0.6117509468815462,1.0,0.9988902611676463,0.0005551775242132263,1
6415,0.6117484327656691,1.0,0.9989052596634282,0.0005476700012331187,1
6416,0.6117494577987064,1.0,0.9988991445689511,0.0005507309087294495,1
6417,0.6117496207053665,1.0,0.9988981727131306,0.0005512173724022976,1
6418,0.6117483097905348,1.0,0.9989059933065405,0.0005473027777973858,1
6419,0.6117517054591953,1.0,0.9988857357767624,0.000557442738577005,1
6420,0.611752597827167,1.0,0.9988804122821145,0.0005601074621999745,1
6421,0.6117508991529809,1.0,0.9988905458994654,0.0005550350001595587,1
6422,0.611748371999487,1.0,0.9989056221812562,0.0005474885437031582,1
6423,0.6117501312892919,1.0,0.9988951267206357,0.0005527420509041643,1
6424,0.6202178593308642,0.951229424500714,0.9989195529651719,0.0005405155692461306,0
6425,0.6117504183046343,1.0,0.99889341447821,0.0005535991198033265,1
6426,0.6117543850529472,1.0,0.998869750567316,0.0005654443231333295,1
6427,0.6202184879708074,0.951229424500714,0.9989158881227038,0.0005423499758206973,0
6428,0.6288782251317938,0.9048374180359595,0.9988830435932633,0.0005587903337176217,0
6429,0.6117468069797952,1.0,0.9989149588163097,0.000542815133516908,1
6430,0.620220182639432,0.951229424500714,0.9989060086462255,0.0005472950995549093,0
6431,0.6288774087323467,0.9048374180359595,0.9988877108610575,0.0005564540957965077,0
6432,0.6376874874196018,0.8607079764250578,0.9988843297624785,0.0005581465304238428,0
6433,0.64661942926031,0.8187307530779818,0.9989183710419206,0.0005411071704151185,0
6434,0.6556642286378096,0.7788007830714049,0.9988919860418067,0.0005543141297352639,0
6435,0.6647745288463073,0.7408182206817179,0.9989225605548196,0.0005390101501604925,0
6436,0.6739444352546258,0.7046880897187134,0.9989026381353462,0.0005489822035149273,0
6437,0.683137574125239,0.6703200460356393,0.9988964353997638,0.0005520869880072905,0
6438,0.611754194206575,1.0,0.9988708890552905,0.0005648744353551243,1
6439,0.620224541299837,0.951229424500714,0.9988805994315664,0.0005600137826003222,0
6440,0.6288743055783242,0.9048374180359595,0.9989054515284754,0.0005475739635824611,0
6441,0.6376871233305084,0.8607079764250578,0.9988863779356922,0.0005571213010489699,0
6442,0.646618653312479,0.8187307530779818,0.9989226803722442,0.0005389501768341774,0
6443,0.6556629073286504,0.7788007830714049,0.9988992521159681,0.0005506770759618017,0
6444,0.664776211364831,0.7408182206817179,0.9989133716311485,0.0005436095887446352,0
6445,0.6739465811417931,0.7046880897187134,0.998890967205089,0.0005548241134230304,0
6446,0.6117462456103568,1.0,0.9989183078805238,0.0005411387853101143,1
6447,0.6202228903972252,0.951229424500714,0.9988902234129161,0.000555196422550918,0
6448,0.628873260165204,0.9048374180359595,0.9989114282298766,0.0005445823473529253,0
6449,0.6376834128795663,0.8607079764250578,0.9989072512845992,0.0005466731002927066,0
6450,0.6117526871894117,1.0,0.9988798791866239,0.0005603743087746092,1
6451,0.6202216764307475,0.951229424500714,0.9988973003475949,0.0005516540364889906,0
6452,0.6288745477565789,0.9048374180359595,0.9989040669850304,0.0005482669943404654,0
6453,0.6117482009818511,1.0,0.9989066424363384,0.0005469778575389676,1
6454,0.6202158371722245,0.951229424500714,0.9989313418669834,0.0005346147776294269,0
6455,0.628873486079312,0.9048374180359595,0.9989101366586947,0.0005452288371118428,0
6456,0.6376874026104232,0.8607079764250578,0.998884806853704,0.0005579077184326464,0
6457,0.6117484466587411,1.0,0.9989051767804105,0.0005477114881611712,1
6458,0.6117521830519607,1.0,0.9988828866524894,0.0005588688918567934,1
6459,0.6202205514309557,0.951229424500714,0.9989038587061948,0.0005483712480242312,0
6460,0.6288741590259674,0.9048374180359595,0.9989062893758347,0.0005471545810439801,0
6461,0.6376858349015907,0.8607079764250578,0.9988936260007433,0.0005534932413843939,0
6462,0.6117540950702639,1.0,0.9988714804505736,0.0005645784035483831,1
6463,0.6202184539090749,0.951229424500714,0.9989160866951552,0.0005422505818507366,0
6464,0.6288741935980401,0.9048374180359595,0.9989060917254314,0.000547253514459952,0
6465,0.6376867331673135,0.8607079764250578,0.9988885727940611,0.0005560226495877647,0
6466,0.6466220748794038,0.8187307530779818,0.9989036784129771,0.0005484614935630356,0
6467,0.6556713531021252,0.7788007830714049,0.9988528086234002,0.0005739249521567126,0
6468,0.6117469460943872,1.0,0.998914128877575,0.0005432305538047517,1
6469,0.620220297992975,0.951229424500714,0.9989053361701916,0.0005476317059294834,0
6470,0.611748864748495,1.0,0.9989026825535142,0.0005489599700332033,1
6471,0.6202163934619991,0.951229424500714,0.9989280987556932,0.0005362380706520575,0
6472,0.6288840734707208,0.9048374180359595,0.9988496101333801,0.0005755260364773867,0
6473,0.6376857366072791,0.8607079764250578,0.9988941789588013,0.0005532164562039408,0
6474,0.6117532739570598,1.0,0.9988763788018459,0.000562126466858978,1
6475,0.6202213179361388,0.951229424500714,0.998899390240164,0.0005506079377648813,0
6476,0.6117460064241266,1.0,0.9989197348426254,0.0005404245321669159,1
6477,0.6117503040885366,1.0,0.9988940958546665,0.0005532580542730888,1
6478,0.6202221753761524,0.951229424500714,0.9988943916885802,0.0005531099735751018,0
6479,0.6288783600321466,0.9048374180359595,0.9988822723853079,0.0005591763690287771,0
6480,0.6117473986716652,1.0,0.9989114288702384,0.0005445820268230693,1
6481,0.611749881515212,1.0,0.9988966167970897,0.0005519961891501733,1
6482,0.6117462875665987,1.0,0.9989180575739255,0.0005412640741488702,1
6483,0.6117516569840789,1.0,0.9988860249602802,0.0005572979855459531,1
6484,0.6117547292550305,1.0,0.998867697245632,0.0005664721467276172,1
6485,0.6117456095321263,1.0,0.9989221026689598,0.0005392393400811754,1
6486,0.6117529691601525,1.0,0.9988781970771244,0.0005612163073726184,1
6487,0.611748062462438,1.0,0.9989074688150353,0.0005465642161034389,1
6488,0.6117411950379835,1.0,0.9989484397594313,0.0005260567589710723,1
6489,0.6117498058556625,1.0,0.9988970681596865,0.0005517702586148382,1
6490,0.6117462832320844,1.0,0.998918083433185,0.000541251130515055,1
6491,0.6117493596451488,1.0,0.9988997301264568,0.0005504378074002404,1
6492,0.6202293998293339,0.951229424500714,0.9988522772694218,0.0005741909343490563,0
6493,0.6117479282262128,1.0,0.9989082696420792,0.0005461633647994101,1
6494,0.6202232480236193,0.951229424500714,0.9988881386089831,0.0005562399837249989,0
6495,0.6117450069784596,1.0,0.9989256974726318,0.0005374400019775656,1
6496,0.6117506805915134,1.0,0.9988918497617926,0.000554382345330831,1
6497,0.6202222852467069,0.951229424500714,0.9988937511873022,0.0005534305787805941,0
6498,0.6117542049291953,1.0,0.9988708250897873,0.000564906454260646,1
6499,0.6117546981975875,1.0,0.9988678825171184,0.0005663794059823604,1
6500,0.6202232600877371,0.951229424500714,0.9988880682806118,0.0005562751870531137,0
6501,0.6117494577089665,1.0,0.9988991451043142,0.0005507306407529183,1
6502,0.6202248542881429,0.951229424500714,0.9988787748726887,0.0005609270852238033,0
6503,0.6117509552166804,1.0,0.9988902114431824,0.0005552024140670648,1
6504,0.6202210206881625,0.951229424500714,0.9989011230919721,0.0005497405579656785,0
6505,0.6117521437751793,1.0,0.9988831209613398,0.0005587516064241994,1
6506,0.6202198580037873,0.951229424500714,0.9989079011766553,0.0005463477988976613,0
6507,0.628877853803402,0.9048374180359595,0.9988851664340584,0.0005577277275631971,0
6508,0.6117485865632575,1.0,0.9989043421413436,0.0005481292652610184,1
6509,0.6202239034285228,0.951229424500714,0.998884317903948,0.0005581524663115997,0
6510,0.6288723082647615,0.9048374180359595,0.9989168703547973,0.0005418583270131558,0
6511,0.6117481086366966,1.0,0.9989071933486688,0.0005467020999480519,1
6512,0.6117498990792671,1.0,0.9988965120151518,0.0005520486379930268,1
6513,0.6117503464146473,1.0,0.9988938433506398,0.0005533844460796191,1
6514,0.6202212540437382,0.951229424500714,0.9988997627101667,0.0005504214976004331,0
6515,0.628874849344871,0.9048374180359595,0.9989023427954962,0.0005491300356871226,0
6516,0.6376856455317748,0.8607079764250578,0.9988946913075617,0.0005529599982929236,0
6517,0.6466233915711013,0.8187307530779818,0.9988963661732104,0.0005521216395253879,0
6518,0.6556677257787004,0.7788007830714049,0.9988727550453266,0.000563940386563847,0
6519,0.6647755606280972,0.7408182206817179,0.9989169255601975,0.0005418306943840503,0
6520,0.6739460079378716,0.7046880897187134,0.9988940847001978,0.0005532636376822084,0
6521,0.6831345222266814,0.6703200460356393,0.9989130092263019,0.0005437909883147177,0
6522,0.6923327802432822,0.6376281516217733,0.9988904388252173,0.0005550885967493934,0
6523,0.6117537897778844,1.0,0.9988733016682293,0.0005636667667507059,1
6524,0.6202229998153855,0.951229424500714,0.9988895855527073,0.0005555157070916501,0
6525,0.6288742679234903,0.9048374180359595,0.9989056668030063,0.0005474662083853218,0
6526,0.6376832275809889,0.8607079764250578,0.9989082937068382,0.0005461513192696241,0
6527,0.6117507989734982,1.0,0.9988911435353877,0.0005547358503948444,1
6528,0.6117496602611823,1.0,0.9988979367343507,0.0005513354919535326,1
6529,0.6117506112060814,1.0,0.9988922636918802,0.0005541751507271534,1
6530,0.6117524182577251,1.0,0.998881483514997,0.0005595712457045755,1
6531,0.6117443966923582,1.0,0.9989293384273635,0.0005356175700861826,1
6532,0.6117475298600341,1.0,0.9989106462223881,0.0005449737773498478,1
6533,0.6117529059846663,1.0,0.9988785739530414,0.0005610276578221117,1
6534,0.6117485162077236,1.0,0.9989047618665988,0.0005479191724877,1
6535,0.6117522688079254,1.0,0.9988823750685574,0.0005591249699565282,1
6536,0.6117480048228678,1.0,0.9989078126813102,0.0005463920949478216,1
6537,0.6202251177966109,0.951229424500714,0.9988772387591893,0.0005616960046959273,0
6538,0.62887909960571,0.9048374180359595,0.9988780443527732,0.0005612927553136498,0
6539,0.6117529616341559,1.0,0.99887824197375,0.000561193833849543,1
6540,0.6117541480464528,1.0,0.9988711644223255,0.0005647365962209442,1
6541,0.6117427571685017,1.0,0.9989391198925217,0.0005307216195457315,1
6542,0.6117546864622768,1.0,0.9988679525234894,0.0005663443631254673,1
6543,0.611744766661475,1.0,0.9989271311966046,0.0005367223695512932,1
6544,0.6117530406612364,1.0,0.9988777705347756,0.0005614298181095745,1
6545,0.6117590353240747,1.0,0.9988420101233918,0.0005793304324669241,1
6546,0.61174334913399,1.0,0.998935588186096,0.0005324893512315629,1
6547,0.620221872588924,0.951229424500714,0.9988961568197436,0.0005522264319221946,0
6548,0.6288724088666444,0.9048374180359595,0.998916295200298,0.0005421462161668135,0
6549,0.611748416457689,1.0,0.9989053569532724,0.0005476213030015015,1
6550,0.6202209959853213,0.951229424500714,0.9989012671010948,0.0005496684741983313,0
6551,0.6117462922176797,1.0,0.9989180298260629,0.0005412779631074249,1
6552,0.620220801926558,0.951229424500714,0.998902398398402,0.0005491022036849875,0
6553,0.6288747275689459,0.9048374180359595,0.9989030389917163,0.0005487815551862476,0
6554,0.637681898207189,0.8607079764250578,0.9989157723202978,0.0005424079398665805,0
6555,0.6117475165265265,1.0,0.9989107257678211,0.000544933961261068,1
6556,0.6202173421055797,0.951229424500714,0.9989225682973061,0.0005390062747417509,0
6557,0.6117474450870466,1.0,0.9989111519637367,0.0005447206309735903,1
6558,0.6117505393578325,1.0,0.9988926923145741,0.0005539606017625133,1
6559,0.6202241623329743,0.951229424500714,0.9988828086174384,0.0005589079530195435,0
6560,0.6288789005556237,0.9048374180359595,0.9988791822902517,0.0005607231478240987,0
6561,0.6117461462045576,1.0,0.9989189009256142,0.0005408419417595912,1
6562,0.6202222010189317,0.951229424500714,0.9988942422014068,0.000553184799896036,0
6563,0.6288745737189377,0.9048374180359595,0.9989039185572682,0.0005483412896497634,0
6564,0.6376868063775785,0.8607079764250578,0.9988881609501209,0.0005562288007222745,0
6565,0.6466252325965247,0.8187307530779818,0.998886142159207,0.0005572393207348357,0
6566,0.6117513369117078,1.0,0.9988879343895636,0.0005563422071034223,1
6567,0.6117491710081986,1.0,0.9989008554847882,0.000549874508770955,1
6568,0.611748836008032,1.0,0.9989028540121793,0.0005488741465324196,1
6569,0.6117523895264241,1.0,0.9988816549135531,0.0005594854504705,1
6570,0.6202260402100224,0.951229424500714,0.9988718616086338,0.0005643876092395049,0
6571,0.611752055551555,1.0,0.9988836472668831,0.0005584881594834999,1
6572,0.6202222879369291,0.951229424500714,0.9988937355043922,0.0005534384289198404,0
6573,0.6117484099821481,1.0,0.9989053955849369,0.0005476019660025142,1
6574,0.6117456790392825,1.0,0.998921687994147,0.0005394469012602322,1
6575,0.6117471017138201,1.0,0.9989132004744291,0.0005436952602046664,1
6576,0.6202260450649814,0.951229424500714,0.9988718333070671,0.0005644017760051735,0
6577,0.6117477054739515,1.0,0.9989095985405914,0.0005454981897935896,1
6578,0.6117493702975286,1.0,0.9988996665772227,0.0005504696170174905,1
6579,0.6117447286676144,1.0,0.9989273578671273,0.0005366089125783205,1
6580,0.6202231178381793,0.951229424500714,0.9988888975318841,0.0005558601000406328,0
6581,0.6117520745199567,1.0,0.9988835341092323,0.0005585448015446632,1
6582,0.6117488557637984,1.0,0.9989027361540405,0.0005489331403301156,1
6583,0.6117584553385251,1.0,0.9988454698708321,0.0005775985562475823,1
6584,0.6202218979183983,0.951229424500714,0.998896009158641,0.0005523003440663939,0
6585,0.6288708522984625,0.9048374180359595,0.9989251943602806,0.000537691828754624,0
6586,0.6376860879221083,0.8607079764250578,0.9988922026268643,0.0005542057170955327,0
6587,0.611747788270436,1.0,0.9989091045918729,0.000545745433809145,1
6588,0.6117563589447532,1.0,0.9988579754924612,0.0005713385572180012,1
6589,0.6202221307642737,0.951229424500714,0.9988946517581128,0.0005529797948991306,0
6590,0.6117492273056375,1.0,0.9989005196289055,0.0005500426215208023,1
6591,0.6202162326517439,0.951229424500714,0.9989290362611448,0.0005357688151506658,0
6592,0.6288727994266241,0.9048374180359595,0.9989140623206042,0.0005432638684667176,0
6593,0.6376875064552651,0.8607079764250578,0.9988842226780257,0.0005582001324553129,0
6594,0.6117489664560702,1.0,0.9989020757910252,0.0005492636846412309,1
6595,0.6202244455416929,0.951229424500714,0.9988811576526426,0.0005597343593536437,0
6596,0.6288730970792973,0.9048374180359595,0.9989123606080128,0.0005441156504693106,0
6597,0.6376816216601375,0.8607079764250578,0.9989173280908142,0.0005416292108946429,0
6598,0.6117476700900275,1.0,0.9989098096347367,0.000545392527517737,1
6599,0.6117442796370202,1.0,0.998930036779453,0.0005352680199135625,1
6600,0.611746839803806,1.0,0.9989147629926333,0.000542913151718509,1
6601,0.6117473770196151,1.0,0.9989115580428333,0.0005445173701463986,1
6602,0.6117514638327005,1.0,0.9988871772268351,0.0005567212100873687,1
6603,0.6117487090023823,1.0,0.9989036116977553,0.0005484948877858853,1
6604,0.6117546175407156,1.0,0.9988683636715421,0.0005661385561581468,1
6605,0.6117474552458076,1.0,0.9989110913582613,0.0005447509667432883,1
6606,0.6117483211706157,1.0,0.9989059254153999,0.0005473367605462072,1
6607,0.6117499288057245,1.0,0.9988963346759706,0.0005521374055454161,1
6608,0.620222902278042,0.951229424500714,0.9988901541529022,0.0005552310910333424,0
6609,0.6117493137193362,1.0,0.9989000041075766,0.0005503006659665707,1
6610,0.6202234953038464,0.951229424500714,0.9988866970780953,0.0005569615519728825,0
6611,0.6288800837049482,0.9048374180359595,0.9988724184407903,0.0005641088787923485,0
6612,0.6376837046556373,0.8607079764250578,0.9989056098616459,0.0005474947102568862,0
6613,0.6117491042267564,1.0,0.9989012538857284,0.0005496750891496345,1
6614,0.620229794466378,0.951229424500714,0.9988499768346545,0.0005753424747062758,0
6615,0.6117511966514741,1.0,0.9988887711301672,0.000555923371203871,1
6616,0.6202240502473976,0.951229424500714,0.9988834620212123,0.0005585808858428431,0
6617,0.6117538397647464,1.0,0.9988730034719239,0.0005638160331038496,1
6618,0.6202198193727406,0.951229424500714,0.9989081263846479,0.0005462350718049715,0
6619,0.628874637825158,0.9048374180359595,0.9989035520597731,0.0005485247395069517,0
6620,0.611755702227501,1.0,0.9988618930573497,0.0005693775390842164,1
6621,0.6202188443100427,0.951229424500714,0.9989138107462546,0.0005433897924028751,0
6622,0.611755399652018,1.0,0.9988636980414151,0.0005684740195651224,1
6623,0.6117500186836508,1.0,0.9988957984913478,0.0005524057941399699,1
6624,0.6202269932929465,0.951229424500714,0.9988663057154324,0.0005671687010223623,0
6625,0.6117526609220665,1.0,0.9988800358859034,0.0005602958712815651,1
6626,0.6202181437466208,0.951229424500714,0.9989178948770291,0.0005413455107133601,0
6627,0.6117558809822997,1.0,0.9988608267156049,0.0005699113177383893,1
6628,0.6117457137850947,1.0,0.9989214807031679,0.000539550658643402,1
6629,0.6202225687918197,0.951229424500714,0.9988920982356916,0.0005542579705708616,0
6630,0.6288805179288823,0.9048374180359595,0.9988699360771246,0.0005653514632828184,0
6631,0.6117484648394306,1.0,0.9989050683184223,0.0005477657785965941,1
6632,0.6117547343546418,1.0,0.9988676668241826,0.0005664873746951695,1
6633,0.6202190307511422,0.951229424500714,0.9989127238396323,0.0005439338369450326,0
6634,0.6288769429368595,0.9048374180359595,0.9988903737769839,0.0005551211569947553,0
6635,0.6117475932407384,1.0,0.9989102681040452,0.0005451630427340713,1
6636,0.6117523112714447,1.0,0.9988821217492491,0.0005592517713431604,1
6637,0.620222120035163,0.951229424500714,0.9988947143045808,0.0005529484870600259,0
6638,0.611754128682556,1.0,0.9988712799371936,0.0005646787735178928,1
6639,0.6202234881074421,0.951229424500714,0.9988867390298067,0.0005569405527390868,0
6640,0.6117517431320797,1.0,0.9988855110352078,0.0005575552347173596,1
6641,0.6202215342246636,0.951229424500714,0.9988981293563537,0.0005512390747033902,0
6642,0.6117494727499333,1.0,0.9988990553740306,0.00055077555534118,1
6643,0.6117545351892787,1.0,0.9988688549351636,0.0005658926461270602,1
6644,0.6117463682130245,1.0,0.9989175764459551,0.0005415048987503528,1
6645,0.6117529660092956,1.0,0.9988782158736832,0.00056120689853848,1
6646,0.6202204037651018,0.951229424500714,0.9989047195514641,0.0005479403532534775,0
6647,0.6117513953806635,1.0,0.9988875855857399,0.0005565168032080611,1
6648,0.6202238747771252,0.951229424500714,0.9988844849278039,0.0005580688611138357,0
6649,0.6117522589976467,1.0,0.9988824335925244,0.0005590956752333778,1
6650,0.6117554634509434,1.0,0.9988633174548395,0.0005686645293658304,1
6651,0.6202163677621657,0.951229424500714,0.9989282485827077,0.0005361630767644064,0
6652,0.6288781737125017,0.9048374180359595,0.998883337550951,0.0005586431905428941,0
6653,0.6376846707618603,0.8607079764250578,0.9989001749345099,0.0005502151584492935,0
6654,0.646617357466303,0.8187307530779818,0.9989298770785849,0.0005353479558825178,0
6655,0.6117517666411839,1.0,0.9988853707892115,0.0005576254359590212,1
6656,0.6202243618578563,0.951229424500714,0.998881645487036,0.0005594901690060456,0
6657,0.6288710003161969,0.9048374180359595,0.9989243481135742,0.0005381154075519589,0
6658,0.6376880464022543,0.8607079764250578,0.9988811852314314,0.0005597205545139646,0
6659,0.646621819718065,0.8187307530779818,0.9989050954576003,0.0005477521941337452,0
6660,0.6556647666270525,0.7788007830714049,0.9988890275771928,0.0005557950050633607,0
6661,0.664782268767417,0.7408182206817179,0.9988802904483921,0.0005601684473431393,0
6662,0.6117464478502167,1.0,0.9989171013393061,0.0005417427095433745,1
6663,0.6202249225316411,0.951229424500714,0.9988783770492538,0.0005611262202560789,0
6664,0.6117458067431901,1.0,0.998920926122274,0.0005398282485533499,1
6665,0.6202226825005348,0.951229424500714,0.9988914353616555,0.0005545897753059653,0
6666,0.6288796584690265,0.9048374180359595,0.998874849430052,0.0005628920135257454,0
6667,0.6376833134714279,0.8607079764250578,0.9989078105183686,0.0005463931776011068,0
6668,0.6466291102560019,0.8187307530779818,0.9988646082514285,0.0005680183970409871,0
6669,0.655662971275615,0.7788007830714049,0.9988989004607476,0.000550853097358164,0
6670,0.6647752357900151,0.7408182206817179,0.9989186996338796,0.0005409426965629841,0
6671,0.6739509677046196,0.7046880897187134,0.9988671102622315,0.0005667659712123344,0
6672,0.611746329077195,1.0,0.9989178099260946,0.0005413880321951685,1
6673,0.6202208456569867,0.951229424500714,0.9989021434645545,0.0005492298106866391,0
6674,0.6288758416776745,0.9048374180359595,0.998896669626843,0.0005519697450962951,0
6675,0.6376850127738746,0.8607079764250578,0.9988982509208737,0.0005511782253990378,0
6676,0.6466260090996394,0.8187307530779818,0.9988818299385523,0.0005593978399997941,0
6677,0.611750565187219,1.0,0.9988925382250353,0.0005540377319446957,1
6678,0.6202227708434068,0.951229424500714,0.9988909203602604,0.0005548475618429298,0
6679,0.6288709873685101,0.9048374180359595,0.9989244221380256,0.0005380783554724982,0
6680,0.6376820360030655,0.8607079764250578,0.9989149971233169,0.0005427959592087773,0
6681,0.6466201656356235,0.8187307530779818,0.99891428150397,0.0005431541576566947,0
6682,0.6117503784916976,1.0,0.99889365198929,0.0005534802327187316,1
6683,0.6202200039904779,0.951229424500714,0.9989070501165083,0.0005467737943816431,0
6684,0.6117473299331412,1.0,0.9989118389531332,0.0005443767619724001,1
6685,0.6117517916560968,1.0,0.9988852215601903,0.0005577001337354684,1
6686,0.6202197518725152,0.951229424500714,0.998908519891899,0.0005460381031532913,0
6687,0.6288725415030626,0.9048374180359595,0.9989155369007368,0.0005425257774237061,0
6688,0.6376849773471623,0.8607079764250578,0.998898450216216,0.0005510784678299847,0
6689,0.6466209284452702,0.8187307530779818,0.9989100451818209,0.0005452746254538655,0
6690,0.6117520935173943,1.0,0.9988834207783841,0.0005586015303076492,1
6691,0.6202225140984042,0.951229424500714,0.9988924170755482,0.000554098373850524,0
6692,0.6288802819898986,0.9048374180359595,0.9988712848878737,0.0005646762953807475,0
6693,0.6117462894155135,1.0,0.998918046543493,0.0005412695953387744,1
6694,0.620217688449947,0.951229424500714,0.9989205491693285,0.0005400169286614537,0
6695,0.6288736424423131,0.9048374180359595,0.9989092427187444,0.0005456762949549196,0
6696,0.6376868822130806,0.8607079764250578,0.9988877343381541,0.0005564423441771557,0
6697,0.6117454531606702,1.0,0.9989230355710285,0.0005387723859359954,1
6698,0.6117532139364126,1.0,0.998876736856462,0.0005619472381978159,1
6699,0.6202174751688192,0.951229424500714,0.9989217925608616,0.0005393945614670453,0
6700,0.6117517348328481,1.0,0.9988855605451403,0.0005575304521318342,1
6701,0.6202183648815776,0.951229424500714,0.9989166057062638,0.0005419907947771198,0
6702,0.6288767313956098,0.9048374180359595,0.99889158314474,0.000554515801764657,0
6703,0.6376867730955449,0.8607079764250578,0.9988883481779889,0.0005561350825975923,0
6704,0.6466232530580514,0.8187307530779818,0.9988971354015455,0.0005517366005639084,0
6705,0.6556610722794498,0.7788007830714049,0.9989093434247817,0.0005456258869559115,0
6706,0.6647822840025586,0.7408182206817179,0.9988802072465234,0.0005602100949124055,0
6707,0.6117449841132654,1.0,0.998925833885567,0.0005373717221614152,1
6708,0.6202208646102163,0.951229424500714,0.9989020329735614,0.0005492851169045557,0
6709,0.6288733153922893,0.9048374180359595,0.9989111124914761,0.0005447403886173651,0
6710,0.6117507307139907,1.0,0.998891550748156,0.0005545320180313343,1
6711,0.6117523267053278,1.0,0.9988820296772856,0.0005592978588472439,1
6712,0.6202184266182471,0.951229424500714,0.9989162457947547,0.0005421709457386876,0
6713,0.6117546190684635,1.0,0.9988683545578372,0.0005661431181731726,1
6714,0.6117453009201617,1.0,0.9989239438293843,0.0005383177673564967,1
6715,0.620225510947995,0.951229424500714,0.9988749469030536,0.0005628432221296872,0
6716,0.6117469843109266,1.0,0.99891390088308,0.000543344674986161,1
6717,0.6202262813272758,0.951229424500714,0.9988704560376792,0.0005650911889465683,0
6718,0.6288714680985764,0.9048374180359595,0.9989216737154434,0.0005394540483188317,0
6719,0.6376844860315494,0.8607079764250578,0.9989012141503921,0.0005496949786716968,0
6720,0.6117509768479684,1.0,0.998890082398583,0.0005552670080566046,1
6721,0.6117485710502796,1.0,0.9989044346882501,0.0005480829410544456,1
6722,0.6117521137576556,1.0,0.9988833000333865,0.0005586619702961061,1
6723,0.6117462649965105,1.0,0.9989181922247246,0.0005411966758328223,1
6724,0.6202207455133599,0.951229424500714,0.9989027272687117,0.0005489375878746763,0
6725,0.6117488572089015,1.0,0.9989027275329053,0.0005489374556327491,1
6726,0.6202202842484581,0.951229424500714,0.9989054162965066,0.0005475915988698184,0
6727,0.6288786473920727,0.9048374180359595,0.9988806295882853,0.0005599986873434466,0
6728,0.6376848566975026,0.8607079764250578,0.9988991289393426,0.0005507387321462342,0
6729,0.6466217955898185,0.8187307530779818,0.9989052294545244,0.0005476851222388475,0
6730,0.6117512596203498,1.0,0.9988883954810477,0.0005561114047472095,1
6731,0.6117480284738148,1.0,0.9989076715844167,0.0005464627205359127,1
6732,0.611746559455687,1.0,0.9989164355140284,0.0005420759831947584,1
6733,0.6202214280204118,0.951229424500714,0.998898748488416,0.0005509291672903028,0
6734,0.6117471076121741,1.0,0.9989131652857228,0.0005437128737004472,1
6735,0.6117513556042278,1.0,0.9988878228769918,0.0005563980254660696,1
6736,0.6202221474955871,0.951229424500714,0.9988945542211901,0.0005530286173286237,0
6737,0.6117555673852263,1.0,0.9988626974449758,0.0005689748871721891,1
6738,0.6202227277315888,0.951229424500714,0.9988911716837876,0.0005547217605714686,0
6739,0.6117515438861703,1.0,0.9988866996584984,0.0005569602603333103,1
6740,0.6117525558017618,1.0,0.9988806629871771,0.0005599819691839914,1
6741,0.6202237581914166,0.951229424500714,0.998885164566771,0.0005577286622489293,0
6742,0.6117524132508797,1.0,0.9988815133836746,0.0005595562946429844,1
6743,0.6202213118385844,0.951229424500714,0.9988994257867313,0.0005505901448985658,0
6744,0.6288780361191262,0.9048374180359595,0.9988841241557159,0.0005582494486384954,0
6745,0.6117476439355019,1.0,0.9989099656679898,0.0005453144257514971,1
6746,0.6117513592176652,1.0,0.9988878013205802,0.0005564088156726358,1
6747,0.6202234695977776,0.951229424500714,0.9988868469326084,0.0005568865412122156,0
6748,0.6288732081076309,0.9048374180359595,0.9989117258480033,0.0005444333761458937,0
6749,0.6376869042680265,0.8607079764250578,0.9988876102682883,0.0005565044481900649,0
6750,0.6117516217468437,1.0,0.9988862351718728,0.0005571927625449027,1
6751,0.6117506975561854,1.0,0.99889174855632,0.0005544330042073337,1
6752,0.6117478147231181,1.0,0.9989089467800756,0.0005458244258861079,1
6753,0.6202232946051213,0.951229424500714,0.9988878670598552,0.0005563759094379569,0
6754,0.6117434573868756,1.0,0.9989349423440299,0.000532812616456272,1
6755,0.6202163025548847,0.951229424500714,0.9989286287336504,0.0005359727973970639,0
6756,0.6288762847248219,0.9048374180359595,0.9988941367395066,0.0005532375892211214,0
6757,0.6376812934237677,0.8607079764250578,0.9989191746539414,0.0005407049294909155,0
6758,0.6466263664888123,0.8187307530779818,0.9988798452265981,0.0005603913078287498,0
6759,0.65566285686542,0.7788007830714049,0.9988995296219458,0.0005505381700918542,0
6760,0.664775310635819,0.7408182206817179,0.9989182908700095,0.0005411472997773525,0
6761,0.6739572202749046,0.7046880897187134,0.9988331058135702,0.0005837877687728196,0
6762,0.6117441686660309,1.0,0.9989306988329965,0.0005349366386857985,1
6763,0.6117489330013423,1.0,0.9989022753736798,0.0005491637836401628,1
6764,0.611742810807986,1.0,0.9989387998749338,0.0005308817982957642,1
6765,0.6202196453686178,0.951229424500714,0.998909140779991,0.0005457273199900688,0
6766,0.6288806202975805,0.9048374180359595,0.9988693508587898,0.0005656444035772031,0
6767,0.6117500222582578,1.0,0.9988957771663286,0.0005524164684362829,1
6768,0.6117456956043742,1.0,0.9989215891680109,0.000539496367670969,1
6769,0.6117558914215787,1.0,0.9988607644413069,0.0005699424903994675,1
6770,0.6202184186220935,0.951229424500714,0.9989162924106005,0.0005421476125288299,0
6771,0.6117478137751521,1.0,0.9989089524354646,0.0005458215951030639,1
6772,0.6202326705931339,0.951229424500714,0.998833211424289,0.0005837349017259422,0
6773,0.6288809765766763,0.9048374180359595,0.9988673140966542,0.0005666639384194948,0
6774,0.637687234592022,0.8607079764250578,0.9988857520365227,0.0005574345996280003,0
6775,0.6466306177112517,0.8187307530779818,0.9988562370144922,0.0005722087907870273,0
6776,0.6556540762932074,0.7788007830714049,0.9989478168674985,0.0005263685328836192,0
6777,0.6117579962796419,1.0,0.9988482082755735,0.0005762277731433361,1
6778,0.6117476856486628,1.0,0.9989097168147003,0.0005454389881891147,1
6779,0.6202293200082665,0.951229424500714,0.9988527425666457,0.0005739580184684505,0
6780,0.6288799884016949,0.9048374180359595,0.9988729632698532,0.0005638361568189391,0
6781,0.6117548915021098,1.0,0.9988667293703408,0.0005669566331929628,1
6782,0.6202262298472594,0.951229424500714,0.998870756135485,0.0005649409703876961,0
6783,0.6117539015966065,1.0,0.9988726346145429,0.0005640006699134197,1
6784,0.6117543223745064,1.0,0.9988701244733501,0.0005652571586086611,1
6785,0.6117580281986464,1.0,0.998848017870108,0.0005763230856653345,1
6786,0.6202268674974866,0.951229424500714,0.9988670390238549,0.0005668016308002935,0
6787,0.6117509153910852,1.0,0.9988904490286377,0.0005550834893723068,1
6788,0.611757205367931,1.0,0.9988529262944826,0.0005738660490458351,1
6789,0.6202247748369538,0.951229424500714,0.9988792380313078,0.0005606952460239748,0
6790,0.6117531385069163,1.0,0.9988771868332105,0.00056172199686899,1
6791,0.6117532612279108,1.0,0.9988764547378749,0.0005620884561362204,1
6792,0.6117510597941274,1.0,0.9988895875714202,0.0005555146966131556,1
6793,0.6117575112757694,1.0,0.9988511014610942,0.0005747795143855414,1
6794,0.611750041632114,1.0,0.9988956615878009,0.0005524743215862336,1
6795,0.6117599361235835,1.0,0.9988366366823642,0.0005820202750180314,1
6796,0.611749701401987,1.0,0.9988976913000641,0.0005514583445032,1
6797,0.6117533012371057,1.0,0.9988762160621393,0.000562207928250657,1
6798,0.6117571463858036,1.0,0.9988532781414043,0.0005736899235871021,1
6799,0.6117528750711403,1.0,0.9988787583690077,0.0005609353463269319,1
6800,0.611748526380887,1.0,0.998904701175783,0.000547949551168428,1
6801,0.6117470001160286,1.0,0.9989138065920891,0.0005433918717442199,1
6802,0.6117552250920175,1.0,0.9988647393640254,0.0005679527662301698,1
6803,0.6117507927949554,1.0,0.9988911803944408,0.000554717400410239,1
6804,0.6117564999439896,1.0,0.9988571343820981,0.0005717595934102885,1
6805,0.6117555142024179,1.0,0.998863014701779,0.000568816078181904,1
6806,0.611741992552967,1.0,0.9989436816685753,0.0005284383144139178,1
6807,0.6117478733548111,1.0,0.9989085969943984,0.0005459995097811721,1
6808,0.6117503382915725,1.0,0.9988938918102958,0.0005533601894205878,1
6809,0.6117446744478797,1.0,0.9989276813409862,0.0005364470020029746,1
6810,0.6117522401103812,1.0,0.9988825462659638,0.0005590392754863419,1
6811,0.6117541054250413,1.0,0.9988714186793737,0.0005646093240436608,1
6812,0.6202234487792718,0.951229424500714,0.9988869682949091,0.0005568257924428773,0
6813,0.6288787345850442,0.9048374180359595,0.9988801311188299,0.0005602482014320364,0
6814,0.6376831255407411,0.8607079764250578,0.998908867748668,0.0005458639847522519,0
6815,0.6466264017270986,0.8187307530779818,0.9988796495358505,0.0005604892629370241,0
6816,0.6117457325854594,1.0,0.9989213685415916,0.000539606799984193,1
6817,0.6117558545749937,1.0,0.9988609842453259,0.0005698324630550063,1
6818,0.6202225376952152,0.951229424500714,0.9988922795159396,0.000554167229923338,0
6819,0.6117506513845736,1.0,0.9988920240005142,0.0005542951293291558,1
6820,0.6117545052158947,1.0,0.9988690337400653,0.0005658031424426017,1
6821,0.6202192961766699,0.951229424500714,0.9989111764757591,0.0005447083616030759,0
6822,0.6288828996972097,0.9048374180359595,0.9988563201750533,0.0005721671628957722,0
6823,0.6376846823262189,0.8607079764250578,0.9989001098782855,0.0005502477223771841,0
6824,0.646625984464978,0.8187307530779818,0.9988819667439579,0.0005593293607302229,0
6825,0.6117536907526553,1.0,0.9988738924029937,0.0005633710662906191,1
6826,0.6202218384505569,0.951229424500714,0.9988963558333557,0.0005521268151647871,0
6827,0.6117468862662746,1.0,0.998914485803831,0.0005430518967100256,1
6828,0.6117498395281495,1.0,0.9988968672795049,0.0005518708096166071,1
6829,0.6202245294804886,0.951229424500714,0.9988806683323074,0.0005599792936239963,0
6830,0.628875454885887,0.9048374180359595,0.9988988809110828,0.0005508628829655541,0
6831,0.6376833365610495,0.8607079764250578,0.9989076806245799,0.0005464581955115886,0
6832,0.6466226593921338,0.8187307530779818,0.9989004323167893,0.0005500863256326532,0
6833,0.6556578363399918,0.7788007830714049,0.99892713880393,0.0005367185618033646,0
6834,0.6647752401781121,0.7408182206817179,0.998918675668663,0.0005409546921422161,0
6835,0.6117506635212587,1.0,0.9988919515971514,0.0005543313711670058,1
6836,0.6202197438452896,0.951229424500714,0.9989085666883721,0.0005460146793506652,0
6837,0.6288751972660793,0.9048374180359595,0.9989003537242684,0.0005501256651510571,0
6838,0.6117527213677395,1.0,0.9988796752940019,0.0005604763694162529,1
6839,0.6117449865296625,1.0,0.9989258194694263,0.0005373789379828231,1
6840,0.6202204994577686,0.951229424500714,0.9989041616933326,0.0005482195882376981,0
6841,0.611753587066076,1.0,0.998874510945592,0.0005630614464219473,1
6842,0.6117514794220289,1.0,0.9988870842268469,0.0005567677618874688,1
6843,0.6117540202291074,1.0,0.9988719269140434,0.0005643549196574227,1
6844,0.6202218686045956,0.951229424500714,0.99889618004685,0.0005522148055353991,0
6845,0.611749336876106,1.0,0.9988998659604645,0.0005503698155916434,1
6846,0.6117493031416583,1.0,0.9989000672111904,0.000550269079415561,1
6847,0.620217321871369,0.951229424500714,0.9989226862594472,0.0005389472300580681,0
6848,0.6288759472751946,0.9048374180359595,0.9988960659281778,0.0005522719279276312,0
6849,0.6376826639725552,0.8607079764250578,0.9989114643710236,0.0005445642570871386,0
6850,0.6117485626628365,1.0,0.9989044847258376,0.0005480578948215262,1
6851,0.6202244796244853,0.951229424500714,0.9988809589673175,0.0005598338132993539,0
6852,0.6288764414764527,0.9048374180359595,0.9988932405971913,0.000553686156633932,0
6853,0.6376894540020198,0.8607079764250578,0.9988732669006299,0.0005636841701590588,0
6854,0.6117494635454561,1.0,0.9988991102854166,0.0005507480693884411,1
6855,0.6117493419365871,1.0,0.9988998357709876,0.0005503849269548643,1
6856,0.6202219117802326,0.951229424500714,0.9988959283494865,0.0005523407933008233,0
6857,0.6288769735734172,0.9048374180359595,0.9988901986299129,0.0005552088278197435,0
6858,0.6117508496970047,1.0,0.9988908409365373,0.0005548873177985346,1
6859,0.6202273593222127,0.951229424500714,0.9988641719993578,0.0005682367710640319,0
6860,0.628871748762083,0.9048374180359595,0.9989200691150767,0.0005402572152225514,0
6861,0.6376870654495524,0.8607079764250578,0.9988867035439225,0.0005569583154560149,0
6862,0.6466195300490885,0.8187307530779818,0.9989178112995989,0.0005413873446989885,0
6863,0.6556663957934539,0.7788007830714049,0.9988800686664691,0.0005602794626218272,0
6864,0.6117519125241335,1.0,0.9988845005100282,0.0005580610613009193,1
6865,0.620221101714498,0.951229424500714,0.9989006507363315,0.0005499769956577187,0
6866,0.6288811980143544,0.9048374180359595,0.9988660481933985,0.000567297608197231,0
6867,0.637681353725927,0.8607079764250578,0.9989188354110589,0.0005408747344905526,0
6868,0.6466188778059515,0.8187307530779818,0.9989214336152984,0.0005395742279986851,0
6869,0.6117530853438433,1.0,0.9988775039791763,0.0005615632456633196,1
6870,0.6202215730127856,0.951229424500714,0.998897903235883,0.0005513522596667326,0
6871,0.6117495536536558,1.0,0.9988985727248143,0.0005510171459855466,1
6872,0.6117450966718139,1.0,0.9989251623655416,0.0005377078433369602,1
6873,0.6117451607712905,1.0,0.9989247799508015,0.0005378992564816701,1
6874,0.6117494448001547,1.0,0.9988992221147555,0.000550692093098434,1
6875,0.6202259946852849,0.951229424500714,0.9988721269912391,0.0005642547680913118,0
6876,0.6117518278664705,1.0,0.9988850055435625,0.0005578082626007813,1
6877,0.6202187312193848,0.951229424500714,0.9989144700383236,0.0005430597880299703,0
6878,0.6117478869329804,1.0,0.9989085159896144,0.0005460400564275397,1
6879,0.6202179189720671,0.951229424500714,0.9989192052683173,0.0005406896057408696,0
6880,0.6117483822449838,1.0,0.9989055610588363,0.0005475191383962152,1
6881,0.6202212850427545,0.951229424500714,0.9988995819968866,0.0005505119537718864,0
6882,0.6117534951635661,1.0,0.9988750591907682,0.0005627870150395337,1
6883,0.6202196785921325,0.951229424500714,0.9989089470960842,0.0005458242677091933,0
6884,0.6117500035607877,1.0,0.9988958887097615,0.0005523606350704148,1
6885,0.6202275625812241,0.951229424500714,0.9988629871323723,0.0005688298785763058,0
6886,0.6288745769094848,0.9048374180359595,0.998903900316795,0.0005483504198939718,0
6887,0.6117498516682603,1.0,0.9988967948551796,0.0005519070617715167,1
6888,0.6202228785074968,0.951229424500714,0.9988902927248883,0.0005551617280628867,0
6889,0.6288752451175851,0.9048374180359595,0.9989000801568492,0.0005502625994587168,0
6890,0.6376887384849416,0.8607079764250578,0.9988772919699853,0.0005616693693935521,0
6891,0.6466275424945385,0.8187307530779818,0.9988733144735844,0.000563660356851165,0
6892,0.6117545962775536,1.0,0.9988684905158997,0.0005660750621312467,1
6893,0.6117473640085433,1.0,0.9989116356647744,0.0005444785168878452,1
6894,0.6202221394720254,0.951229424500714,0.9988946009953714,0.000553005204356755,0
6895,0.6117496387851857,1.0,0.9988980648540456,0.0005512713614342708,1
6896,0.6202206331649367,0.951229424500714,0.9989033822233659,0.0005486097509283575,0
6897,0.6117508694316824,1.0,0.9988907232063298,0.0005549462482690755,1
6898,0.6202228476461347,0.951229424500714,0.9988904726333081,0.0005550716739273436,0
6899,0.6117502514568602,1.0,0.9988944098385326,0.0005531008885544989,1
6900,0.6117509857686853,1.0,0.9988900291807543,0.0005552936465381579,1
6901,0.611748108408403,1.0,0.9989071947106223,0.0005467014182263406,1
6902,0.6117545723879014,1.0,0.9988686330284854,0.0005660037251249528,1
6903,0.6202192526114498,0.951229424500714,0.9989114304497685,0.0005445812361973712,0
6904,0.6288782047026255,0.9048374180359595,0.9988831603842598,0.000558731872924607,0
6905,0.6376845388831913,0.8607079764250578,0.9989009168288979,0.0005498438029669664,0
6906,0.6466248531201019,0.8187307530779818,0.9988882495461415,0.0005561844534068644,0
6907,0.611749077894765,1.0,0.9989014109756948,0.0005495964577766659,1
6908,0.6117491163140027,1.0,0.9989011817763017,0.0005497111835228476,1
6909,0.6202216054800622,0.951229424500714,0.9988977139636691,0.0005514470001958858,0
6910,0.6288735586136602,0.9048374180359595,0.9989097219738124,0.0005454364058175346,0
6911,0.6376874030529104,0.8607079764250578,0.9988848043645063,0.0005579089644209972,0
6912,0.6117494087264524,1.0,0.9988994373206452,0.0005505843715876797,1
6913,0.6202240359919361,0.951229424500714,0.9988835451235833,0.000558539288213688,0
6914,0.6288712629448863,0.9048374180359595,0.9989228466157289,0.0005388669654534634,0
6915,0.6376817638592982,0.8607079764250578,0.9989165281207248,0.0005420296296215895,0
6916,0.6117498669874195,1.0,0.9988967034655992,0.0005519528070301828,1
6917,0.6202219761914126,0.951229424500714,0.9988955528572394,0.0005525287469739873,0
6918,0.6288725133656954,0.9048374180359595,0.9989156977656396,0.0005424452576580578,0
6919,0.6376878979562658,0.8607079764250578,0.9988820203062264,0.0005593025496209698,0
6920,0.6466190497043046,0.8187307530779818,0.9989204789542405,0.0005400520741444856,0
6921,0.6117529494701324,1.0,0.9988783145387125,0.0005611575106237109,1
6922,0.6202264189133648,0.951229424500714,0.9988696539934323,0.0005654926647155647,0
6923,0.6288752647929229,0.9048374180359595,0.9988999676728242,0.0005503189034042071,0
6924,0.6376857537746463,0.8607079764250578,0.9988940823831537,0.0005532647974868943,0
6925,0.6466159153598778,0.8187307530779818,0.9989378861413504,0.0005313391506388251,0
6926,0.6556620644317208,0.7788007830714049,0.9989038873628617,0.0005483569039678143,0
6927,0.6647781054439529,0.7408182206817179,0.9989030274005537,0.0005487873571320776,0
6928,0.6739475209629611,0.7046880897187134,0.9988858558039931,0.0005573826580196476,0
6929,0.6831394472899583,0.6703200460356393,0.9988862630139183,0.0005571788260003675,0
6930,0.6923293487652539,0.6376281516217733,0.9989090928712847,0.0005457513005032215,0
6931,0.6117449306361152,1.0,0.9989261529284502,0.0005372120292085249,1
6932,0.6202200836402729,0.951229424500714,0.9989065857816951,0.000547006215867188,0
6933,0.6288760093784616,0.9048374180359595,0.9988957108854175,0.0005524496455278454,0
6934,0.6376843907113593,0.8607079764250578,0.9989017503826738,0.0005494265676766165,0
6935,0.6466235322748118,0.8187307530779818,0.9988955847798466,0.0005525127680226995,0
6936,0.6556636019513535,0.7788007830714049,0.9988954322754716,0.0005525891045232382,0
6937,0.6647760312363452,0.7408182206817179,0.9989143553821969,0.0005431171783955884,0
6938,0.6117501542005486,1.0,0.9988949900391898,0.0005528104672231949,1
6939,0.6117495503970498,1.0,0.9988985921528175,0.0005510074212729736,1
6940,0.6117510600854643,1.0,0.9988895858334087,0.0005555155665849284,1
6941,0.620225072028572,0.951229424500714,0.9988775055621469,0.0005615624532885899,0
6942,0.6117508875795881,1.0,0.998890614942271,0.000555000440415441,1
6943,0.6117519461370008,1.0,0.9988842999893007,0.0005581614336400173,1
6944,0.6202268142856527,0.951229424500714,0.9988673492156139,0.0005666463590279694,0
6945,0.6288765626720181,0.9048374180359595,0.9988925477281158,0.0005540329751365258,0
6946,0.6117488197247932,1.0,0.9989029511540706,0.0005488255222411995,1
6947,0.6202211928469415,0.951229424500714,0.9989001194659408,0.0005502429232710767,0
6948,0.6117470078809341,1.0,0.9989137602677716,0.000543415059089421,1
6949,0.6117505283781943,1.0,0.9988927578154587,0.0005539278150162504,1
6950,0.6117503751327728,1.0,0.9988936720275512,0.0005534702024912842,1
6951,0.6117500490645634,1.0,0.998895617248076,0.0005524965159593113,1
6952,0.6202196748514884,0.951229424500714,0.9989089689030024,0.0005458133523409882,0
6953,0.6117449928136895,1.0,0.9989257819791427,0.0005373977032822804,1
6954,0.6202204539253036,0.951229424500714,0.9989044271332187,0.0005480867227132084,0
6955,0.6117455575206224,1.0,0.9989224129661083,0.0005390840241163755,1
6956,0.6202217608574059,0.951229424500714,0.9988968081719346,0.0005519003960403806,0
6957,0.6288748885489817,0.9048374180359595,0.9989021186646873,0.0005492422242487303,0
6958,0.6117490459826955,1.0,0.9989016013550376,0.0005495011634250473,1
6959,0.6117521531046152,1.0,0.9988830653058196,0.0005587794653000576,1
6960,0.6202195595271652,0.951229424500714,0.9989096412121786,0.0005454768307104528,0
6961,0.628879207600111,0.9048374180359595,0.9988774269668066,0.0005616017951213086,0
6962,0.6117483089717293,1.0,0.9989059981913605,0.0005473003327124576,1
6963,0.6202221853594295,0.951229424500714,0.9988943334900536,0.0005531391050472337,0
6964,0.6117503228167223,1.0,0.9988939841282948,0.0005533139793098312,1
6965,0.6117461359812164,1.0,0.9989189619170787,0.0005408114130236429,1
6966,0.6117506392406173,1.0,0.9988920964472625,0.000554258865777177,1
6967,0.6117464459754055,1.0,0.9989171125242177,0.0005417371110249645,1
6968,0.6202215172087486,0.951229424500714,0.9988982285528966,0.000551189421723264,0
6969,0.6117508371910078,1.0,0.9988909155429655,0.0005548499731647337,1
6970,0.6202205273829612,0.951229424500714,0.9989039988983319,0.0005483010750410496,0
6971,0.6117489038780728,1.0,0.9989024491159694,0.0005490768170375581,1
6972,0.6202216439092677,0.951229424500714,0.9988974899356813,0.0005515591378100974,0
6973,0.6288747993995464,0.9048374180359595,0.9989026283341732,0.0005489871094850609,0
6974,0.6376881952681482,0.8607079764250578,0.9988803477953861,0.0005601397417049968,0
6975,0.6466242904809424,0.8187307530779818,0.9988913741202966,0.00055462042996899,0
6976,0.6556652817033599,0.7788007830714049,0.9988861951230232,0.0005572128092974692,0
6977,0.6647790529366483,0.7408182206817179,0.9988978528551475,0.0005513774778279829,0
6978,0.6739452562057414,0.7046880897187134,0.9988981731756543,0.0005512171408853433,0
6979,0.683139309295194,0.6703200460356393,0.9988870124030795,0.0005568037137839059,0
6980,0.6117494966748201,1.0,0.9988989126447412,0.0005508469986461286,1
6981,0.611750980767888,1.0,0.9988900590137337,0.0005552787134734214,1
6982,0.6202232913622288,0.951229424500714,0.998887885964451,0.0005563664466162472,0
6983,0.6288786250998329,0.9048374180359595,0.9988807570298108,0.0005599348951776965,0
6984,0.6117459332865661,1.0,0.998920171174904,0.0005402061301431973,1
6985,0.6202230048587681,0.951229424500714,0.9988895561519979,0.0005555304237882261,0
6986,0.6117463509032527,1.0,0.9989176797141774,0.0005414532086913481,1
6987,0.6202206555659285,0.951229424500714,0.998903251632843,0.0005486751178766595,0
6988,0.6117541141025735,1.0,0.9988713669137468,0.0005646352361016542,1
6989,0.6202201715435656,0.951229424500714,0.9989060733317823,0.000547262721356118,0
6990,0.6117501536682091,1.0,0.9988949932149619,0.0005528088775805618,1
6991,0.6117464703127385,1.0,0.9989169673304558,0.0005418097866107045,1
6992,0.6202200335466037,0.951229424500714,0.9989068778129759,0.00054686004041785,0
6993,0.6117483961522386,1.0,0.9989054780911684,0.0005475606676831399,1
6994,0.6117490585971239,1.0,0.9989015261005387,0.0005495388320510428,1
6995,0.6117492973539496,1.0,0.998900101739125,0.0005502517964384647,1
6996,0.620219804082136,0.951229424500714,0.9989082155245352,0.0005461904531453428,0
6997,0.611745505466647,1.0,0.9989227235167839,0.0005389285812995104,1
6998,0.6202210597822958,0.951229424500714,0.9989008951865944,0.000549854636025268,0
6999,0.6288788037264474,0.9048374180359595,0.998879735847787,0.0005604460585666055,0
7000,0.6117492645304988,1.0,0.9989002975551544,0.0005501537806259324,1
7001,0.6202237347509558,0.951229424500714,0.9988853012135355,0.000557660262617043,0
7002,0.6288723646149877,0.9048374180359595,0.9989165481929173,0.0005420195826398538,0
7003,0.6117473627459831,1.0,0.9989116431970043,0.0005444747466695443,1
7004,0.6202179790542849,0.951229424500714,0.9989188550006052,0.000540864929116269,0
7005,0.6288750645999497,0.9048374180359595,0.9989011121780645,0.0005497460209226343,0
7006,0.6376856148225652,0.8607079764250578,0.9988948640634796,0.0005528735247614552,0
7007,0.6466240341907428,0.8187307530779818,0.9988927974125732,0.0005539079945133374,0
7008,0.6117485934731433,1.0,0.9989043009185372,0.0005481498992724182,1
7009,0.6117467180356306,1.0,0.9989154894456398,0.0005425495307323511,1
7010,0.6117485211253122,1.0,0.9989047325293654,0.0005479338571878483,1
7011,0.6202209487652258,0.951229424500714,0.9989015423781984,0.0005495306842711973,0
7012,0.6288749227293604,0.9048374180359595,0.9989019232547255,0.0005493400366255503,0
7013,0.6117509307370875,1.0,0.9988903574797896,0.0005551293146438863,1
7014,0.6202208371480566,0.951229424500714,0.9989021930687783,0.0005492049813163196,0
7015,0.6117533065709533,1.0,0.9988761842429605,0.0005622238557393202,1
7016,0.6117485172784594,1.0,0.9989047554788284,0.0005479223698747966,1
7017,0.6117502091742427,1.0,0.9988946620833076,0.0005529746265889713,1
7018,0.6117485159332311,1.0,0.9989047635041595,0.0005479183528096436,1
7019,0.6117518445758201,1.0,0.9988849058622801,0.0005578581588785522,1
7020,0.611752568067699,1.0,0.9988805898139879,0.0005600185967785854,1
7021,0.611749050258296,1.0,0.9989015758478823,0.0005495139310267839,1
7022,0.6117500631512107,1.0,0.9988955332114452,0.0005525385807320617,1
7023,0.6117481461249666,1.0,0.998906969701252,0.0005468140460043764,1
7024,0.6117474449627162,1.0,0.9989111527054716,0.0005447202597018769,1
7025,0.6117500188770386,1.0,0.9988957973376544,0.0005524063716243485,1
7026,0.6117504560104988,1.0,0.9988931895373181,0.0005537117148579935,1
7027,0.6202196664420783,0.951229424500714,0.9989090179275358,0.0005457888133020094,0
7028,0.6117465842766139,1.0,0.998916287435351,0.0005421501028523763,1
7029,0.6117458909449923,1.0,0.9989204237811545,0.0005400796905006846,1
7030,0.6117500361678758,1.0,0.9988956941857804,0.0005524580045772428,1
7031,0.6202230869073729,0.951229424500714,0.9988890778447753,0.0005557698433187178,0
7032,0.6117514047262056,1.0,0.9988875298337636,0.0005565447102411437,1
7033,0.611748239559806,1.0,0.9989064122882749,0.000547093057538777,1
7034,0.6202172878059062,0.951229424500714,0.9989228848555727,0.0005388478249147077,0
7035,0.6288707141972414,0.9048374180359595,0.9989259839131925,0.0005372966276903757,0
7036,0.6376887084767008,0.8607079764250578,0.9988774607787826,0.0005615848701340455,0
7037,0.6466192812943609,0.8187307530779818,0.9989191927888994,0.0005406958522010449,0
7038,0.655665977054811,0.7788007830714049,0.9988823713333602,0.0005591268396447561,0
7039,0.6647800245353468,0.7408182206817179,0.9988925466904354,0.0005540334945519365,0
7040,0.6739440569107653,0.7046880897187134,0.9989046958655542,0.0005479522091941398,0
7041,0.6831413363052166,0.6703200460356393,0.9988760046556941,0.0005623137504056337,0
7042,0.6923310080950069,0.6376281516217733,0.9989000724561747,0.0005502664540356905,0
7043,0.7015095080322838,0.6065306597126334,0.9988739698828739,0.0005633322826775305,0
7044,0.611749732885424,1.0,0.9988975034789358,0.0005515523587088435,1
7045,0.6117492295373193,1.0,0.9989005063152762,0.0005500492856626047,1
7046,0.6202196395624124,0.951229424500714,0.9989091746285687,0.0005457103772193992,0
7047,0.6117463264888229,1.0,0.9989178253680461,0.0005413803028548347,1
7048,0.6202186534638153,0.951229424500714,0.9989149233354562,0.0005428328932139832,0
7049,0.6288755849836806,0.9048374180359595,0.9988981371427392,0.0005512351772161132,0
7050,0.6117502287375763,1.0,0.9988945453746111,0.0005530330455132693,1
7051,0.6202185997695119,0.951229424500714,0.9989152363610987,0.000542676210404379,0
7052,0.6288722802544555,0.9048374180359595,0.9989170304935646,0.0005417781708163037,0
7053,0.6376857209875992,0.8607079764250578,0.9988942668278883,0.0005531724730248438,0
7054,0.6466216627378291,0.8187307530779818,0.9989059672523356,0.0005473158191673644,0
7055,0.6556676171524158,0.7788007830714049,0.9988733523815575,0.0005636413814857159,0
7056,0.6647804797303766,0.7408182206817179,0.9988900607573531,0.0005552778406949923,0
7057,0.611749704905888,1.0,0.9988976703967963,0.0005514688076707994,1
7058,0.6117485491471193,1.0,0.9989045653575566,0.0005480175347485983,1
7059,0.620221017934744,0.951229424500714,0.9989011391434595,0.0005497325233930697,0
7060,0.628878671289027,0.9048374180359595,0.9988804929728614,0.0005600670716073757,0
7061,0.611750944516222,1.0,0.9988902752783351,0.0005551704610306192,1
7062,0.611748900579351,1.0,0.9989024687953378,0.0005490669665419998,1
7063,0.6117472534295706,1.0,0.9989122953613346,0.0005441483093304979,1
7064,0.6202228082368768,0.951229424500714,0.9988907023723379,0.0005549566768332549,0
7065,0.6117488696633018,1.0,0.9989026532329676,0.0005489746464114224,1
7066,0.6117514789138413,1.0,0.9988870872585,0.0005567662443720988,1
7067,0.6117521595792802,1.0,0.9988830266806737,0.0005587987994683324,1
7068,0.6117444177773894,1.0,0.9989292126341561,0.0005356805341070155,1
7069,0.6117491354285421,1.0,0.9989010677438549,0.0005497682624689062,1
7070,0.6117461242070881,1.0,0.9989190321603962,0.0005407762533572321,1
7071,0.6117479230003658,1.0,0.9989083008184787,0.0005461477595632409,1
7072,0.6117489754680209,1.0,0.9989020220279612,0.0005492905957202719,1
7073,0.6117495136972535,1.0,0.9988988110936082,0.0005508978301851384,1
7074,0.6117487862669321,1.0,0.9989031507556787,0.0005487256118405151,1
7075,0.6117488687070863,1.0,0.9989026589375174,0.0005489717910031252,1
7076,0.6202215307683244,0.951229424500714,0.9988981495055423,0.0005512289889960186,0
7077,0.6117482731618769,1.0,0.9989062118253648,0.0005471933987358044,1
7078,0.6202231645283961,0.951229424500714,0.9988886253487038,0.0005559963430292459,0
7079,0.6288711645040346,0.9048374180359595,0.9989234094203219,0.0005385852597960951,0
7080,0.6117494131586647,1.0,0.9988994108792696,0.000550597606841882,1
7081,0.6202229206603351,0.951229424500714,0.998890046992111,0.0005552847309638321,0
7082,0.6288750757396666,0.9048374180359595,0.9989010484921437,0.0005497778989143888,0
7083,0.6376854411906006,0.8607079764250578,0.9988958408379459,0.0005523845974359697,0
7084,0.6117506035309777,1.0,0.9988923094789769,0.0005541522317911737,1
7085,0.6202223415587736,0.951229424500714,0.9988934229107591,0.0005535948988579776,0
7086,0.6288763707707188,0.9048374180359595,0.9988936448186891,0.0005534838219901321,0
7087,0.6376882887681474,0.8607079764250578,0.9988798218172815,0.0005604030256129557,0
7088,0.6117515940194687,1.0,0.9988864005826181,0.0005571099649620381,1
7089,0.620219453235615,0.951229424500714,0.9989102608633368,0.0005451666670377664,0
7090,0.628880820317305,0.9048374180359595,0.9988682073933071,0.0005662167838070536,0
7091,0.6376839834836312,0.8607079764250578,0.9989040412829782,0.0005482798594660757,0
7092,0.6466262431931957,0.8187307530779818,0.998880529931417,0.0005600485716190742,0
7093,0.655659440652985,0.7788007830714049,0.9989183161705077,0.0005411346358296991,0
7094,0.6647777336662559,0.7408182206817179,0.9989050577996113,0.0005477710437671564,0
7095,0.6739430782445128,0.7046880897187134,0.9989100186398274,0.0005452879109313604,0
7096,0.6117525092694057,1.0,0.9988809405788348,0.0005598430178410842,1
7097,0.620225222359416,0.951229424500714,0.9988766292148663,0.0005620011195215178,0
7098,0.611745851362216,1.0,0.9989206599287387,0.0005399614891151639,1
7099,0.6117490161721195,1.0,0.9989017791974502,0.0005494121444483842,1
7100,0.6117466698502347,1.0,0.9989157769136281,0.0005424056407086519,1
7101,0.6202253313884732,0.951229424500714,0.9988759936352866,0.0005623192668098707,0
7102,0.6288738984105385,0.9048374180359595,0.9989077793299945,0.0005464087888388169,0
7103,0.6376884426249838,0.8607079764250578,0.9988789563065317,0.0005608362664823387,0
7104,0.6117465646417453,1.0,0.998916404574623,0.0005420914696782781,1
7105,0.6202198016438616,0.951229424500714,0.9989082297389846,0.0005461833381526372,0
7106,0.6117478077143095,1.0,0.998908988593325,0.0005458034964266569,1
7107,0.6117497853986931,1.0,0.9988971901999961,0.0005517091710883727,1
7108,0.6202214683628292,0.951229424500714,0.9988985133067685,0.0005510468877677425,0
7109,0.6117504380763671,1.0,0.9988932965264905,0.0005536581610007047,1
7110,0.620219866558838,0.951229424500714,0.998907851303158,0.0005463727629101624,0
7111,0.6288735599170799,0.9048374180359595,0.9989097145220559,0.0005454401357625081,0
7112,0.6117480476559967,1.0,0.9989075571473187,0.0005465200016580528,1
7113,0.620220738843714,0.951229424500714,0.9989027661505541,0.0005489181255983953,0
7114,0.6288732460721419,0.9048374180359595,0.998911508801249,0.0005445420177666786,0
7115,0.6376836963231747,0.8607079764250578,0.9989056567369136,0.0005474712469456161,0
7116,0.611748829188211,1.0,0.9989028946975911,0.0005488537814834982,1
7117,0.6117492963377882,1.0,0.998900107801274,0.0005502487620264247,1
7118,0.6117527925004191,1.0,0.9988792509484407,0.0005606887802110074,1
7119,0.6117489638930956,1.0,0.9989020910810977,0.0005492560312021098,1
7120,0.6117503050943831,1.0,0.9988940898541075,0.0005532610578742849,1
7121,0.6117465226205094,1.0,0.998916655268347,0.0005419659868594081,1
7122,0.6117492471033279,1.0,0.9989004015210724,0.0005501017404409425,1
7123,0.6117473114252426,1.0,0.9989119493682996,0.0005443214942519969,1
7124,0.6117516991770766,1.0,0.9988857732534098,0.0005574239793509472,1
7125,0.611750114865963,1.0,0.9988952246971362,0.0005526930084706529,1
7126,0.6117476541867112,1.0,0.9989099045110919,0.0005453450375693639,1
7127,0.6117501223876995,1.0,0.9988951798247806,0.0005527154694633189,1
7128,0.611747759525985,1.0,0.9989092760759809,0.0005456595981247396,1
7129,0.6117498031703528,1.0,0.9988970841794598,0.0005517622398841286,1
7130,0.6117492542002885,1.0,0.9989003591824703,0.0005501229330457456,1
7131,0.6117514928995919,1.0,0.9988870038248558,0.0005568080076747922,1
7132,0.61174996058285,1.0,0.9988961451031663,0.0005522322966846822,1
7133,0.6117499484726944,1.0,0.9988962173487183,0.0005521961339916023,1
7134,0.6117503379868793,1.0,0.9988938936279982,0.0005533592795629579,1
7135,0.6117524393708411,1.0,0.998881357563276,0.000559634292087442,1
7136,0.6117496680791266,1.0,0.9988978900947217,0.0005513588374968443,1
7137,0.6117512708767,1.0,0.9988883283298304,0.0005561450177213174,1
7138,0.6117476635775665,1.0,0.9989098484869188,0.0005453730802258497,1
7139,0.6117506942225143,1.0,0.9988917684438684,0.0005544230494008206,1
7140,0.6202218327460868,0.951229424500714,0.9988963890882385,0.000552110169352574,0
7141,0.611748193977358,1.0,0.9989066842236978,0.0005469569409904529,1
7142,0.6202207616632216,0.951229424500714,0.998902633120337,0.0005489847137741617,0
7143,0.611747558119501,1.0,0.9989104776312596,0.0005450581648490102,1
7144,0.6117497485915072,1.0,0.9988974097809812,0.0005515992593962018,1
7145,0.6202194675029993,0.951229424500714,0.9989101776882909,0.0005452082999314489,0
7146,0.6288745486548196,0.9048374180359595,0.9989040618497546,0.0005482695647954772,0
7147,0.6117484886088874,1.0,0.998904926515106,0.0005478367579773791,1
7148,0.6117477654049033,1.0,0.9989092410034324,0.0005456771535474171,1
7149,0.6202192003782996,0.951229424500714,0.9989117349556988,0.0005444288173368829,0
7150,0.6288753461973693,0.9048374180359595,0.9988995022832939,0.0005505518544772645,0
7151,0.6376841646079701,0.8607079764250578,0.9989030223490619,0.0005487898856517287,0
7152,0.646625247551969,0.8187307530779818,0.9988860591056526,0.0005572808938202731,0
7153,0.6117446523071144,1.0,0.9989278134323966,0.0005363808854040881,1
7154,0.6117471913354099,1.0,0.9989126658055052,0.0005439628855933044,1
7155,0.6202204977556264,0.951229424500714,0.9989041716162819,0.0005482146213202033,0
7156,0.6288780103060226,0.9048374180359595,0.9988842717262151,0.0005581755809672227,0
7157,0.6117531035015232,1.0,0.9988773956589551,0.0005616174666397042,1
7158,0.620216698399485,0.951229424500714,0.9989263210083641,0.0005371278989155799,0
7159,0.6117458459165164,1.0,0.998920692417341,0.0005399452272622062,1
7160,0.6117507493002311,1.0,0.9988914398690075,0.0005545875191288055,1
7161,0.6202171211355095,0.951229424500714,0.998923856517776,0.0005383614701892265,0
7162,0.6117561950971282,1.0,0.9988589529028847,0.0005708492934941886,1
7163,0.6202214518341432,0.951229424500714,0.9988986096629974,0.0005509986565296011,0
7164,0.6117497995686522,1.0,0.9988971056661534,0.0005517514846753036,1
7165,0.6202227569070528,0.951229424500714,0.9988910016032558,0.0005548068952443188,0
7166,0.6288686332432691,0.9048374180359595,0.9989378812548797,0.0005313415964718863,0
7167,0.6117536953076493,1.0,0.9988738652301761,0.000563384668016632,1
7168,0.6117476914968053,1.0,0.998909681925731,0.0005454564517142338,1
7169,0.6117546009032715,1.0,0.9988684629214029,0.0005660888750092801,1
7170,0.6202266513928013,0.951229424500714,0.9988682987800603,0.0005661710386585001,0
7171,0.6288716862803598,0.9048374180359595,0.9989204263332709,0.0005400784130634177,0
7172,0.6117476884672206,1.0,0.9989096999996895,0.000545447404871133,1
7173,0.6117461899209211,1.0,0.9989186401180817,0.0005409724866748329,1
7174,0.6202213652777331,0.951229424500714,0.9988991142556114,0.000550746082103269,0
7175,0.6288718991128378,0.9048374180359595,0.9989192095360176,0.000540687469581974,0
7176,0.6376849979855803,0.8607079764250578,0.9988983341134073,0.0005511365832547582,0
7177,0.6466225945887265,0.8187307530779818,0.9989007922023992,0.0005499061847830229,0
7178,0.6556617823331656,0.7788007830714049,0.9989054386808593,0.000547580394429392,0
7179,0.6117494954381578,1.0,0.9988989200223274,0.0005508433057868541,1
7180,0.620224015178936,0.951229424500714,0.9988836664532166,0.0005584785555955273,0
7181,0.6117482838928914,1.0,0.9989061478063951,0.0005472254432716016,1
7182,0.6202224950342767,0.951229424500714,0.9988925282115133,0.0005540427442566371,0
7183,0.6288770621382228,0.9048374180359595,0.9988896923113098,0.0005554622684542504,0
7184,0.6376837421317623,0.8607079764250578,0.9989053990352477,0.0005476002389566885,0
7185,0.6117474078040872,1.0,0.9989113743877076,0.0005446092977755742,1
7186,0.6202178676295904,0.951229424500714,0.9989195045851679,0.0005405397854130231,0
7187,0.6117486054455665,1.0,0.9989042294937893,0.0005481856508205716,1
7188,0.6117449714676255,1.0,0.9989259093290159,0.0005373339598754115,1
7189,0.620223823312523,0.951229424500714,0.9988847849417595,0.00055791868663667,0
7190,0.6288778064009085,0.9048374180359595,0.9988854374289854,0.0005575920788923704,0
7191,0.6117505546959132,1.0,0.998892600812676,0.0005540064034302195,1
7192,0.611751975382851,1.0,0.998884125520474,0.0005582487654971415,1
7193,0.6117502636417161,1.0,0.9988943371475391,0.0005531372742802846,1
7194,0.6117500052361161,1.0,0.9988958787152595,0.0005523656378451029,1
7195,0.6202239539152457,0.951229424500714,0.9988840235907553,0.0005582997872929763,0
7196,0.6117474185058066,1.0,0.9989113105430115,0.0005446412549140008,1
7197,0.6202222405143576,0.951229424500714,0.9988940119588918,0.0005533000486039183,0
7198,0.6117463396106055,1.0,0.9989177470848948,0.0005414194868359692,1
7199,0.6117482122053342,1.0,0.9989065754793621,0.0005470113726722811,1
7200,0.6117497762470598,1.0,0.9988972447959764,0.0005516818429612018,1
7201,0.6202240575368432,0.951229424500714,0.9988834195273119,0.0005586021565430149,0
7202,0.6288749135060485,0.9048374180359595,0.9989019759845928,0.0005493136427100491,0
7203,0.6376856883076174,0.8607079764250578,0.9988944506703682,0.0005530804500405106,0
7204,0.6117496500629787,1.0,0.9988979975739338,0.0005513050386013843,1
7205,0.6117491691357982,1.0,0.9989008666550449,0.0005498689174970764,1
7206,0.6202228849971356,0.951229424500714,0.9988902548931012,0.0005551806649712251,0
7207,0.6117553558600125,1.0,0.9988639592786898,0.0005683432523538032,1
7208,0.6117511978397479,1.0,0.9988887640413618,0.0005559269195495346,1
7209,0.6117528749146786,1.0,0.9988787593023873,0.0005609348791132523,1
7210,0.6202226824279703,0.951229424500714,0.9988914357846759,0.0005545895635609978,0
7211,0.6288703608205028,0.9048374180359595,0.9989280042440983,0.000536285377159645,0
7212,0.6376841575681427,0.8607079764250578,0.9989030619523227,0.0005487700622758978,0
7213,0.6117473835093992,1.0,0.9989115193258381,0.0005445367497379491,1
7214,0.6117495553877929,1.0,0.9988985623794366,0.0005510223243780436,1
7215,0.6202186312999233,0.951229424500714,0.9989150525459162,0.0005427682178103866,0
7216,0.6288749961729265,0.9048374180359595,0.9989015033764511,0.0005495502065896262,0
7217,0.6376824079950576,0.8607079764250578,0.9989129044153013,0.0005438434508440296,0
7218,0.6117500780446452,1.0,0.9988954443617803,0.0005525830546864653,1
7219,0.6117512886096477,1.0,0.9988882225416452,0.0005561979706830379,1
7220,0.6117482921629431,1.0,0.9989060984690143,0.0005472501389760362,1
7221,0.6202227282521025,0.951229424500714,0.9988911686494144,0.0005547232794422643,0
7222,0.6288726354156203,0.9048374180359595,0.9989149999909673,0.0005427945238261193,0
7223,0.6376833944687667,0.8607079764250578,0.9989073548569832,0.0005466212574521634,0
7224,0.6117471081228336,1.0,0.9989131622392036,0.0005437143986174238,1
7225,0.6117491916557012,1.0,0.9989007323071369,0.0005499361653699356,1
7226,0.6117492440197364,1.0,0.9989004199169699,0.0005500925323671123,1
7227,0.6202239853056641,0.951229424500714,0.9988838405998501,0.0005583913849748612,0
7228,0.6288763958991862,0.9048374180359595,0.9988935011603464,0.0005535557307233074,0
7229,0.6376843438633574,0.8607079764250578,0.9989020139304483,0.0005492946489270216,0
7230,0.6117511773703902,1.0,0.9988888861540547,0.0005558657952834106,1
7231,0.611751778716485,1.0,0.9988852987527643,0.0005576614943756536,1
7232,0.6202188310543629,0.951229424500714,0.9989138880237334,0.0005433511116503862,0
7233,0.6288778282992288,0.9048374180359595,0.9988853122386452,0.0005576547439105236,0
7234,0.6376851702516595,0.8607079764250578,0.998897365019667,0.0005516216647577432,0
7235,0.611748188233821,1.0,0.9989067184884549,0.0005469397898605604,1
7236,0.611752918797627,1.0,0.9988784975167887,0.0005610659188568329,1
7237,0.6202227730519418,0.951229424500714,0.9988909074854447,0.0005548540063982915,0
7238,0.6288769537819714,0.9048374180359595,0.9988903117762282,0.00055515219181059,0
7239,0.6117516081539023,1.0,0.9988863162620745,0.0005571521722376597,1
7240,0.6202202169943812,0.951229424500714,0.9989058083672643,0.0005473953487172591,0
7241,0.6117458996609826,1.0,0.9989203717822853,0.000540105718034664,1
7242,0.6117513628238191,1.0,0.9988877798076193,0.0005564195841298521,1
7243,0.6202198616619281,0.951229424500714,0.9989078798507408,0.0005463584735127793,0
7244,0.6288763838674067,0.9048374180359595,0.9988935699454969,0.0005535213000517212,0
7245,0.6376858743729391,0.8607079764250578,0.9988934039534152,0.0005536043880305216,0
7246,0.6117467682308573,1.0,0.9989151899873876,0.0005426994224400347,1
7247,0.6117500951732407,1.0,0.9988953421778445,0.0005526342031533416,1
7248,0.611746715697458,1.0,0.99891550339488,0.0005425425485400608,1
7249,0.6117519768071786,1.0,0.9988841170235164,0.0005582530187220251,1
7250,0.6117482369381095,1.0,0.9989064279287685,0.0005470852287305328,1
7251,0.6117494343479812,1.0,0.9988992844695702,0.0005506608813348003,1
7252,0.6117478353610214,1.0,0.9989088236581964,0.0005458860540690731,1
7253,0.6202182217233443,0.951229424500714,0.9989174402886922,0.0005415730511561972,0
7254,0.6288736618174893,0.9048374180359595,0.998909131949367,0.0005457317401238886,0
7255,0.6117472365136221,1.0,0.99891239627925,0.0005440977954312085,1
7256,0.620219460981734,0.951229424500714,0.9989102157055272,0.000545189270575038,0
7257,0.6117506024192496,1.0,0.9988923161111738,0.0005541489120154849,1
7258,0.6202190922696795,0.951229424500714,0.9989123652017736,0.0005441133510879864,0
7259,0.6288772401397515,0.9048374180359595,0.9988886746904659,0.0005559716446997116,0
7260,0.6376836509660626,0.8607079764250578,0.9989059118988345,0.0005473435262310982,0
7261,0.6466235647380942,0.8187307530779818,0.9988954044961975,0.0005526030095194964,0
7262,0.6556629947691697,0.7788007830714049,0.9988987712657358,0.0005509177660749425,0
7263,0.6117497671863481,1.0,0.9988972988495497,0.0005516547863385012,1
7264,0.6202232121955938,0.951229424500714,0.9988883474702683,0.0005561354368516542,0
7265,0.6288750797993311,0.9048374180359595,0.9989010252829853,0.0005497895162605977,0
7266,0.6117518173893826,1.0,0.9988850680456778,0.0005577769766604907,1
7267,0.6202211963130974,0.951229424500714,0.998900099259468,0.0005502530376321546,0
7268,0.6288775720781233,0.9048374180359595,0.9988867770284624,0.0005569215322368335,0
7269,0.6117487028124159,1.0,0.998903648625649,0.0005484764035734971,1
7270,0.6117526594476391,1.0,0.9988800446816812,0.0005602914684615982,1
7271,0.6202220547933885,0.951229424500714,0.9988950946384179,0.0005527581097563854,0
7272,0.6288774467521602,0.9048374180359595,0.9988874935052181,0.0005565628947439183,0
7273,0.6117529962225764,1.0,0.998878035635206,0.0005612971189930748,1
7274,0.611747364782416,1.0,0.9989116310479758,0.0005444808278023101,1
7275,0.6117497485208258,1.0,0.9988974102026462,0.0005515990483309529,1
7276,0.6202213613781812,0.951229424500714,0.9988991369885992,0.0005507347030824918,0
7277,0.6288722051601354,0.9048374180359595,0.9989174598182821,0.0005415632757789575,0
7278,0.6376843876293461,0.8607079764250578,0.9989017677208222,0.0005494178890712519,0
7279,0.6117506733048982,1.0,0.9988918932312694,0.0005543605864808485,1
7280,0.6202183758177441,0.951229424500714,0.9989165419507505,0.0005420227071084671,0
7281,0.6117508544975927,1.0,0.9988908122979007,0.0005549016530171214,1
7282,0.6202174883594357,0.951229424500714,0.9989217156618195,0.000539433052490891,0
7283,0.628872661037637,0.9048374180359595,0.9989148535067804,0.0005428678454789487,0
7284,0.611751280874649,1.0,0.9988882686857744,0.0005561748729393855,1
7285,0.6117496353068823,1.0,0.9988980856046181,0.0005512609747026503,1
7286,0.6202236321542979,0.951229424500714,0.9988858993036841,0.0005573608839151661,0
7287,0.628877205743444,0.9048374180359595,0.9988888713313616,0.000555873214873995,0
7288,0.6376836455250766,0.8607079764250578,0.9989059425077649,0.0005473282050033807,0
7289,0.6117493948759757,1.0,0.9988995199488389,0.0005505430119736873,1
7290,0.6202213071327464,0.951229424500714,0.9988994532200908,0.0005505764131061304,0
7291,0.6117509123346008,1.0,0.9988904672625493,0.0005550743622895866,1
7292,0.6117538632945227,1.0,0.99887286310524,0.0005638862956363018,1
7293,0.6117475989192214,1.0,0.9989102342272064,0.0005451799996322285,1
7294,0.620221949889333,0.951229424500714,0.998895706188158,0.0005524519967539663,0
7295,0.6117466078778541,1.0,0.9989161466332084,0.0005422205803059329,1
7296,0.6117479745051351,1.0,0.9989079935509788,0.0005463015612419699,1
7297,0.6117501777226938,1.0,0.9988948497134014,0.0005528807077388111,1
7298,0.6117466217692267,1.0,0.9989160637589743,0.0005422620623851889,1
7299,0.6117506546706675,1.0,0.9988920043967877,0.0005543049420647983,1
7300,0.620219278344981,0.951229424500714,0.9989112804299007,0.0005446563278794153,0
7301,0.611746379429177,1.0,0.998917509531614,0.0005415383921761341,1
7302,0.6117525272288763,1.0,0.9988808334404852,0.0005598966470329878,1
7303,0.6202200257145185,0.951229424500714,0.9989069234717279,0.0005468371860597268,0
7304,0.6288809750975441,0.9048374180359595,0.9988673225524864,0.0005666597057090418,0
7305,0.6117485479131379,1.0,0.9989045727192111,0.0005480138498848006,1
7306,0.6202223196869856,0.951229424500714,0.998893550414407,0.0005535310764136197,0
7307,0.6117483542615083,1.0,0.9989057280022163,0.0005474355752583866,1
7308,0.6202211048188166,0.951229424500714,0.9989006326392289,0.0005499860541676152,0
7309,0.6117472917176823,1.0,0.9989120669404772,0.0005442626441347798,1
7310,0.6202213259627248,0.951229424500714,0.9988993434480322,0.0005506313596096575,0
7311,0.6117478790439249,1.0,0.9989085630542223,0.0005460164984109685,1
7312,0.6202197371255315,0.951229424500714,0.9989086058626786,0.0005459950707963749,0
7313,0.6117512056694323,1.0,0.9988887173323369,0.0005559503000438137,1
7314,0.6117472695657186,1.0,0.9989121990956021,0.0005441964946104409,1
7315,0.6202225578821728,0.951229424500714,0.9988921618343819,0.0005542261359570797,0
7316,0.6117484191534766,1.0,0.9989053408707917,0.0005476293530538445,1
7317,0.6117494720099902,1.0,0.9988990597883283,0.0005507733457597137,1
7318,0.6202215493076403,0.951229424500714,0.9988980414281443,0.0005512830873062327,0
7319,0.628875250344368,0.9048374180359595,0.9989000502752978,0.0005502775566863484,0
7320,0.6117500580646374,1.0,0.9988955635563851,0.0005525233914863314,1
7321,0.6117502360729299,1.0,0.9988945016142033,0.0005530549499319634,1
7322,0.6117472156995426,1.0,0.9989125204528285,0.0005440356410464463,1
7323,0.6117496325611839,1.0,0.9988981019846778,0.0005512527756382022,1
7324,0.6202216426512361,0.951229424500714,0.9988974972695367,0.0005515554668350853,0
7325,0.628875882713748,0.9048374180359595,0.9988964350244686,0.0005520871758622266,0
7326,0.6117495619338392,1.0,0.9988985233275512,0.0005510418718514648,1
7327,0.62022007432559,0.951229424500714,0.9989066400835337,0.0005469790352289788,0
7328,0.628874725353304,0.9048374180359595,0.9989030516586067,0.0005487752147859272,0
7329,0.6117490646239137,1.0,0.9989014901462336,0.0005495568289730629,1
7330,0.620221821860601,0.951229424500714,0.9988964525464685,0.0005520784051833123,0
7331,0.6288723956840325,0.9048374180359595,0.9989163705670383,0.0005421084919161809,0
7332,0.6376828321991401,0.8607079764250578,0.9989105179856579,0.0005450379656428024,0
7333,0.6466204211980899,0.8187307530779818,0.9989128622156657,0.0005438645736247807,0
7334,0.6556634246650495,0.7788007830714049,0.9988964071993768,0.0005521011037786525,0
7335,0.6647777524414072,0.7408182206817179,0.9989049552622863,0.0005478223686300131,0
7336,0.6117464224817806,1.0,0.9989172526845436,0.0005416669548957548,1
7337,0.6202202426587908,0.951229424500714,0.9989056587515568,0.0005474702385204357,0
7338,0.6288724931481382,0.9048374180359595,0.998915813352005,0.0005423874017454534,0
7339,0.6117486456044035,1.0,0.9989039899153795,0.0005483055714453565,1
7340,0.6202194613495394,0.951229424500714,0.9989102135613197,0.0005451903438483928,0
7341,0.6117511029432507,1.0,0.9988893301593047,0.0005556435457631753,1
7342,0.6202197724051078,0.951229424500714,0.9989084001926595,0.0005460980181726868,0
7343,0.6117503242056985,1.0,0.9988939758421069,0.0005533181269911626,1
7344,0.6202205320428806,0.951229424500714,0.9989039717324858,0.0005483146728675586,0
7345,0.6117462160135222,1.0,0.9989184844522343,0.0005410504038611651,1
7346,0.6117510079332076,1.0,0.9988898969551042,0.0005553598328324412,1
7347,0.6202216591929333,0.951229424500714,0.9988974008376108,0.0005516037360172649,0
7348,0.611752653345759,1.0,0.9988800810827848,0.0005602732475034961,1
7349,0.6202259629348893,0.951229424500714,0.9988723120775439,0.0005641621204526867,0
7350,0.6288724471650744,0.9048374180359595,0.9989160762431394,0.000542255813529311,0
7351,0.6117479224131911,1.0,0.9989083043214505,0.000546146006163136,1
7352,0.6202209503460031,0.951229424500714,0.9989015331628024,0.0005495352970361416,0
7353,0.6117488450403264,1.0,0.998902800127686,0.0005489011183718678,1
7354,0.6117511604330336,1.0,0.9988889871961393,0.000555815218046566,1
7355,0.6202206657995998,0.951229424500714,0.9989031919738639,0.0005487049801184237,0
7356,0.6117481551722883,1.0,0.9989069157267766,0.0005468410627729907,1
7357,0.6202199954744783,0.951229424500714,0.9989070997622925,0.0005467489443302841,0
7358,0.6288761758160679,0.9048374180359595,0.9988947593668002,0.0005529259310199514,0
7359,0.6117484938815725,1.0,0.9989048950594388,0.0005478525030532199,1
7360,0.6202210897256105,0.951229424500714,0.998900720627398,0.0005499420116660754,0
7361,0.6117482999126836,1.0,0.998906052235704,0.0005472732809468217,1
7362,0.6202195534847246,0.951229424500714,0.9989096764379678,0.0005454591985908431,0
7363,0.6288766694924922,0.9048374180359595,0.9988919370412688,0.0005543386571816241,0
7364,0.6117502590645054,1.0,0.9988943644537286,0.0005531236060732733,1
7365,0.6117506756882696,1.0,0.998891879012883,0.0005543677035605686,1
7366,0.6202176854712764,0.951229424500714,0.9989205665344402,0.0005400082367231923,0
7367,0.6288755198673753,0.9048374180359595,0.9988985094121913,0.0005510488372036465,0
7368,0.637684099371379,0.8607079764250578,0.998903389344175,0.000548606186615138,0
7369,0.6466248607395954,0.8187307530779818,0.9988882072319417,0.0005562056340548074,0
7370,0.6556696993082315,0.7788007830714049,0.9988619026737007,0.0005693727254302907,0
7371,0.6117492069379855,1.0,0.9989006411370018,0.0005499818006049209,1
7372,0.6202215159267148,0.951229424500714,0.998898236026684,0.0005511856807078261,0
7373,0.6288753611289256,0.9048374180359595,0.9988994169195619,0.0005505945833681296,0
7374,0.6376837240632871,0.8607079764250578,0.9989055006815966,0.0005475493600927882,0
7375,0.6117486925318655,1.0,0.9989037099570147,0.0005484457042343115,1
7376,0.6202222191057237,0.951229424500714,0.9988941367626435,0.0005532375776398308,0
7377,0.6288732322545234,0.9048374180359595,0.9989115877978927,0.0005445024764059594,0
7378,0.6376807515190483,0.8607079764250578,0.9989222232631975,0.000539178977901738,0
7379,0.6466219309333845,0.8187307530779818,0.9989044778203494,0.0005480613513522977,0
7380,0.6117509068743441,1.0,0.9988904998365218,0.0005550580572126185,1
7381,0.6202233512686942,0.951229424500714,0.998887536736947,0.0005565412548054202,0
7382,0.6288727873213547,0.9048374180359595,0.9989141315278246,0.0005432292272394794,0
7383,0.611751437738808,1.0,0.9988873328930771,0.000556643290261463,1
7384,0.6202175127728607,0.951229424500714,0.998921573335741,0.0005395042923520214,0
7385,0.6288766380419641,0.9048374180359595,0.9988921168421768,0.0005542486570098004,0
7386,0.6117544025732508,1.0,0.998869646050599,0.0005654966406263543,1
7387,0.6117489429518389,1.0,0.998902216011465,0.0005491934973659035,1
7388,0.6202229302518911,0.951229424500714,0.9988899910775089,0.0005553127193315219,0
7389,0.6288751152357774,0.9048374180359595,0.9989008226923602,0.0005498909230268652,0
7390,0.6376828641584558,0.8607079764250578,0.9989103381935834,0.0005451279597350782,0
7391,0.646623471283752,0.8187307530779818,0.9988959234915715,0.0005523432249430117,0
7392,0.6117479264454418,1.0,0.9989082802658168,0.0005461580471251966,1
7393,0.6117485435036236,1.0,0.998904599025381,0.0005480006823759901,1
7394,0.6202195075810313,0.951229424500714,0.9989099440441036,0.0005453252494929987,0
7395,0.6117469504858175,1.0,0.9989141026789158,0.0005432436673741795,1
7396,0.6117497241907318,1.0,0.9988975553489629,0.0005515263950711618,1
7397,0.6202207992099302,0.951229424500714,0.9989024142354409,0.0005490942764647096,0
7398,0.6117523883763757,1.0,0.998881661774247,0.000559482016282959,1
7399,0.611751593870527,1.0,0.9988864014711457,0.0005571095202030091,1
7400,0.6202210289538201,0.951229424500714,0.9989010749060188,0.0005497646774472514,0
7401,0.6288764150602963,0.9048374180359595,0.9988933916171417,0.0005536105630004682,0
7402,0.611753277781253,1.0,0.9988763559885361,0.0005621378863451585,1
7403,0.6117502989432048,1.0,0.9988941265500758,0.0005532426895768258,1
7404,0.6117489780700887,1.0,0.9989020065046708,0.0005492983658970227,1
7405,0.6117488743987626,1.0,0.9989026249823575,0.0005489887872340268,1
7406,0.611748005397457,1.0,0.9989078092534242,0.0005463938107648692,1
7407,0.6202196510084037,0.951229424500714,0.9989091079015947,0.0005457437771409483,0
7408,0.6288772254040349,0.9048374180359595,0.9988887589333546,0.0005559294763944466,0
7409,0.6117501964159219,1.0,0.998894738195449,0.000552936528408291,1
7410,0.6202203263226207,0.951229424500714,0.9989051710170817,0.0005477143729839496,0
7411,0.6288751526168599,0.9048374180359595,0.9989006089842846,0.0005499978946569732,0
7412,0.611745241101741,1.0,0.9989243007030729,0.0005381391383292265,1
7413,0.6117487627211313,1.0,0.9989032912243375,0.0005486553003949718,1
7414,0.6202199569528979,0.951229424500714,0.9989073243318712,0.0005466365367031858,0
7415,0.6288764807780242,0.9048374180359595,0.9988930159119725,0.0005537986237299656,0
