t,lambda_final,rho_final,c_final,cov_trace_final,m_train
0,1.0,0.0,0.9989250868517385,0.0005377456408661365,0
1,0.61174406429083,1.0,0.9989313215366293,0.0005346249536812994,1
2,0.6202183690273213,0.951229424500714,0.9989165815374633,0.0005420028922839023,0
3,0.6117539741068438,1.0,0.9988722020556624,0.0005642171935017143,1
4,0.6117518580230804,1.0,0.998884825641325,0.0005578983141345993,1
5,0.6202225810880346,0.951229424500714,0.9988920265538942,0.0005542938512231065,0
6,0.6117490029977511,1.0,0.9989018577924399,0.0005493728037502868,1
7,0.6202199164394178,0.951229424500714,0.998907560513721,0.0005465183166161072,0
8,0.6288728110005123,0.9048374180359595,0.9989139961513575,0.0005432969890580353,0
9,0.6376806126705917,0.8607079764250578,0.998923004388959,0.0005387879937801,0
10,0.6466126842123994,0.8187307530779818,0.9989558313324545,0.0005223570957138331,0
11,0.611737192009266,1.0,0.998972322926365,0.0005141027478907146,1
12,0.6202105814606479,0.951229424500714,0.9989619828572909,0.0005192781278039804,0
13,0.6288705109834188,0.9048374180359595,0.9989271457296965,0.0005367150952009317,0
14,0.6376767791807751,0.8607079764250578,0.9989445709293662,0.0005279932140487392,0
15,0.6117442687192535,1.0,0.9989301019148813,0.0005352354173168927,1
16,0.6202171882341472,0.951229424500714,0.9989234653431078,0.0005385572682684843,0
17,0.6117483436932033,1.0,0.998905791050456,0.0005474040166058602,1
18,0.6202250384066089,0.951229424500714,0.9988777015601055,0.00056146434419201,0
19,0.6288735299113449,0.9048374180359595,0.9989098860673006,0.0005453542695287993,0
20,0.637679696440338,0.8607079764250578,0.9989281588848341,0.0005362079738217166,0
21,0.6117486343183216,1.0,0.9989040572455467,0.0005482718694251575,1
22,0.6117494652828488,1.0,0.9988990999206075,0.0005507532575045337,1
23,0.611743685691866,1.0,0.9989335802672248,0.0005334943814421949,1
24,0.6202201459053627,0.951229424500714,0.9989062227948007,0.0005471879080121623,0
25,0.6288652829934663,0.9048374180359595,0.9989570358864196,0.000521754189558667,0
26,0.637682515905737,0.8607079764250578,0.998912297345378,0.000544147316228644,0
27,0.6466160534261656,0.8187307530779818,0.9989371193557214,0.0005317229512404142,0
28,0.611743072802993,1.0,0.9989372367933185,0.0005316641699678198,1
29,0.6117415315676136,1.0,0.9989464319703723,0.0005270617112773613,1
30,0.6202153349587036,0.951229424500714,0.9989342697322517,0.0005331492810257916,0
31,0.6117425491446208,1.0,0.9989403609816079,0.0005301004163660499,1
32,0.6202142362875258,0.951229424500714,0.9989406749413258,0.0005299432700133607,0
33,0.6117437438898555,1.0,0.9989332330561107,0.0005336681723634861,1
34,0.6202166559350969,0.951229424500714,0.9989265685701552,0.0005370039849916372,0
35,0.6288792761534687,0.9048374180359595,0.9988770350589693,0.0005617979692982033,0
36,0.6376851532398099,0.8607079764250578,0.9988974607208506,0.0005515737613482039,0
37,0.6466205683448744,0.8187307530779818,0.9989120450243696,0.0005442736141233087,0
38,0.6556576927748538,0.7788007830714049,0.9989279283192559,0.0005363233803215555,0
39,0.6117435740374724,1.0,0.9989342464015047,0.0005331609588447966,1
40,0.6202169084790043,0.951229424500714,0.9989250962737162,0.0005377409248079641,0
41,0.6288690832471237,0.9048374180359595,0.9989353084524213,0.0005326293671230702,0
42,0.6117451147273167,1.0,0.9989250546471605,0.0005377617604825792,1
43,0.6117447200990582,1.0,0.9989274089869532,0.0005365833252199464,1
44,0.6117485046787067,1.0,0.99890483064614,0.0005478847450119863,1
45,0.6202199785670895,0.951229424500714,0.9989071983274284,0.0005466996078449084,0
46,0.6117430194015083,1.0,0.9989375553902337,0.0005315047020590159,1
47,0.6202167556320319,0.951229424500714,0.9989259873502905,0.0005372949072936353,0
48,0.6117492997830907,1.0,0.9989000872475138,0.0005502590502225521,1
49,0.6202168157002704,0.951229424500714,0.9989256371606858,0.0005374701903829197,0
50,0.6288747930503318,0.9048374180359595,0.9989026646328011,0.0005489689402330214,0
51,0.611746267346112,1.0,0.9989181782072449,0.0005412036921629587,1
52,0.6202197559976063,0.951229424500714,0.9989084958437767,0.0005460501403529048,0
53,0.628870196226448,0.9048374180359595,0.9989289452656418,0.0005358143616829699,0
54,0.637679189941025,0.8607079764250578,0.998931008345543,0.0005347817167783322,0
55,0.6117450968289775,1.0,0.9989251614279104,0.0005377083126570118,1
56,0.6117464178604067,1.0,0.9989172802551438,0.0005416531546536486,1
57,0.611747359964506,1.0,0.9989116597908462,0.0005444664407088045,1
58,0.6202182408553379,0.951229424500714,0.9989173287531304,0.00054162887937761,0
59,0.6288722220294314,0.9048374180359595,0.9989173633741391,0.0005416115501116964,0
60,0.6376848963576969,0.8607079764250578,0.9988989058280714,0.0005508504107380412,0
61,0.6466290939442685,0.8187307530779818,0.9988646988346114,0.0005679730539694559,0
62,0.611750451998641,1.0,0.99889321347075,0.0005536997348826514,1
63,0.6117531219452479,1.0,0.9988772856323427,0.0005616725417765319,1
64,0.6202207257056551,0.951229424500714,0.998902842741124,0.0005488797882499076,0
65,0.6117487758712927,1.0,0.9989032127735918,0.000548694568835422,1
66,0.6117413935268552,1.0,0.9989472555426621,0.0005266494910000766,1
67,0.6202163936570849,0.951229424500714,0.998928097618366,0.0005362386399258717,0
68,0.6288718277316581,0.9048374180359595,0.9989196176333939,0.0005404832001631087,0
69,0.6117418650961648,1.0,0.9989444420921901,0.0005280577007019712,1
70,0.6117427183254692,1.0,0.9989393516333533,0.0005306056260881923,1
71,0.6202155184511433,0.951229424500714,0.9989331999843633,0.0005336847258962292,0
72,0.611745752851666,1.0,0.998921247634933,0.0005396673185944656,1
73,0.6117509216549759,1.0,0.9988904116604689,0.0005551021942110071,1
74,0.6202216790604118,0.951229424500714,0.9988972850176364,0.0005516617099298222,0
75,0.611749851987077,1.0,0.9988967929532137,0.0005519080138047582,1
76,0.6117495728810495,1.0,0.9988984580195567,0.0005510745618570693,1
77,0.620218374230716,0.951229424500714,0.9989165512027843,0.0005420180760740444,0
78,0.6288696819734859,0.9048374180359595,0.9989318853742104,0.0005343427333675621,0
79,0.6376794246285465,0.8607079764250578,0.9989296880406293,0.0005354425761245802,0
80,0.6466241832687867,0.8187307530779818,0.9988919695162803,0.0005543224016639691,0
81,0.611746353228916,1.0,0.9989176658395211,0.0005414601535360629,1
82,0.6202181345580658,0.951229424500714,0.9989179484444428,0.0005413186979930454,0
83,0.6117439321007586,1.0,0.9989321101849292,0.0005342302078306367,1
84,0.6202173029425251,0.951229424500714,0.9989227966115315,0.0005388919945129906,0
85,0.6117439554090309,1.0,0.9989319711272974,0.000534299810979878,1
86,0.6202167201868405,0.951229424500714,0.998926193990985,0.0005371914758703835,0
87,0.6288793837281417,0.9048374180359595,0.9988764200733594,0.0005621058078897305,0
88,0.637684570414989,0.8607079764250578,0.9989007394440904,0.0005499325929661706,0
89,0.611748759128207,1.0,0.9989033126588737,0.000548644571360412,1
90,0.620218493695684,0.951229424500714,0.9989158547479298,0.000542366681318656,0
91,0.6288682410021944,0.9048374180359595,0.9989401238181138,0.0005302191239143008,0
92,0.6376783251620106,0.8607079764250578,0.9989358734382132,0.0005323465732187087,0
93,0.6466153146125103,0.8187307530779818,0.9989412225503757,0.0005296691752079922,0
94,0.6556559875123655,0.7788007830714049,0.9989373062147815,0.0005316294223089741,0
95,0.6647775593680378,0.7408182206817179,0.9989060097005099,0.0005472945718354,0
96,0.6117455870951475,1.0,0.9989222365264548,0.0005391723391179845,1
97,0.6117457087521111,1.0,0.9989215107295766,0.0005395356292297577,1
98,0.6202177744394242,0.951229424500714,0.9989200478663965,0.0005402678510487168,0
99,0.6117448954292729,1.0,0.998926362971374,0.0005371068948594464,1
100,0.6202222567266593,0.951229424500714,0.9988939174476879,0.0005533473565301093,0
101,0.6288729565031317,0.9048374180359595,0.998913164296697,0.0005437133687514538,0
102,0.63767809538593,0.8607079764250578,0.9989371661226452,0.0005316995428987451,0
103,0.6466199017886884,0.8187307530779818,0.9989157468033837,0.0005424207121718859,0
104,0.6117441053630316,1.0,0.9989310764993388,0.0005347476034147131,1
105,0.6202163408116208,0.951229424500714,0.9989284057012572,0.0005360844332094832,0
106,0.6288753300405389,0.9048374180359595,0.9988995946519316,0.0005505056192788223,0
107,0.6376814623515734,0.8607079764250578,0.9989182243142888,0.0005411806136747987,0
108,0.6466155819511314,0.8187307530779818,0.9989397378131125,0.0005304123312280689,0
109,0.6556628676818868,0.7788007830714049,0.9988994701403289,0.0005505679436661399,0
110,0.611748375244501,1.0,0.9989056028222038,0.0005474982338341619,1
111,0.6117486863223561,1.0,0.9989037470015023,0.0005484271616628283,1
112,0.6117416773796696,1.0,0.9989455620344359,0.0005274971381868083,1
113,0.6202206619771929,0.951229424500714,0.9989032142572535,0.0005486938261900394,0
114,0.6117424242551374,1.0,0.9989411060845499,0.0005297274698452951,1
115,0.6202157865526426,0.951229424500714,0.9989316369746037,0.0005344670659877972,0
116,0.6117438982803535,1.0,0.9989323119582137,0.00053412921334754,1
117,0.6202155430686788,0.951229424500714,0.998933056466005,0.0005337565617149082,0
118,0.6288750430211205,0.9048374180359595,0.9989012355445532,0.0005496842698245682,0
119,0.6376845345884311,0.8607079764250578,0.9989009409894399,0.0005498317094042971,0
120,0.6466212842379555,0.8187307530779818,0.9989080692672655,0.0005462636617135434,0
121,0.6556594535332823,0.7788007830714049,0.9989182453379764,0.0005411700904473364,0
122,0.6647824750530565,0.7408182206817179,0.9988791638857865,0.000560732360382404,0
123,0.6739455735465743,0.7046880897187134,0.9988964472392812,0.0005520810617086162,0
124,0.683137408383963,0.6703200460356393,0.9988973354773588,0.0005516364522172085,0
125,0.6117436043607151,1.0,0.9989340654918409,0.0005332515101903483,1
126,0.6202170882389518,0.951229424500714,0.9989240482996936,0.0005382654759360693,0
127,0.628867463380912,0.9048374180359595,0.9989445697390679,0.0005279938098266488,0
128,0.6117440806237411,1.0,0.9989312240942576,0.000534673726992489,1
129,0.611745318405976,1.0,0.9989238395099314,0.0005383699832729548,1
130,0.6117431359479162,1.0,0.9989368600665779,0.0005318527337723171,1
131,0.61174415076398,1.0,0.9989308056367936,0.0005348831796262585,1
132,0.6117505820274756,1.0,0.9988924377616797,0.0005540880193163828,1
133,0.6202161454749134,0.951229424500714,0.9989295444926501,0.0005355144270221854,0
134,0.6117505937116171,1.0,0.9988923680579952,0.0005541229098032297,1
135,0.6117442725560508,1.0,0.9989300790245366,0.0005352468747477,1
136,0.6202153159342649,0.951229424500714,0.998934380643471,0.0005330937662554745,0
137,0.6117447511803812,1.0,0.9989272235564548,0.0005366761400300875,1
138,0.6117465248997694,1.0,0.9989166416705495,0.0005419727931317389,1
139,0.6117472069072178,1.0,0.9989125729064854,0.0005440093856665329,1
140,0.6117453233841423,1.0,0.9989238098104543,0.0005383848490096463,1
141,0.6117482333456695,1.0,0.9989064493605159,0.0005470745011255846,1
142,0.6117479021354447,1.0,0.9989084252946063,0.0005460854534838183,1
143,0.6117435942535577,1.0,0.9989341257915355,0.0005332213281719154,1
144,0.6117448979079648,1.0,0.9989263481835731,0.0005371142967068978,1
145,0.6117498604970799,1.0,0.9988967421850472,0.000551933425923449,1
146,0.6117478336506578,1.0,0.9989088338619058,0.000545880946641343,1
147,0.6117467962536717,1.0,0.9989150228069468,0.0005427831034454532,1
148,0.6202173051244404,0.951229424500714,0.9989227838913189,0.0005388983614778194,0
149,0.628870779543234,0.9048374180359595,0.9989256103166896,0.0005374836268168156,0
150,0.611743459813078,1.0,0.9989349278691938,0.0005328198615909142,1
151,0.6117449017688552,1.0,0.9989263251496187,0.000537125826062765,1
152,0.6202164538705861,0.951229424500714,0.998927746580843,0.0005364143470591083,0
153,0.6117493453588806,1.0,0.9988998153545015,0.0005503951464411876,1
154,0.6117486252709385,1.0,0.9989041112201567,0.0005482448525118767,1
155,0.6117492556435434,1.0,0.9989003505723908,0.0005501272428247541,1
156,0.6202151138917851,0.951229424500714,0.998935558538851,0.000532504190649527,0
157,0.6117471302923706,1.0,0.998913029979049,0.0005437806006499616,1
158,0.6202229483801205,0.951229424500714,0.9988898853978231,0.0005553656178950877,0
159,0.6288736360546482,0.9048374180359595,0.9989092792375212,0.0005456580156285482,0
160,0.6117458739130146,1.0,0.9989205253925214,0.0005400288299119511,1
161,0.6117483825731419,1.0,0.9989055591011161,0.0005475201183287952,1
162,0.6202211781145914,0.951229424500714,0.998900205350381,0.0005501999337694885,0
163,0.6117444854196006,1.0,0.998928809081167,0.0005358825269337085,1
164,0.6202212754814964,0.951229424500714,0.998899637735628,0.0005504840537002042,0
165,0.6288763022508045,0.9048374180359595,0.9988940365441661,0.0005532877423563778,0
166,0.6376685627840358,0.8607079764250578,0.9989907969572253,0.0005048563155231849,0
167,0.6466140284734474,0.8187307530779818,0.9989483655090005,0.000526093923268362,0
168,0.6117396733120645,1.0,0.9989575186927064,0.0005215125344359978,1
169,0.6202112238758822,0.951229424500714,0.9989582374811629,0.0005211527652844514,0
170,0.6117396545624806,1.0,0.9989576305573944,0.0005214565437258647,1
171,0.6202112587758316,0.951229424500714,0.9989580340098536,0.0005212546070443503,0
172,0.628865611877209,0.9048374180359595,0.9989551555129753,0.0005226953587713979,0
173,0.6376749088481537,0.8607079764250578,0.9989550933101589,0.00052272649271075,0
174,0.6466083122951675,0.8187307530779818,0.9989801127758231,0.0005102038315206591,0
175,0.6117406561232606,1.0,0.9989516550225959,0.0005244474376776906,1
176,0.6202118625560914,0.951229424500714,0.9989545139006274,0.0005230165005916329,0
177,0.6117435299828548,1.0,0.9989345092331811,0.0005330294028176346,1
178,0.6202137994659094,0.951229424500714,0.9989432216101628,0.0005286685869142062,0
179,0.6117386269517074,1.0,0.9989637615679255,0.000518387849153936,1
180,0.6117410565102553,1.0,0.9989492662395489,0.0005256430840791489,1
181,0.6117371684822552,1.0,0.9989724632974911,0.0005140324901302776,1
182,0.6117391798642489,1.0,0.998960462731534,0.0005200389810394203,1
183,0.6117361800907768,1.0,0.9989783604450169,0.0005110808921951939,1
184,0.6117376345434578,1.0,0.9989696826039709,0.000515424268929261,1
185,0.6117402463089499,1.0,0.9989541000596212,0.000523223637696611,1
186,0.6117536741448103,1.0,0.9988739914771037,0.0005633214733911519,1
187,0.6117491888626142,1.0,0.9989007489699687,0.000549927824785612,1
188,0.611747710748311,1.0,0.9989095670747136,0.0005455139399066935,1
189,0.6117480119506896,1.0,0.9989077701581259,0.0005464133797874776,1
190,0.6117482305932117,1.0,0.9989064657811061,0.0005470662818423376,1
191,0.6202208420647918,0.951229424500714,0.9989021644058519,0.000549219328530154,0
192,0.6117481565920768,1.0,0.9989069072566084,0.0005468453024915033,1
193,0.6202226871935262,0.951229424500714,0.9988914080035002,0.0005546034695647756,0
194,0.6288761602885656,0.9048374180359595,0.9988948481369957,0.0005528814968136706,0
195,0.6117456306419451,1.0,0.9989219767292362,0.0005393023778952238,1
196,0.6202197288289548,0.951229424500714,0.9989086542293988,0.0005459708610144377,0
197,0.6288748343784663,0.9048374180359595,0.9989024283587967,0.0005490872070274968,0
198,0.6376811599145047,0.8607079764250578,0.9989199257397998,0.0005403289803675486,0
199,0.6466261621796799,0.8187307530779818,0.9988809798288649,0.0005598233708402245,0
200,0.6556636116153283,0.7788007830714049,0.9988953791318608,0.0005526157057121899,0
201,0.6117495269501542,1.0,0.9988987320304757,0.0005509374053326649,1
202,0.6202192280341484,0.951229424500714,0.9989115737291446,0.0005445095184447051,0
203,0.6117458249077632,1.0,0.9989208177538726,0.0005398824912888932,1
204,0.6117461081852755,1.0,0.998919127745001,0.0005407284093392761,1
205,0.611741860018275,1.0,0.9989444723875497,0.0005280425370162511,1
206,0.6202181027835842,0.951229424500714,0.9989181336832653,0.0005412259782628458,0
207,0.6117447080682026,1.0,0.9989274807627903,0.0005365473987683176,1
208,0.6202146145140206,0.951229424500714,0.9989384698893643,0.0005310469663841655,0
209,0.6288715715759575,0.9048374180359595,0.9989210821174835,0.0005397501666986127,0
210,0.6376788283543278,0.8607079764250578,0.9989330425641658,0.0005337635200587572,0
211,0.6466156899437974,0.8187307530779818,0.9989391380474314,0.0005307125324506936,0
212,0.6556658280803739,0.7788007830714049,0.9988831905534999,0.0005587167714388739,0
213,0.611747658594359,1.0,0.998909878215848,0.0005453581995393038,1
214,0.6202243930027433,0.951229424500714,0.9988814639280753,0.0005595810501319136,0
215,0.6117503578340124,1.0,0.9988937752263793,0.0005534185459308282,1
216,0.6117480467561994,1.0,0.9989075625153302,0.0005465173147169687,1
217,0.6202187013284095,0.951229424500714,0.9989146442958179,0.0005429725646067876,0
218,0.6288728980404553,0.9048374180359595,0.9989134985342083,0.0005435460681955095,0
219,0.6376855093236529,0.8607079764250578,0.9988954575522332,0.0005525764521672088,0
220,0.646623939014457,0.8187307530779818,0.9988933259690104,0.000553643423430847,0
221,0.6556635875097916,0.7788007830714049,0.9988955116917393,0.0005525493524821867,0
222,0.6647745956390418,0.7408182206817179,0.9989221957705156,0.0005391927390743578,0
223,0.6739452267602277,0.7046880897187134,0.9988983333225012,0.0005511369791439361,0
224,0.6831339452174412,0.6703200460356393,0.9989161427989384,0.000542222499521087,0
225,0.6923283160988467,0.6376281516217733,0.998914706670975,0.0005429413431428024,0
226,0.6117446360437753,1.0,0.9989279104592045,0.0005363323199312162,1
227,0.6117454583772103,1.0,0.9989230044494646,0.0005387879634946687,1
228,0.6202231251945096,0.951229424500714,0.9988888546477461,0.0005558815659609426,0
229,0.6288758768575323,0.9048374180359595,0.9988964685043265,0.0005520704174395335,0
230,0.6376854838482887,0.8607079764250578,0.9988956008650788,0.000552504716514477,0
231,0.611750261608514,1.0,0.9988943492769788,0.0005531312028474648,1
232,0.6202212511941274,0.951229424500714,0.9988997793223896,0.0005504131823402244,0
233,0.6117437554405936,1.0,0.9989331641440501,0.0005337026651907865,1
234,0.61174522029079,1.0,0.9989244248602045,0.0005380769929175284,1
235,0.6117476798744506,1.0,0.9989097512626164,0.0005454217454318657,1
236,0.6202202343481565,0.951229424500714,0.9989057072000255,0.0005474459877480615,0
237,0.6288688303856982,0.9048374180359595,0.9989367541333701,0.0005319057567498417,0
238,0.6117445458443324,1.0,0.9989284485878192,0.0005360629669258073,1
239,0.6117419702251063,1.0,0.9989438148793908,0.0005283716385797216,1
240,0.620216809649304,0.951229424500714,0.9989256724369834,0.0005374525332642906,0
241,0.6117487892063684,1.0,0.9989031332197007,0.0005487343894572867,1
242,0.6202194856305928,0.951229424500714,0.9989100720092685,0.0005452611970939638,0
243,0.6288679367170128,0.9048374180359595,0.9989418635150731,0.0005293483532830649,0
244,0.6376802856666649,0.8607079764250578,0.9989248440321911,0.0005378671813000602,0
245,0.6466179951871538,0.8187307530779818,0.9989263353773581,0.0005371207066964955,0
246,0.6556560907320863,0.7788007830714049,0.9989367385668414,0.0005319135482986067,0
247,0.6117503109593913,1.0,0.9988940548653407,0.0005532785716266865,1
248,0.6117453375291121,1.0,0.9989237254223216,0.0005384270885355801,1
249,0.6202147631686262,0.951229424500714,0.9989376032382545,0.000531480752604177,0
250,0.628872060149608,0.9048374180359595,0.99891828886443,0.0005411483036530182,0
251,0.6376809190325698,0.8607079764250578,0.9989212808761908,0.0005396506800168945,0
252,0.6466190915962652,0.8187307530779818,0.9989202463016669,0.0005401685261572898,0
253,0.6556582095240814,0.7788007830714049,0.9989250865364135,0.0005377457986982912,0
254,0.6647815366790379,0.7408182206817179,0.998884288524759,0.0005581671723135698,0
255,0.6117497259048107,1.0,0.9988975451232622,0.0005515315135643399,1
256,0.6202201955478908,0.951229424500714,0.998905933393809,0.0005473327669724426,0
257,0.6288738442449369,0.9048374180359595,0.9989080889983911,0.0005462537853665549,0
258,0.6117400914054365,1.0,0.9989550242483882,0.00052276105971654,1
259,0.6117468517445834,1.0,0.9989146917555588,0.0005429488089535557,1
260,0.6202128820577346,0.951229424500714,0.9989485701274551,0.0005259915063463904,0
261,0.6288723630822148,0.9048374180359595,0.9989165569559861,0.0005420151963531077,0
262,0.6376772855390056,0.8607079764250578,0.9989417222124758,0.0005294190794246356,0
263,0.6117519626773769,1.0,0.9988842013161504,0.0005582108253238997,1
264,0.620220865171449,0.951229424500714,0.9989020297017627,0.0005492867546020648,0
265,0.6288737002658054,0.9048374180359595,0.9989089121374273,0.0005458417661297038,0
266,0.6117465722888916,1.0,0.9989163589526621,0.0005421143054039988,1
267,0.6202169176501566,0.951229424500714,0.9989250428072112,0.0005377676868277666,0
268,0.6117469609655861,1.0,0.9989140401580865,0.0005432749617722962,1
269,0.6202169901768398,0.951229424500714,0.998924619987172,0.0005379793243934708,0
270,0.6288803513749749,0.9048374180359595,0.9988708882285526,0.0005648748491913272,0
271,0.6117428248130954,1.0,0.9989387163193212,0.0005309236204855704,1
272,0.6117457456223786,1.0,0.9989212907643128,0.0005396457306169172,1
273,0.6117488105426897,1.0,0.9989030059323013,0.000548798103046373,1
274,0.6117511607436492,1.0,0.9988889853431199,0.000555816145586792,1
275,0.6202185878717339,0.951229424500714,0.998915305722472,0.000542641492057721,0
276,0.6117452989867064,1.0,0.9989239553642778,0.0005383119936970141,1
277,0.6117400142181149,1.0,0.998955484765572,0.0005225305603114077,1
278,0.6202153493193516,0.951229424500714,0.9989341860106349,0.0005331911864959126,0
279,0.6117428212543846,1.0,0.9989387375508758,0.000530912993430032,1
280,0.6202134957019922,0.951229424500714,0.9989449925584294,0.0005277821768267679,0
281,0.6117399696253591,1.0,0.9989557508162785,0.0005223973958836425,1
282,0.6117422695354486,1.0,0.998942029158586,0.000529265443803933,1
283,0.6202195207750252,0.951229424500714,0.9989098671266718,0.0005453637501782373,0
284,0.6288739689210294,0.9048374180359595,0.9989073762169588,0.0005466105657822859,0
285,0.6376829443164042,0.8607079764250578,0.9989098872528285,0.0005453536761179636,0
286,0.646617453348072,0.8187307530779818,0.9989293445803833,0.0005356144902789193,0
287,0.6117474893549864,1.0,0.9989108878686254,0.000544852822483177,1
288,0.6202165945038899,0.951229424500714,0.9989269267061575,0.0005368247245988377,0
289,0.6117432030888822,1.0,0.9989364594994189,0.0005320532305480585,1
290,0.6117467014938414,1.0,0.9989155881318525,0.0005425001340571935,1
291,0.6202161766463248,0.951229424500714,0.9989293627666468,0.0005356053874011568,0
292,0.6288750141761954,0.9048374180359595,0.9989014004514548,0.0005496017256839932,0
293,0.6376848653729016,0.8607079764250578,0.9988990801352573,0.0005507631610826108,0
294,0.6466208112164985,0.8187307530779818,0.998910696219404,0.0005449487515806239,0
295,0.6556638265078816,0.7788007830714049,0.9988941974071281,0.0005532072218290469,0
296,0.6117455639938195,1.0,0.9989223743474399,0.0005391033542808535,1
297,0.6117493728999276,1.0,0.9988996510520112,0.0005504773881741656,1
298,0.6117463980806758,1.0,0.9989173982588235,0.0005415940888655864,1
299,0.6117445787042973,1.0,0.9989282525456773,0.0005361610931536554,1
300,0.6117442818742588,1.0,0.9989300234320819,0.0005352747007474284,1
301,0.6117444660545772,1.0,0.9989289246127447,0.0005358246992036208,1
302,0.6117466637570124,1.0,0.9989158132650319,0.0005423874452791925,1
303,0.6117450788956246,1.0,0.998925268417567,0.0005376547602713932,1
304,0.611746544652854,1.0,0.9989165238259731,0.000542031779326658,1
305,0.611747810172002,1.0,0.9989089739311877,0.0005458108355024178,1
306,0.6202183044470267,0.951229424500714,0.998916958026879,0.000541814443442594,0
307,0.6288719236938648,0.9048374180359595,0.9989190690024915,0.0005407578123758215,0
308,0.637679741477811,0.8607079764250578,0.9989279055138031,0.0005363347952857606,0
309,0.6466184104503168,0.8187307530779818,0.9989240291445132,0.0005382750638424985,0
310,0.655660927526241,0.7788007830714049,0.9989101394571822,0.0005452274363414165,0
311,0.6647795573521776,0.7408182206817179,0.9988950981008644,0.0005527563766181318,0
312,0.6117474360233444,1.0,0.998911206036279,0.0005446935652326982,1
313,0.6117489705145994,1.0,0.9989020515788457,0.0005492758040372549,1
314,0.6202164927739214,0.951229424500714,0.9989275197791363,0.0005365278696503365,0
315,0.6117485684105222,1.0,0.998904450436445,0.0005480750583209575,1
316,0.620219626149818,0.951229424500714,0.9989092528203063,0.0005456712386587788,0
317,0.6288727762206878,0.9048374180359595,0.9989141949916217,0.000543197460847831,0
318,0.6117488114201933,1.0,0.9989030006973242,0.0005488007234094573,1
319,0.6202177781632388,0.951229424500714,0.9989200261572457,0.0005402787173593489,0
320,0.6288727068854907,0.9048374180359595,0.9989145913890943,0.0005429990467117768,0
321,0.6376741178953829,0.8607079764250578,0.998959543206711,0.0005204992221002937,0
322,0.6117425544741748,1.0,0.9989403291849832,0.0005301163315429755,1
323,0.6117437081749452,1.0,0.9989334461324155,0.0005335615204496839,1
324,0.6202168906124216,0.951229424500714,0.9989252004333483,0.0005376887889535975,0
325,0.6288742919869126,0.9048374180359595,0.9989055292312344,0.0005475350696331341,0
326,0.6376823527556166,0.8607079764250578,0.9989132151743779,0.0005436879022336651,0
327,0.6117471733930439,1.0,0.9989127728469277,0.0005439093066266788,1
328,0.6202218379249835,0.951229424500714,0.9988963588972478,0.0005521252815261487,0
329,0.6117463841686052,1.0,0.9989174812567051,0.0005415525449509863,1
330,0.6117465546487302,1.0,0.9989164641917607,0.0005420616287748651,1
331,0.6117454562571112,1.0,0.9989230170978479,0.000538781632484559,1
332,0.6117458190270058,1.0,0.9989208528380029,0.0005398649302725578,1
333,0.611748431299202,1.0,0.9989052684120502,0.0005476656221282224,1
334,0.6117465668588719,1.0,0.9989163913475105,0.0005420980904087564,1
335,0.6117456328098052,1.0,0.9989219637959332,0.0005393088515254709,1
336,0.6117523332060623,1.0,0.9988819908966804,0.0005593172708522688,1
337,0.611751664194994,1.0,0.9988859819427823,0.0005573195182822608,1
338,0.611753115650655,1.0,0.9988773231829294,0.0005616537453805113,1
339,0.6202177957681123,0.951229424500714,0.9989199235240989,0.0005403300894158689,0
340,0.6117455171393427,1.0,0.9989226538782178,0.0005389634381342491,1
341,0.6202195508993433,0.951229424500714,0.9989096915100399,0.000545451654329125,0
342,0.6288724729672481,0.9048374180359595,0.9989159287287567,0.0005423296507600649,0
343,0.6376834128422205,0.8607079764250578,0.9989072514946928,0.0005466729951309601,0
344,0.6117477153332337,1.0,0.9989095397218937,0.0005455276312462923,1
345,0.6202154940997099,0.951229424500714,0.9989333419513963,0.0005336136665787081,0
346,0.6288708387929514,0.9048374180359595,0.998925271574011,0.0005376531803514252,0
347,0.6117474671998514,1.0,0.998911020042435,0.0005447866635282013,1
348,0.6202196705774907,0.951229424500714,0.9989089938192255,0.0005458008806226001,0
349,0.6288750396373886,0.9048374180359595,0.9989012548894017,0.0005496745867609899,0
350,0.6376829899193892,0.8607079764250578,0.9989096307064027,0.0005454820893322341,0
351,0.611742572720489,1.0,0.998940220325752,0.0005301708189001878,1
352,0.6117473204955319,1.0,0.9989118952564006,0.0005443485796726157,1
353,0.6202164503296788,0.951229424500714,0.998927767223905,0.0005364040144490519,0
354,0.611742075074849,1.0,0.9989431893329151,0.0005286847426112767,1
355,0.6117428146592545,1.0,0.9989387768979539,0.0005308932989904342,1
356,0.6202160181486216,0.951229424500714,0.9989302867918418,0.0005351428798395251,0
357,0.6288746210657145,0.9048374180359595,0.9989036478740785,0.0005484767797711773,0
358,0.6376795116467788,0.8607079764250578,0.9989291984940843,0.0005356876117215501,0
359,0.611747610604924,1.0,0.9989101645123482,0.000545214895090424,1
360,0.6202203732275781,0.951229424500714,0.9989048975757103,0.0005478512435381601,0
361,0.6288759341753536,0.9048374180359595,0.9988961408196498,0.0005522344408097116,0
362,0.6117515164885439,1.0,0.9988868631022051,0.0005568784474042758,1
363,0.6117492966050426,1.0,0.9989001062069051,0.0005502495600886592,1
364,0.620220044895849,0.951229424500714,0.9989068116502208,0.0005468931579980734,0
365,0.6288727372236175,0.9048374180359595,0.9989144179424311,0.0005430858642834839,0
366,0.6376800414485088,0.8607079764250578,0.9989262179459979,0.000537179485488793,0
367,0.6117451840341691,1.0,0.9989246411655146,0.000537968723822599,1
368,0.620217996388739,0.951229424500714,0.9989187539441221,0.0005409155120477967,0
369,0.628870776154276,0.9048374180359595,0.998925629692056,0.0005374739287141593,0
370,0.6376842638886389,0.8607079764250578,0.9989024638358428,0.0005490694490141188,0
371,0.6117443822439694,1.0,0.9989294246264043,0.0005355744243731791,1
372,0.6202185581957319,0.951229424500714,0.9989154787269272,0.0005425548959072786,0
373,0.6288745907983921,0.9048374180359595,0.9989038209134148,0.0005483901651504366,0
374,0.6376827911440482,0.8607079764250578,0.9989107489474899,0.0005449223587885924,0
375,0.6466210819899106,0.8187307530779818,0.9989091924624938,0.0005457014505194791,0
376,0.6556625960060202,0.7788007830714049,0.9989009641340574,0.000549820124363071,0
377,0.6117495367702928,1.0,0.9988986734462567,0.0005509667297370462,1
378,0.6202176182654252,0.951229424500714,0.9989209583325264,0.0005398121260300431,0
379,0.6117459620950793,1.0,0.9989199993058042,0.0005402921575953752,1
380,0.6117452758161711,1.0,0.9989240935985056,0.0005382428021346787,1
381,0.620216617429262,0.951229424500714,0.9989267930541772,0.00053689162237967,0
382,0.6117462327506158,1.0,0.9989183846004276,0.0005411003838211187,1
383,0.6202197310814414,0.951229424500714,0.9989086410980319,0.0005459774338711823,0
384,0.6288759667061373,0.9048374180359595,0.9988959548419657,0.0005523275324204692,0
385,0.6376846372604426,0.8607079764250578,0.9989003633994462,0.000550120822236694,0
386,0.611746213033007,1.0,0.9989185022336876,0.0005410415035087149,1
387,0.6117434402406728,1.0,0.9989350446390816,0.0005327614143999617,1
388,0.611746975029734,1.0,0.9989139562533613,0.0005433169597447907,1
389,0.6117463104778607,1.0,0.9989179208877462,0.0005413324912665943,1
390,0.6202212976227078,0.951229424500714,0.99889950866023,0.000550548662496456,0
391,0.6288724214890734,0.9048374180359595,0.9989162230362049,0.0005421823373593958,0
392,0.637681715566357,0.8607079764250578,0.9989167998023236,0.0005418936415013865,0
393,0.611746950462063,1.0,0.9989141028206328,0.0005432435964386412,1
394,0.6202237007471473,0.951229424500714,0.9988854994396523,0.000557561038963942,0
395,0.6117472550798645,1.0,0.9989122855159388,0.0005441532373887587,1
396,0.6117538706782333,1.0,0.9988728190577821,0.0005639083442175047,1
397,0.6117501355929229,1.0,0.9988951010465071,0.0005527549021676866,1
398,0.6117491174249878,1.0,0.9989011751484493,0.0005497145010944371,1
399,0.6117458230886519,1.0,0.9989208286065456,0.0005398770590900949,1
400,0.6202173591434267,0.951229424500714,0.9989224689694579,0.000539055992235549,0
401,0.6117471267027882,1.0,0.9989130513939611,0.0005437698815426585,1
402,0.6202150650166449,0.951229424500714,0.9989358434782452,0.0005323615691605176,0
403,0.6288733551934607,0.9048374180359595,0.998910884944549,0.0005448542861153946,0
404,0.63767666500223,0.8607079764250578,0.998945213287017,0.0005276716959870615,0
405,0.6117439084799816,1.0,0.9989322511070001,0.0005341596714750702,1
406,0.6202135174276476,0.951229424500714,0.9989448658973789,0.0005278455742407992,0
407,0.6117447799068662,1.0,0.9989270521749154,0.0005367619228329284,1
408,0.6202204064960589,0.951229424500714,0.9989047036308372,0.0005479483222953643,0
409,0.6288716280781971,0.9048374180359595,0.9989207590846769,0.000539911857579217,0
410,0.6376905791961902,0.8607079764250578,0.9988669372763082,0.000566852562279606,0
411,0.611749601682868,1.0,0.9988982861959927,0.0005511605683862345,1
412,0.6202235881137718,0.951229424500714,0.9988861560393456,0.0005572323729267266,0
413,0.628871113918862,0.9048374180359595,0.9989236986252952,0.0005384405014849157,0
414,0.6376844234102208,0.8607079764250578,0.998901566432253,0.0005495186440182838,0
415,0.6466185589009464,0.8187307530779818,0.9989232047009059,0.0005386877298328239,0
416,0.6117486252813826,1.0,0.9989041111578494,0.0005482448836997051,1
417,0.6202214214869491,0.951229424500714,0.9988987865761387,0.000550910102434098,0
418,0.6117497256365427,1.0,0.9988975467236713,0.0005515307124766955,1
419,0.6202176493717573,0.951229424500714,0.9989207769881495,0.0005399028961714497,0
420,0.628869699496059,0.9048374180359595,0.9989317851932288,0.0005343928774204351,0
421,0.6117450894854258,1.0,0.9989252052392394,0.000537686383422552,1
422,0.6202176271803207,0.951229424500714,0.9989209063602681,0.0005398381402302464,0
423,0.6117479802877069,1.0,0.9989079590532816,0.0005463188289473285,1
424,0.6117411719774684,1.0,0.9989485773423378,0.0005259878951080444,1
425,0.6117438162966419,1.0,0.9989328010751017,0.0005338843935723008,1
426,0.6117450854455824,1.0,0.9989252293407819,0.0005376743196854913,1
427,0.6117482623470158,1.0,0.9989062763445514,0.000547161103819695,1
428,0.6117470283291552,1.0,0.9989136382766199,0.0005434761209968408,1
429,0.6117476192691421,1.0,0.9989101128231428,0.0005452407678908619,1
430,0.6117451077683992,1.0,0.9989250961637719,0.0005377409798392962,1
431,0.6202132920118786,0.951229424500714,0.9989461800774033,0.0005271877906108435,0
432,0.6117474815992991,1.0,0.998910934137748,0.0005448296626987937,1
433,0.6202196179537458,0.951229424500714,0.9989093006011569,0.0005456473221471747,0
434,0.6288695218887085,0.9048374180359595,0.9989328006199981,0.000533884621367206,0
435,0.6117507004210728,1.0,0.9988917314653757,0.000554441559160627,1
436,0.6117462395447736,1.0,0.9989183440671737,0.0005411206723928532,1
437,0.6117448400297202,1.0,0.9989266934835123,0.0005369414612019756,1
438,0.6117529624538146,1.0,0.9988782370840442,0.0005611962814480219,1
439,0.6117461077475903,1.0,0.9989191303561892,0.0005407271023325003,1
440,0.6117512384013877,1.0,0.9988885220655366,0.0005560480420725383,1
441,0.6117465682939196,1.0,0.9989163827861873,0.0005421023757139975,1
442,0.6117488469921504,1.0,0.998902788483575,0.0005489069468223214,1
443,0.6117435176878521,1.0,0.9989345825856956,0.0005329926874418173,1
444,0.6117424817439928,1.0,0.9989407631002803,0.0005298991437940127,1
445,0.620215442914515,0.951229424500714,0.9989336403573426,0.000533464304309341,0
446,0.6288728798373723,0.9048374180359595,0.9989136026032549,0.0005434939770778212,0
447,0.6376827812964136,0.8607079764250578,0.9989108043469068,0.0005448946288760688,0
448,0.6117481768252834,1.0,0.998906786549444,0.0005469057221215514,1
449,0.6117437408146563,1.0,0.9989332514028457,0.0005336589891997329,1
450,0.6202128602075112,0.951229424500714,0.998948697515413,0.0005259277453312052,0
451,0.6117469748209436,1.0,0.9989139574989755,0.0005433163362605746,1
452,0.6117453071927039,1.0,0.9989239064077232,0.0005383364983430007,1
453,0.6202160449036989,0.951229424500714,0.9989301308124268,0.000535220953069113,0
454,0.6288681978785222,0.9048374180359595,0.9989403703698686,0.0005300957172563319,0
455,0.6117470320154289,1.0,0.9989136162848425,0.0005434871288441512,1
456,0.6202159448276983,0.951229424500714,0.9989307142456431,0.0005349289241133892,0
457,0.6288716402578337,0.9048374180359595,0.9989206894516642,0.0005399467117027766,0
458,0.6117494914927876,1.0,0.9988989435593186,0.0005508315243190488,1
459,0.6117464746896627,1.0,0.9989169412182269,0.000541822856880813,1
460,0.6117463666216787,1.0,0.9989175859397516,0.0005415001467084288,1
461,0.6117466577066484,1.0,0.9989158493607506,0.0005423693778316322,1
462,0.6202116793356932,0.951229424500714,0.9989555820950167,0.0005224818447072875,0
463,0.6117449417876316,1.0,0.998926086398865,0.0005372453297619447,1
464,0.620213167873477,0.951229424500714,0.9989469038086904,0.0005268255433549746,0
465,0.6288686351762082,0.9048374180359595,0.998937870203688,0.0005313471279428666,0
466,0.6376847738286727,0.8607079764250578,0.9988995951241044,0.0005505053829323178,0
467,0.6466202765463196,0.8187307530779818,0.998913665551504,0.0005434624687237051,0
468,0.6556621112181619,0.7788007830714049,0.9989036300748677,0.0005484856891444979,0
469,0.6647754950777887,0.7408182206817179,0.9989172835569717,0.0005416515019502923,0
470,0.673941940981811,0.7046880897187134,0.9989162040267808,0.0005421918523837138,0
471,0.6117434584574241,1.0,0.9989349359570883,0.0005328158133319995,1
472,0.6117465511402157,1.0,0.9989164851231417,0.0005420511517322676,1
473,0.6117463854161482,1.0,0.998917473814,0.0005415562703363614,1
474,0.6202171568805601,0.951229424500714,0.9989236481296386,0.0005384657765174091,0
475,0.6117480310506618,1.0,0.9989076562114568,0.0005464704154212943,1
476,0.6202227306269028,0.951229424500714,0.9988911548053383,0.0005547302091642634,0
477,0.6288724448105381,0.9048374180359595,0.9989160897043308,0.0005422490756303278,0
478,0.6376803110214048,0.8607079764250578,0.9989247013925379,0.0005379385778941752,0
479,0.6466186733017166,0.8187307530779818,0.9989225693590468,0.0005390057432988075,0
480,0.6556537397522393,0.7788007830714049,0.9989496676708277,0.0005254421573595923,0
481,0.6117420019689209,1.0,0.998943625491822,0.000528466432493,1
482,0.6117464787314122,1.0,0.9989169171056129,0.0005418349262598077,1
483,0.6117447758477684,1.0,0.9989270763913949,0.0005367498015878677,1
484,0.6202180043496526,0.951229424500714,0.9989187075335549,0.0005409387424497238,0
485,0.6117452343930121,1.0,0.9989243407270245,0.0005381191048037346,1
486,0.620217440620788,0.951229424500714,0.9989219939700263,0.0005392937481972237,0
487,0.6117430248923611,1.0,0.9989375226314228,0.0005315210988854115,1
488,0.6202220551783402,0.951229424500714,0.9988950923943009,0.0005527592330559947,0
489,0.6288687156090479,0.9048374180359595,0.9989374103451792,0.0005315773017245699,0
490,0.6376805023001995,0.8607079764250578,0.9989236253050056,0.0005384772011309792,0
491,0.6466167096901244,0.8187307530779818,0.9989334746397137,0.0005335472515822961,0
492,0.6556633829598618,0.7788007830714049,0.9988966365426037,0.0005519863054877633,0
493,0.6647757997345617,0.7408182206817179,0.9989156197041923,0.0005424843307502771,0
494,0.6739373852685152,0.7046880897187134,0.9989409822162711,0.0005297894696397448,0
495,0.6117461522236469,1.0,0.9989188650163123,0.0005408599158426341,1
496,0.6202226320342672,0.951229424500714,0.9988917295587152,0.000554442513548582,0
497,0.6117442720393388,1.0,0.998930082107242,0.000535245331744095,1
498,0.6202140106264888,0.951229424500714,0.9989419905434028,0.0005292847718443752,0
499,0.6117395110361113,1.0,0.9989584868720833,0.0005210279398012971,1
500,0.6202204543727227,0.951229424500714,0.9989044245249061,0.0005480880282998066,0
501,0.6288668571931476,0.9048374180359595,0.9989480355358709,0.0005262590835486674,0
502,0.6376772567632422,0.8607079764250578,0.9989418841015422,0.0005293380491454692,0
503,0.6117406918586884,1.0,0.9989514418180594,0.0005245541518305603,1
504,0.6202154107812641,0.951229424500714,0.9989338276919124,0.0005333705370435985,0
505,0.6117456578167941,1.0,0.9989218146059946,0.0005393835270032301,1
506,0.6202238659854572,0.951229424500714,0.998884536179004,0.0005580432068967925,0
507,0.6117440028268122,1.0,0.9989316882319288,0.0005344414099159625,1
508,0.6117537009466014,1.0,0.9988738315910084,0.0005634015065632594,1
509,0.6202205079491363,0.951229424500714,0.9989041121913524,0.0005482443663812583,0
510,0.6117429795963203,1.0,0.9989377928708111,0.0005313858354952733,1
511,0.6202189007397084,0.951229424500714,0.9989134817747418,0.0005435544570433262,0
512,0.6117458460815837,1.0,0.9989206914325633,0.000539945720183066,1
513,0.6202162878033257,0.951229424500714,0.9989287147335701,0.0005359297513207158,0
514,0.611744311398583,1.0,0.998929847289913,0.000535362866174575,1
515,0.6117428088479145,1.0,0.9989388115688794,0.0005308759451115903,1
516,0.6117412373956281,1.0,0.9989481870466835,0.000526183248372166,1
517,0.6117448521805524,1.0,0.9989266209919827,0.0005369777459126978,1
518,0.6202176330740101,0.951229424500714,0.9989208720011072,0.0005398553383694204,0
519,0.6117450554440258,1.0,0.9989254083288812,0.0005375847293547628,1
520,0.6202245404624463,0.951229424500714,0.9988806043131243,0.0005600113390860978,0
521,0.6288705414165248,0.9048374180359595,0.9989269717370615,0.0005368021849606729,0
522,0.6117470780574816,1.0,0.9989133416046568,0.000543624618322223,1
523,0.6117470195922107,1.0,0.9989136903999737,0.0005434500309774664,1
524,0.6117504113178944,1.0,0.9988934561588305,0.0005535782564064034,1
525,0.6117447304999956,1.0,0.998927346935181,0.0005366143844208458,1
526,0.611751111174493,1.0,0.9988892810546921,0.000555668125369913,1
527,0.6117414659217106,1.0,0.9989468236237482,0.0005268656780934696,1
528,0.6117518920162776,1.0,0.9988846228516051,0.0005579998222040657,1
529,0.6117455832948135,1.0,0.998922259198992,0.0005391609906185114,1
530,0.6117425233192919,1.0,0.998940515057992,0.0005300232964606744,1
531,0.6117442731244451,1.0,0.9989300756334946,0.0005352485720846902,1
532,0.6117498626021657,1.0,0.9988967296267274,0.0005519397120186257,1
533,0.6202177182592585,0.951229424500714,0.9989203753864513,0.0005401039140040237,0
534,0.6288684369292971,0.9048374180359595,0.9989390036415698,0.0005307798067547243,0
535,0.6117500930531856,1.0,0.9988953548254405,0.0005526278723620072,1
536,0.6202151663357864,0.951229424500714,0.9989352527933193,0.0005326572263362682,0
537,0.6288736184782233,0.9048374180359595,0.9989093797233178,0.0005456077178719132,0
538,0.6117451385888053,1.0,0.998924912290536,0.0005378330153950288,1
539,0.6117457691736112,1.0,0.9989211502594552,0.0005397160589144742,1
540,0.6202185388176147,0.951229424500714,0.9989155916970401,0.0005424983495282367,0
541,0.6117474205571163,1.0,0.9989112983052368,0.0005446473804702038,1
542,0.6117454764884813,1.0,0.9989228963987224,0.0005388420471164842,1
543,0.6117447176660643,1.0,0.9989274235021437,0.0005365760598319576,1
544,0.6117449754022127,1.0,0.9989258858554043,0.0005373457093013376,1
545,0.620218271936122,0.951229424500714,0.9989171475586325,0.0005417195748281796,0
546,0.6117475161960695,1.0,0.9989107277392713,0.0005449329744611467,1
547,0.6117506148574826,1.0,0.9988922419088458,0.000554186054322773,1
548,0.6202178280452288,0.951229424500714,0.9989197353545362,0.0005404242759347183,0
549,0.6117448540030579,1.0,0.9989266101189653,0.0005369831882630976,1
550,0.6202176751598617,0.951229424500714,0.9989206266481284,0.0005399781474005641,0
551,0.611743923729929,1.0,0.9989321601254779,0.0005342052108629036,1
552,0.6117450181191428,1.0,0.9989256310077221,0.000537473270173577,1
553,0.6202208468722543,0.951229424500714,0.99890213637995,0.0005492333568821841,0
554,0.6288719616160183,0.9048374180359595,0.9989188521957381,0.0005408663330676589,0
555,0.6376796564895351,0.8607079764250578,0.9989283836394335,0.0005360954759548128,0
556,0.646621704220788,0.8187307530779818,0.9989057368753121,0.0005474311338504027,0
557,0.6556544739325838,0.7788007830714049,0.9989456300593056,0.0005274630898512471,0
558,0.6647729382853109,0.7408182206817179,0.9989312473469982,0.0005346620881830675,0
559,0.6739420168122626,0.7046880897187134,0.9989157915960242,0.000542398291542497,0
560,0.6831305051722829,0.6703200460356393,0.9989348249080815,0.0005328713970386477,0
561,0.6117426563193196,1.0,0.998939721567477,0.0005304204626673327,1
562,0.6117428047932778,1.0,0.9989388357591713,0.0005308638371169657,1
563,0.6117437353776887,1.0,0.9989332838399658,0.000533642753320337,1
564,0.6117437914271249,1.0,0.998932949447337,0.0005338101282042315,1
565,0.6117492661470718,1.0,0.9989002879111059,0.0005501586079588693,1
566,0.6117431575175039,1.0,0.9989367313810563,0.0005319171450153964,1
567,0.6117450742580413,1.0,0.9989252960852041,0.0005376409115694157,1
568,0.6117423066731563,1.0,0.9989418075909752,0.0005293763449517932,1
569,0.6117462367752575,1.0,0.9989183605898247,0.0005411124021218556,1
570,0.6117453606539461,1.0,0.9989235874608206,0.0005384961436130555,1
571,0.611742977919712,1.0,0.9989378028735767,0.0005313808287943087,1
572,0.6202175963326171,0.951229424500714,0.9989210861969198,0.0005397481247774312,0
573,0.6288689765664173,0.9048374180359595,0.9989359183761263,0.0005323240803274004,0
574,0.6376799409202787,0.8607079764250578,0.9989267834948433,0.0005368964071817155,0
575,0.6466146914898045,0.8187307530779818,0.9989446832411902,0.0005279369988086428,0
576,0.6556591640428439,0.7788007830714049,0.9989198373322004,0.0005403732319642506,0
577,0.6647710730787395,0.7408182206817179,0.9989414342130175,0.0005295632317277042,0
578,0.6117432650457593,1.0,0.9989360898610683,0.0005322382465295686,1
579,0.6202211081404007,0.951229424500714,0.9989006132755449,0.00054999574666527,0
580,0.628869900262311,0.9048374180359595,0.998930637362766,0.0005349674067022526,0
581,0.6117446591455309,1.0,0.9989277726345235,0.0005364013062360026,1
582,0.6202170773318957,0.951229424500714,0.9989241118861804,0.0005382336484488881,0
583,0.6117472525320307,1.0,0.9989123007159177,0.0005441456291237085,1
584,0.6202165092694394,0.951229424500714,0.9989274236122979,0.0005365760046957377,0
585,0.6288738342933153,0.9048374180359595,0.9989081458924971,0.0005462253072187732,0
586,0.6117470866037398,1.0,0.9989132906189375,0.0005436501389146871,1
587,0.620224326496447,0.951229424500714,0.998881851626249,0.000559386984012744,0
588,0.6288715588433773,0.9048374180359595,0.9989211549118057,0.0005397137302269217,0
589,0.6376875343694874,0.8607079764250578,0.9988840656475786,0.0005582787353883892,0
590,0.6117462635970055,1.0,0.998918200574027,0.0005411924966605141,1
591,0.6117469598968218,1.0,0.9989140465341837,0.000543271770257855,1
592,0.6202196273729801,0.951229424500714,0.9989092456896069,0.0005456748079015921,0
593,0.6117413033297667,1.0,0.9989477936728458,0.0005263801424254631,1
594,0.6202239578988584,0.951229424500714,0.9988840003682239,0.0005583114115312312,0
595,0.6288722819427702,0.9048374180359595,0.9989170208412366,0.000541783002212642,0
596,0.6117453709539246,1.0,0.9989235260117196,0.0005385269012723635,1
597,0.620215152628075,0.951229424500714,0.9989353327084805,0.0005326172261672135,0
598,0.6117484255865171,1.0,0.9989053024926778,0.0005476485631396354,1
599,0.6117447049076117,1.0,0.9989274996188119,0.0005365379606350404,1
600,0.6202207325146037,0.951229424500714,0.9989028030471878,0.0005488996570175348,0
601,0.6117489622794946,1.0,0.9989021007074425,0.0005492512127395223,1
602,0.6202181819105385,0.951229424500714,0.998917672389164,0.0005414568751663804,0
603,0.6117488134829633,1.0,0.9989029883913324,0.0005488068831626288,1
604,0.6117530666306918,1.0,0.9988776156130998,0.0005615073659799552,1
605,0.6117462842497761,1.0,0.9989180773617428,0.0005412541695241177,1
606,0.6202169762449081,0.951229424500714,0.9989247012082925,0.0005379386701160735,0
607,0.6117459510221015,1.0,0.9989200653662279,0.0005402590916734004,1
608,0.6117459900084968,1.0,0.9989198327768096,0.0005403755121225307,1
609,0.6202131806513402,0.951229424500714,0.9989468293132595,0.000526862830338645,0
610,0.6288702663882211,0.9048374180359595,0.9989285441347249,0.0005360151422286252,0
611,0.6117469494270446,1.0,0.9989141089954074,0.0005432405056951041,1
612,0.6117428754725646,1.0,0.9989384140809282,0.0005310749002556638,1
613,0.6117475702365456,1.0,0.9989104053430642,0.000545094348370818,1
614,0.6117486383689257,1.0,0.9989040330805743,0.0005482839651677174,1
615,0.6117480112537582,1.0,0.9989077743158814,0.000546411298636653,1
616,0.6117483306572825,1.0,0.9989058688199697,0.0005473650892558293,1
617,0.6117446400803765,1.0,0.9989278863769077,0.0005363443740028438,1
618,0.6117488949330845,1.0,0.9989025024795873,0.0005490501059124667,1
619,0.6202129996618427,0.951229424500714,0.9989478844896815,0.0005263346861803329,0
620,0.6117436999706565,1.0,0.9989334950794757,0.0005335370207899696,1
621,0.611743502876611,1.0,0.998934670950207,0.0005329484580652925,1
622,0.6202126594182533,0.951229424500714,0.9989498681284923,0.0005253418231531061,0
623,0.611746392471386,1.0,0.998917431723228,0.0005415773385297048,1
624,0.6202181746764552,0.951229424500714,0.99891771456239,0.000541435765706468,0
625,0.6117502757971286,1.0,0.9988942646322038,0.0005531735720823812,1
626,0.6202173675735352,0.951229424500714,0.9989224198233165,0.0005390805918136594,0
627,0.6117445006240021,1.0,0.9989287183718404,0.0005359279302346736,1
628,0.6202178599080665,0.951229424500714,0.998919549600191,0.0005405172535563683,0
629,0.6288712125664768,0.9048374180359595,0.9989231346383785,0.0005387227988599438,0
630,0.6376798822943364,0.8607079764250578,0.9989271133111859,0.0005367313218653368,0
631,0.6117433531752405,1.0,0.9989355640757842,0.0005325014192329011,1
632,0.6202164711819304,0.951229424500714,0.9989276456578058,0.0005364648627458877,0
633,0.628869256063088,0.9048374180359595,0.9989343204158546,0.0005331239121886364,0
634,0.6376890111594202,0.8607079764250578,0.9988757580646652,0.0005624371846748627,0
635,0.6117429733001656,1.0,0.998937830434124,0.0005313670338679469,1
636,0.6202178147803856,0.951229424500714,0.9989198126860893,0.0005403855683452047,0
637,0.6288707432839346,0.9048374180359595,0.9989258176185517,0.0005373798644152834,0
638,0.611748387812659,1.0,0.998905527843292,0.0005475357643647294,1
639,0.6117413926280137,1.0,0.9989472609052913,0.0005266468068597755,1
640,0.6202177180348087,0.951229424500714,0.9989203766949525,0.0005401032590463024,0
641,0.6288695144949683,0.9048374180359595,0.9989328428919373,0.0005338634628176737,0
642,0.6376816469209861,0.8607079764250578,0.9989171859807504,0.0005417003429442542,0
643,0.6466230981098604,0.8187307530779818,0.9988979959028367,0.0005513058750717326,0
644,0.6117434777625254,1.0,0.9989348207819668,0.0005328734622958564,1
645,0.6202209013565955,0.951229424500714,0.9989018187545047,0.0005493923441764471,0
646,0.6288707125857238,0.9048374180359595,0.9989259931265737,0.000537292016046827,0
647,0.6117460071334975,1.0,0.9989197306105827,0.0005404266504765899,1
648,0.6202160875659193,0.951229424500714,0.9989298820960352,0.0005353454444699054,0
649,0.6117450635105532,1.0,0.9989253602042929,0.0005376088175344299,1
650,0.6117478791254616,1.0,0.9989085625677898,0.0005460167418929625,1
651,0.6117411375959034,1.0,0.9989487824685809,0.0005258852240463657,1
652,0.6202174549015372,0.951229424500714,0.9989219107156727,0.0005393354202985492,0
653,0.6288717794836244,0.9048374180359595,0.998919893475081,0.000540345130170173,0
654,0.6117446170282695,1.0,0.9989280239054095,0.0005362755359544808,1
655,0.6117471957003026,1.0,0.9989126397652233,0.0005439759199071434,1
656,0.6117494605602314,1.0,0.9988991280944491,0.0005507391550585446,1
657,0.6117438358050067,1.0,0.998932684687673,0.0005339426494606727,1
658,0.6117535461700373,1.0,0.9988747549111904,0.0005629393261926702,1
659,0.6202152512279435,0.951229424500714,0.998934757877177,0.0005329049482299229,0
660,0.6117497607228746,1.0,0.9988973374087573,0.0005516354854519396,1
661,0.6117487556682124,1.0,0.9989033333003837,0.0005486342392744184,1
662,0.6202211248389231,0.951229424500714,0.9989005159289527,0.0005500444735334364,0
663,0.6117457637953534,1.0,0.9989211823457287,0.0005396999984511444,1
664,0.6202233976494143,0.951229424500714,0.9988872663585195,0.0005566765945979564,0
665,0.6288757794414381,0.9048374180359595,0.9988970254302486,0.0005517916469240476,0
666,0.6376864361029247,0.8607079764250578,0.9988902439303838,0.0005551861524195961,0
667,0.6466258427483307,0.8187307530779818,0.9988827537494728,0.0005589354176864137,0
668,0.611745720099475,1.0,0.9989214430320424,0.0005395695145428937,1
669,0.6117518465810174,1.0,0.9988848939000774,0.0005578641466569004,1
670,0.6202194380397678,0.951229424500714,0.9989103494510849,0.0005451223248442327,0
671,0.6117474574428313,1.0,0.998911078251185,0.0005447575274254666,1
672,0.6202170419672879,0.951229424500714,0.9989243180565311,0.000538130452256554,0
673,0.6288716588285912,0.9048374180359595,0.998920583279561,0.0005399998551154553,0
674,0.6376823324473618,0.8607079764250578,0.9989133294220265,0.0005436307162638151,0
675,0.6466220660084292,0.8187307530779818,0.9989037276781064,0.0005484368339641666,0
676,0.6117458590045038,1.0,0.9989206143354727,0.0005399843103805809,1
677,0.6117492992950575,1.0,0.9989000901589897,0.0005502575928816368,1
678,0.6117503211572973,1.0,0.9988939940278927,0.0005533090240302785,1
679,0.6202211792245587,0.951229424500714,0.9989001988796605,0.0005502031726919087,0
680,0.6288755262839548,0.9048374180359595,0.9988984727286437,0.0005510671992033204,0
681,0.6376841991125061,0.8607079764250578,0.9989028282403373,0.0005488870466068287,0
682,0.6117500083682035,1.0,0.9988958600301754,0.0005523749907139357,1
683,0.6202236440933955,0.951229424500714,0.9988858297043473,0.0005573957223983659,0
684,0.6117515834479167,1.0,0.9988864636483997,0.000557078396918125,1
685,0.6117515322256355,1.0,0.998886769220761,0.0005569254404382427,1
686,0.6202242559751207,0.951229424500714,0.9988822627302575,0.0005591812019559027,0
687,0.6117478060595266,1.0,0.9989089984654523,0.0005457985549718501,1
688,0.6117470153460434,1.0,0.9989137157319983,0.0005434373511911578,1
689,0.6202214868503855,0.951229424500714,0.9988984055310532,0.0005511008350505123,0
690,0.6117475418215963,1.0,0.9989105748617566,0.0005450094965777465,1
691,0.6202176518931976,0.951229424500714,0.9989207622886035,0.0005399102538851713,0
692,0.6117499064630659,1.0,0.9988964679656056,0.0005520706870975243,1
693,0.6202185123104975,0.951229424500714,0.998915746227667,0.0005424210003426818,0
694,0.6288793544380761,0.9048374180359595,0.9988765875194959,0.0005620219906531611,0
695,0.6376877446269449,0.8607079764250578,0.998882882852886,0.0005588707937831766,0
696,0.6466252215504253,0.8187307530779818,0.9988862035026123,0.0005572086148311442,0
697,0.6556653991802285,0.7788007830714049,0.9988855491077329,0.0005575361772158394,0
698,0.6647798966446652,0.7408182206817179,0.9988932451344388,0.0005536838854966112,0
699,0.6739498599192327,0.7046880897187134,0.9988731350530854,0.0005637501682979732,0
700,0.6831319653520792,0.6703200460356393,0.9989268949581748,0.0005368406156427078,0
701,0.6923279118233737,0.6376281516217733,0.9989169044087801,0.0005418412815595594,0
702,0.7015023805249854,0.6065306597126334,0.9989128480507389,0.0005438716637961982,0
703,0.611745168874879,1.0,0.998924731605154,0.00053792345532504,1
704,0.6117551764271972,1.0,0.9988650296700994,0.0005678074482404598,1
705,0.6117496804917609,1.0,0.9988978160444878,0.0005513959034659522,1
706,0.6117521019568242,1.0,0.9988833704322467,0.0005586267315161172,1
707,0.6117545657423706,1.0,0.9988686726720893,0.0005659838808722783,1
708,0.6117519294332645,1.0,0.9988843996370059,0.0005581115541393654,1
709,0.6117486969943791,1.0,0.998903683334699,0.000548459030001256,1
710,0.6117478511855462,1.0,0.9989087292520508,0.000545933308707309,1
711,0.6117455510539715,1.0,0.9989224515457242,0.0005390647134998799,1
712,0.6117446255890199,1.0,0.9989279728321065,0.0005363011000106121,1
713,0.6202161808300432,0.951229424500714,0.9989293383760186,0.0005356175957861936,0
714,0.6288680580404448,0.9048374180359595,0.9989411698692165,0.0005296955437065721,0
715,0.6117466116428467,1.0,0.9989161241717206,0.0005422318232356269,1
716,0.6117518939431138,1.0,0.9988846113568781,0.0005580055759852236,1
717,0.6117430538592449,1.0,0.9989373498129996,0.0005316076000099715,1
718,0.6202130821858596,0.951229424500714,0.998947403370978,0.0005265754989528663,0
719,0.6288725232752714,0.9048374180359595,0.9989156411113302,0.0005424736155621142,0
720,0.637681601707744,0.8607079764250578,0.9989174403370987,0.0005415730269267365,0
721,0.646627718404744,0.8187307530779818,0.9988723375898982,0.0005641493498744483,0
722,0.6556515329199917,0.7788007830714049,0.9989618042195044,0.0005193675395160644,0
723,0.6117513854871732,1.0,0.9988876446065732,0.0005564872599278939,1
724,0.6202210632224425,0.951229424500714,0.9989008751317237,0.0005498646744940785,0
725,0.611749880272959,1.0,0.9988966242080035,0.0005519924796002544,1
726,0.6202221909749063,0.951229424500714,0.9988943007540639,0.000553155491159939,0
727,0.6288808105953546,0.9048374180359595,0.9988682629713581,0.0005661889632952212,0
728,0.6376797408850117,0.8607079764250578,0.9989279088487635,0.000536333126015931,0
729,0.6466260350234128,0.8187307530779818,0.9988816859742558,0.0005594699027316529,0
730,0.6117448339560912,1.0,0.9989267297186176,0.0005369233241830761,1
731,0.6117485119703396,1.0,0.9989047871458846,0.0005479065189863646,1
732,0.6202180565915847,0.951229424500714,0.9989184029733987,0.0005410911873886039,0
733,0.6288744399145362,0.9048374180359595,0.9989046835222821,0.0005479583875974772,0
734,0.6376854378813264,0.8607079764250578,0.9988958594544293,0.0005523752789052083,0
735,0.6466174933654283,0.8187307530779818,0.9989291223362521,0.0005357257314578379,0
736,0.6117562887090352,1.0,0.9988583944737806,0.0005711288270853304,1
737,0.6202224506146382,0.951229424500714,0.9988927871596733,0.0005539131266455713,0
738,0.628880436994892,0.9048374180359595,0.9988703987584874,0.0005651198609295636,0
739,0.6376858174245926,0.8607079764250578,0.9988937243181735,0.0005534440282235368,0
740,0.646624713158342,0.8187307530779818,0.9988890268121032,0.0005557953880335881,0
741,0.6117503283042758,1.0,0.9988939513913074,0.0005533303659276276,1
742,0.6117481625588804,1.0,0.9989068716598785,0.0005468631203332913,1
743,0.620216440441119,0.951229424500714,0.9989278248730173,0.0005363751589538973,0
744,0.6288738598042761,0.9048374180359595,0.9989080000445864,0.0005462983108888183,0
745,0.6376769977082772,0.8607079764250578,0.9989433415158815,0.0005286085706345634,0
746,0.6117466143518917,1.0,0.998916108009889,0.0005422399129197808,1
747,0.6202190549821321,0.951229424500714,0.9989125825789313,0.0005440045441787846,0
748,0.6288738386607282,0.9048374180359595,0.9989081209236965,0.0005462378052652566,0
749,0.6376831613303168,0.8607079764250578,0.9989086664093059,0.0005459647644074509,0
750,0.6117463195226722,1.0,0.9989178669273594,0.0005413595006870737,1
751,0.6117479278209622,1.0,0.9989082720597261,0.0005461621546548332,1
752,0.620216014768647,0.951229424500714,0.9989303064967565,0.0005351330168317176,0
753,0.6117515630779162,1.0,0.9988865851679445,0.0005570175694157879,1
754,0.6117453524117613,1.0,0.9989236366332428,0.0005384715309091066,1
755,0.6117523421539396,1.0,0.9988819375174702,0.0005593439903306718,1
756,0.6117484459596177,1.0,0.998905180951226,0.0005477094004676853,1
757,0.6117460551685314,1.0,0.9989194440379354,0.000540570091776021,1
758,0.6117439363477135,1.0,0.9989320848475066,0.0005342428900853229,1
759,0.6117513933966031,1.0,0.9988875974218958,0.0005565108785394539,1
760,0.6117464078869712,1.0,0.9989173397555507,0.0005416233722050508,1
761,0.6117491451948254,1.0,0.9989010094807181,0.0005497974260869797,1
762,0.6117452392165991,1.0,0.9989243119497379,0.0005381335089412444,1
763,0.6117433449790288,1.0,0.9989356129748124,0.0005324769436667622,1
764,0.6202158692383052,0.951229424500714,0.9989311549246741,0.000534708348788393,0
765,0.6288755197130039,0.9048374180359595,0.9988985102947314,0.0005510483954470104,0
766,0.637680848167584,0.8607079764250578,0.9989216795438203,0.0005394511309845606,0
767,0.6466200852254527,0.8187307530779818,0.9989147280693339,0.0005429306323390999,0
768,0.6556626765890161,0.7788007830714049,0.9989005209936118,0.000550041938416571,0
769,0.6117480252474234,1.0,0.9989076908324312,0.0005464530860046802,1
770,0.6202174891983957,0.951229424500714,0.9989217107708259,0.0005394355006274865,0
771,0.6117498261195741,1.0,0.9988969472711268,0.0005518307696378588,1
772,0.6202227823306988,0.951229424500714,0.998890853394258,0.0005548810820217734,0
773,0.6288725465071652,0.9048374180359595,0.9989155082916503,0.0005425400974967607,0
774,0.6376819506271401,0.8607079764250578,0.9989154774217754,0.0005425555491916703,0
775,0.6466171522198607,0.8187307530779818,0.9989310169561115,0.0005347774068868728,0
776,0.6556547398004338,0.7788007830714049,0.998944167928572,0.0005281949273805869,0
777,0.6647785572090039,0.7408182206817179,0.9989005601706777,0.0005500223283230999,0
778,0.673939141868604,0.7046880897187134,0.9989314281207324,0.0005345716046195739,0
779,0.6831321701828195,0.6703200460356393,0.9989257825676799,0.0005373974086972141,0
780,0.6117444938572768,1.0,0.9989287587420627,0.000535907723476809,1
781,0.6202199929908023,0.951229424500714,0.998907114241397,0.0005467416968573102,0
782,0.6117459938760501,1.0,0.9989198097033305,0.0005403870613373623,1
783,0.6202174983888787,0.951229424500714,0.9989216571918842,0.0005394623190170299,0
784,0.6288723695828264,0.9048374180359595,0.9989165197911167,0.0005420337989429937,0
785,0.6376781823815956,0.8607079764250578,0.9989366766983304,0.0005319445154812369,0
786,0.6117470522865605,1.0,0.9989134953502079,0.0005435476619273011,1
787,0.6117414551098823,1.0,0.9989468881287721,0.000526833391579196,1
788,0.6202202554597399,0.951229424500714,0.9989055841259272,0.0005475075922142965,0
789,0.62886963173075,0.9048374180359595,0.9989321726247136,0.0005341989545643892,0
790,0.637678409341293,0.8607079764250578,0.998935399859225,0.0005325836150113908,0
791,0.6117451384398888,1.0,0.9989249131789655,0.0005378325707022595,1
792,0.6202151789804766,0.951229424500714,0.998935179075518,0.0005326941245255382,0
793,0.6288746583449238,0.9048374180359595,0.9989034347475956,0.0005485834599830816,0
794,0.6376811545435122,0.8607079764250578,0.9989199559555203,0.0005403138561723046,0
795,0.6117462309766698,1.0,0.998918395183609,0.0005410950865007628,1
796,0.6202146764643295,0.951229424500714,0.9989381087211174,0.000531227742439473,0
797,0.6117481427729371,1.0,0.998906989698777,0.0005468040363011096,1
798,0.6117417268422091,1.0,0.9989452669339878,0.0005276448441794746,1
799,0.6117464613397917,1.0,0.9989170208620329,0.00054178299180319,1
800,0.6202165856491038,0.951229424500714,0.9989269783284322,0.0005367988857351199,0
801,0.6288661327902899,0.9048374180359595,0.998952177232911,0.0005241860585729121,0
802,0.637685494404097,0.8607079764250578,0.9988955414828846,0.0005525344404395349,0
803,0.6117409627569379,1.0,0.9989498255884562,0.0005253631155313685,1
804,0.6117424009656094,1.0,0.9989412450322566,0.000529657922353369,1
805,0.6202152015209073,0.951229424500714,0.99893504766615,0.0005327598992521695,0
806,0.6117469670832588,1.0,0.9989140036609114,0.0005432932301989352,1
807,0.6202185830712216,0.951229424500714,0.9989153337083821,0.0005426274839083036,0
808,0.6288661764279042,0.9048374180359595,0.9989519277387882,0.0005243109364998491,0
809,0.6117484570468278,1.0,0.9989051148073717,0.0005477425086434394,1
810,0.6117439330411987,1.0,0.9989321045742439,0.0005342330161722791,1
811,0.6117439103858131,1.0,0.9989322397367669,0.000534165362668466,1
812,0.6202231485661157,0.951229424500714,0.998888718401681,0.0005559497647769386,0
813,0.6288712854645863,0.9048374180359595,0.9989227178664908,0.0005389314094928229,0
814,0.6376848021669205,0.8607079764250578,0.9988994357051542,0.000550585180223134,0
815,0.646619102281363,0.8187307530779818,0.9989201869605662,0.0005401982287800018,0
816,0.6556613218582371,0.7788007830714049,0.9989079709332748,0.0005463128824569671,0
817,0.664778408321953,0.7408182206817179,0.998901373288562,0.0005496153220675921,0
818,0.6117475688897378,1.0,0.9989104133778863,0.0005450903265776473,1
819,0.6117462944502368,1.0,0.9989180165068617,0.000541284629921375,1
820,0.6117521723692875,1.0,0.9988829503808415,0.0005588369920460132,1
821,0.6117436965829188,1.0,0.9989335152908329,0.0005335269043222664,1
822,0.6202189249187227,0.951229424500714,0.9989133408168942,0.0005436250126320598,0
823,0.6288729299135993,0.9048374180359595,0.9989133163119415,0.000543637278437302,0
824,0.6376826617889122,0.8607079764250578,0.998911476655462,0.0005445581081746977,0
825,0.6466165686451748,0.8187307530779818,0.9989342579645868,0.0005331551711355596,0
826,0.6556612850192763,0.7788007830714049,0.9989081735191065,0.000546211478815621,0
827,0.6647754038077698,0.7408182206817179,0.9989177820197357,0.0005414020004911467,0
828,0.6117445139046326,1.0,0.9989286391397257,0.000535967588779065,1
829,0.6117474633706247,1.0,0.9989110428869606,0.0005447752288133207,1
830,0.6117484214572367,1.0,0.9989053271270618,0.0005476362324494568,1
831,0.6202153590056714,0.951229424500714,0.9989341295400449,0.0005332194519173359,0
832,0.6288748603606672,0.9048374180359595,0.9989022798179272,0.0005491615590744594,0
833,0.6376795407996743,0.8607079764250578,0.9989290344860037,0.0005357697036728259,0
834,0.6466169686135945,0.8187307530779818,0.9989320366519061,0.0005342670136480758,0
835,0.6556597694216021,0.7788007830714049,0.9989165081773103,0.0005420396121447661,0
836,0.6117447115993341,1.0,0.9989274596961317,0.0005365579434070156,1
837,0.6202164022964735,0.951229424500714,0.9989280472517517,0.0005362638502567146,0
838,0.6117457588052203,1.0,0.9989212121164811,0.0005396850969992022,1
839,0.6117442784551452,1.0,0.9989300438305224,0.0005352644906026484,1
840,0.6117477627291301,1.0,0.998909256966604,0.0005456691632461689,1
841,0.6117499396695106,1.0,0.9988962698658737,0.0005521698463988114,1
842,0.61174458436278,1.0,0.9989282187872459,0.0005361779904793153,1
843,0.6117508054480612,1.0,0.9988911049103826,0.0005547551843363145,1
844,0.6117440440524852,1.0,0.9989314422788912,0.000534564517967655,1
845,0.6117475044675221,1.0,0.998910797709793,0.0005448979510514848,1
846,0.6117488965127849,1.0,0.9989024930554796,0.0005490548231434999,1
847,0.6117441366518056,1.0,0.9989308898301658,0.0005348410378842372,1
848,0.620217160693532,0.951229424500714,0.9989236259006035,0.0005384769030111294,0
849,0.6117456374833609,1.0,0.9989219359138264,0.0005393228076242932,1
850,0.6117431524029613,1.0,0.9989367618947381,0.0005319018719353519,1
851,0.6202178588184151,0.951229424500714,0.9989195559526531,0.0005405140738898653,0
852,0.6117520113974375,1.0,0.9988839106721864,0.0005583563096582791,1
853,0.6117461219426271,1.0,0.9989190456699532,0.0005407694912691791,1
854,0.6202210516641735,0.951229424500714,0.9989009425124543,0.0005498309470592308,0
855,0.6288737648506689,0.9048374180359595,0.9989085429010099,0.000546026586027199,0
856,0.6376791733939868,0.8607079764250578,0.9989311014359452,0.0005347351217697558,0
857,0.6466170148586357,0.8187307530779818,0.9989317798202797,0.0005343955667678242,0
858,0.655657640250848,0.7788007830714049,0.9989282171674697,0.0005361788012363463,0
859,0.6647797714213362,0.7408182206817179,0.9988939290118665,0.0005533415680382822,0
860,0.6739429458424115,0.7046880897187134,0.9989107387512522,0.0005449274624666212,0
861,0.6831343273099986,0.6703200460356393,0.9989140677621167,0.0005432611447526583,0
862,0.6923281168186403,0.6376281516217733,0.998915790005086,0.0005423990878750144,0
863,0.7014999643092384,0.6065306597126334,0.9989260280114274,0.00053727455486687,0
864,0.710633754008341,0.5769498103804866,0.9989167406106803,0.0005419232694169234,0
865,0.7197075533013038,0.5488116360940264,0.9988985722016366,0.0005510174078628363,0
866,0.7286917441340623,0.522045776761016,0.9989329569347544,0.0005338063804965911,0
867,0.7375854935457116,0.49658530379140947,0.9989295041115039,0.0005355346392319583,0
868,0.7463701693048576,0.4723665527410147,0.9989035508092774,0.0005485253654411133,0
869,0.61174976983086,1.0,0.99889728307316,0.0005516626832413608,1
870,0.6202126161059623,0.951229424500714,0.9989501206419298,0.0005252154337247344,0
871,0.6288732602681016,0.9048374180359595,0.9989114276416007,0.0005445826418114148,0
872,0.637677774486448,0.8607079764250578,0.9989389714567477,0.0005307959162581446,0
873,0.6466179858000387,0.8187307530779818,0.9989263875103341,0.000537094612192449,0
874,0.6556552130642124,0.7788007830714049,0.9989415652375249,0.0005294976500557762,0
875,0.6647717830601769,0.7408182206817179,0.998937556620453,0.0005315040862951,0
876,0.6117458672533747,1.0,0.998920565123385,0.0005400089430131522,1
877,0.6202183503949985,0.951229424500714,0.9989166901599311,0.0005419485221473532,0
878,0.6288677077319365,0.9048374180359595,0.9989431726996454,0.0005286930680446285,0
879,0.6117439907070031,1.0,0.9989317605389244,0.0005344052177549402,1
880,0.6202210232055572,0.951229424500714,0.998901108416423,0.0005497479038124568,0
881,0.6288665714545296,0.9048374180359595,0.9989496692135429,0.0005254413851909692,0
882,0.6376809922241105,0.8607079764250578,0.998920869120197,0.0005398567803806336,0
883,0.6466167471967297,0.8187307530779818,0.9989332663384658,0.0005336515134149556,0
884,0.6556601373354228,0.7788007830714049,0.9989144849179049,0.0005430523401544704,0
885,0.6647738999945851,0.7408182206817179,0.9989259949960595,0.0005372910802989184,0
886,0.6117427954187998,1.0,0.9989388916880723,0.0005308358429608756,1
887,0.6202179500846082,0.951229424500714,0.9989190238881965,0.0005407803939329122,0
888,0.628871211628417,0.9048374180359595,0.9989231400014399,0.0005387201144385089,0
889,0.6376806076143657,0.8607079764250578,0.9989230328340026,0.0005387737559243597,0
890,0.6117477601372655,1.0,0.9989092724291931,0.0005456614235096142,1
891,0.6202142495188516,0.951229424500714,0.998940597802877,0.0005299818801398907,0
892,0.6117472610665456,1.0,0.998912249800335,0.000544171114636309,1
893,0.6202174763397744,0.951229424500714,0.9989217857343924,0.0005393979783857989,0
894,0.6117456535195509,1.0,0.9989218402430435,0.0005393706946432858,1
895,0.6202174525882143,0.951229424500714,0.9989219242019538,0.0005393286698804732,0
896,0.6288794438004575,0.9048374180359595,0.9988760766506487,0.0005622777124231095,0
897,0.6117488894589527,1.0,0.998902535136924,0.0005490337593040312,1
898,0.6202181827953701,0.951229424500714,0.9989176672307765,0.0005414594571546985,0
899,0.6288741196644871,0.9048374180359595,0.9989065144076036,0.0005470419419776976,0
900,0.6376827114259921,0.8607079764250578,0.9989111974140628,0.0005446978810398371,0
901,0.6466222386178018,0.8187307530779818,0.9989027690891512,0.0005489166546858889,0
902,0.6117479138672675,1.0,0.9989083553047935,0.000546120486632764,1
903,0.6202175704515117,0.951229424500714,0.998921237079219,0.0005396726021510865,0
904,0.6288704768791996,0.9048374180359595,0.9989273407109276,0.0005366174998893819,0
905,0.6376819572052543,0.8607079764250578,0.9989154404153361,0.0005425740725006192,0
906,0.6117440906596149,1.0,0.9989311642201042,0.0005347036961003933,1
907,0.6117441779531436,1.0,0.9989306434260048,0.0005349643718375057,1
908,0.6202192616310858,0.951229424500714,0.9989113778676074,0.0005446075559294429,0
909,0.6288720399242855,0.9048374180359595,0.9989184044955959,0.0005410904254659531,0
910,0.6376828675504986,0.8607079764250578,0.9989103191111244,0.0005451375113727581,0
911,0.6117475869920745,1.0,0.9989103053824854,0.0005451443831804001,1
912,0.6117469508975756,1.0,0.9989141002224249,0.0005432448969548324,1
913,0.6202252177316371,0.951229424500714,0.9988766561922913,0.0005619876156393407,0
914,0.6288718884912187,0.9048374180359595,0.9989192702614621,0.0005406570740094261,0
915,0.637685743412139,0.8607079764250578,0.9988941406778135,0.0005532356178876498,0
916,0.6117438495458044,1.0,0.9989326027097173,0.0005339836822350933,1
917,0.6117449598137176,1.0,0.998925978855835,0.0005372991590879065,1
918,0.620218626808232,0.951229424500714,0.9989150787314593,0.0005427551108185564,0
919,0.6288711609769875,0.9048374180359595,0.9989234295851113,0.0005385751665351973,0
920,0.6117484089928894,1.0,0.9989054014866388,0.0005475990119180531,1
921,0.6202276343324205,0.951229424500714,0.9988625688703444,0.0005690392476894112,0
922,0.628871442626476,0.9048374180359595,0.998921819343889,0.000539381155499089,0
923,0.6376791539080752,0.8607079764250578,0.9989312110598891,0.0005346802511496345,0
924,0.646618574669299,0.8187307530779818,0.9989231171289626,0.0005387315630057327,0
925,0.6556604527149283,0.7788007830714049,0.9989127505629714,0.0005439204607320698,0
926,0.6647704320546677,0.7408182206817179,0.9989449352064715,0.0005278108830918541,0
927,0.6117481037059732,1.0,0.9989072227643699,0.0005466873760072904,1
928,0.6117402531232998,1.0,0.9989540594037251,0.0005232439869283531,1
929,0.6202174540494148,0.951229424500714,0.9989219156834022,0.000539332933753113,0
930,0.6288745817802092,0.9048374180359595,0.9989038724706886,0.0005483643582251971,0
931,0.6117459044656709,1.0,0.9989203431179186,0.0005401200657084243,1
932,0.6202202326758779,0.951229424500714,0.9989057169489015,0.0005474411079701661,0
933,0.6288781658419733,0.9048374180359595,0.9988833825457917,0.0005586206679729765,0
934,0.6376810488201605,0.8607079764250578,0.9989205507261347,0.0005400161494171813,0
935,0.6117480880517985,1.0,0.9989073161540285,0.0005466406300973627,1
936,0.6202168627296403,0.951229424500714,0.9989253629860223,0.0005376074251734509,0
937,0.6288698440781841,0.9048374180359595,0.998930958581176,0.0005348066255897791,0
938,0.6376828683091055,0.8607079764250578,0.9989103148434649,0.0005451396475302177,0
939,0.64661590216019,0.8187307530779818,0.9989379594491528,0.0005313024577669603,0
940,0.611746203459349,1.0,0.9989185593491705,0.0005410129148495149,1
941,0.6117435361133345,1.0,0.9989344726584779,0.0005330477096753252,1
942,0.6202182002385227,0.951229424500714,0.9989175655407752,0.0005415103572488002,0
943,0.6288724655026124,0.9048374180359595,0.9989159714050466,0.0005423082894583689,0
944,0.6117472070656782,1.0,0.9989125719611348,0.0005440098588563478,1
945,0.620217113936924,0.951229424500714,0.998923898484428,0.000538340464258349,0
946,0.6288704764485844,0.9048374180359595,0.9989273431728486,0.0005366162676070416,0
947,0.611747448435375,1.0,0.9989111319881674,0.0005447306296453681,1
948,0.6202137274035416,0.951229424500714,0.9989436417344603,0.0005284583025857039,0
949,0.6117507621914167,1.0,0.9988913629646174,0.0005546260139992207,1
950,0.6202179344663274,0.951229424500714,0.9989191149397587,0.0005407348188883854,0
951,0.6117461125666519,1.0,0.998919101606126,0.0005407414929186356,1
952,0.6202132609833442,0.951229424500714,0.9989463609747902,0.0005270972465084265,0
953,0.6288697899550179,0.9048374180359595,0.9989312680167014,0.0005346517422743354,0
954,0.6117450737654302,1.0,0.9989252990241017,0.0005376394405397339,1
955,0.6117465120590884,1.0,0.9989167182765519,0.0005419344485911597,1
956,0.6202158502954582,0.951229424500714,0.9989312653597285,0.0005346530721821234,0
957,0.6117460004488899,1.0,0.9989197704903529,0.0005404066890281851,1
958,0.6202216177453391,0.951229424500714,0.998897642461655,0.0005514827906555435,0
959,0.6117447280474579,1.0,0.9989273615669676,0.0005366070606717697,1
960,0.6117471935782358,1.0,0.9989126524251489,0.0005439695830538787,1
961,0.6117464954548198,1.0,0.9989168173356895,0.000541884865312153,1
962,0.6202240618966204,0.951229424500714,0.9988833941119453,0.0005586148784315104,0
963,0.6288720562750072,0.9048374180359595,0.9989183110160953,0.0005411372158266711,0
964,0.6376830911757421,0.8607079764250578,0.9989090610739217,0.0005457672165478881,0
965,0.6466169773047281,0.8187307530779818,0.9989319883838499,0.0005342911734785742,0
966,0.6556591426476297,0.7788007830714049,0.998919954990979,0.0005403143389643799,0
967,0.6647739769286366,0.7408182206817179,0.9989255748240026,0.0005375013922476514,0
968,0.6117447549106639,1.0,0.9989272013016727,0.0005366872793712985,1
969,0.6202196936252188,0.951229424500714,0.9989088594573645,0.0005458681349324469,0
970,0.6288703818123714,0.9048374180359595,0.9989278842289107,0.000536345449154048,0
971,0.637688446814663,0.8607079764250578,0.9988789327378019,0.0005608480640729147,0
972,0.6466187111212186,0.8187307530779818,0.9989223593228713,0.0005391108746693451,0
973,0.6117497164527395,1.0,0.998897601511598,0.0005515032882801446,1
974,0.6202197946081242,0.951229424500714,0.9989082707553422,0.0005461628075596237,0
975,0.6117494867628914,1.0,0.9988989717765762,0.0005508174001389366,1
976,0.6202108689886807,0.951229424500714,0.9989603065237262,0.0005201171662258462,0
977,0.6117485982335851,1.0,0.9989042725188256,0.0005481641147042457,1
978,0.6117448036667777,1.0,0.9989269104238699,0.0005368328744880923,1
979,0.6117432585222405,1.0,0.9989361287807524,0.0005322187659623252,1
980,0.6117453833226446,1.0,0.9989234522206282,0.0005385638365793768,1
981,0.6117478280608228,1.0,0.9989088672098159,0.000545864254472643,1
982,0.611749790877748,1.0,0.9988971575135515,0.000551725532354322,1
983,0.611748121155297,1.0,0.9989071186652291,0.0005467394825212565,1
984,0.6117497448528814,1.0,0.9988974320845415,0.0005515880953067342,1
985,0.6117467734520008,1.0,0.9989151588387258,0.0005427150136846808,1
986,0.6117495961955941,1.0,0.9988983189315248,0.0005511441825680131,1
987,0.6117499212450098,1.0,0.9988963797809358,0.0005521148281454267,1
988,0.6117441277998983,1.0,0.9989309426407375,0.0005348146043387482,1
989,0.6117441042077417,1.0,0.9989310833918119,0.0005347441534904781,1
990,0.6117462432575865,1.0,0.9989183219169111,0.0005411317595167608,1
991,0.6202228479171562,0.951229424500714,0.9988904710533697,0.000555072464774022,0
992,0.6288725832771711,0.9048374180359595,0.9989152980729163,0.0005426453209887985,0
993,0.6376833001897889,0.8607079764250578,0.9989078852360346,0.0005463557779219658,0
994,0.6466208877996604,0.8187307530779818,0.9989102709097906,0.0005451616383309181,0
995,0.6117469374218542,1.0,0.9989141806166978,0.0005432046561224646,1
996,0.6202185891075459,0.951229424500714,0.9989152985179652,0.0005426450982226924,0
997,0.6117511777013251,1.0,0.9988888841798174,0.000555866783500064,1
998,0.6117480091396917,1.0,0.9989077869279867,0.0005464049856889026,1
999,0.6202203500355871,0.951229424500714,0.9989050327778197,0.0005477835683767968,0
1000,0.6288692447686872,0.9048374180359595,0.9989343849890205,0.000533091591162858,0
1001,0.6376837715016443,0.8607079764250578,0.9989052338115227,0.0005476829413521057,0
1002,0.6466212823683841,0.8187307530779818,0.998908079650022,0.0005462584646604653,0
1003,0.6117398080655319,1.0,0.9989567147205086,0.0005219149401971464,1
1004,0.6202156102576845,0.951229424500714,0.9989326647593635,0.0005339526242617612,0
1005,0.6117418938654183,1.0,0.9989442704510612,0.0005281436119581226,1
1006,0.6202212258525718,0.951229424500714,0.9988999270547164,0.0005503392348236945,0
1007,0.6288733440290616,0.9048374180359595,0.9989109487724296,0.0005448223373803178,0
1008,0.6117491651005742,1.0,0.9989008907281494,0.0005498568677006717,1
1009,0.6202175566910204,0.951229424500714,0.99892131730048,0.0005396324482056741,0
1010,0.6288680616338773,0.9048374180359595,0.9989411493243934,0.0005297058270065363,0
1011,0.6117466814920118,1.0,0.9989157074602439,0.0005424404050942594,1
1012,0.6117433962566633,1.0,0.998935307049821,0.0005326300691706424,1
1013,0.611749561744257,1.0,0.9988985244585463,0.0005510413057303199,1
1014,0.6202200899182788,0.951229424500714,0.9989065491827854,0.0005470245353531733,0
1015,0.6117480922189655,1.0,0.9989072912935465,0.0005466530739356725,1
1016,0.6117504829242564,1.0,0.9988930289786636,0.0005537920831441527,1
1017,0.6202151581318182,0.951229424500714,0.9989353006219767,0.0005326332865183259,0
1018,0.6288719057080285,0.9048374180359595,0.9989191718302912,0.0005407063428435685,0
1019,0.6376782039683307,0.8607079764250578,0.9989365552547064,0.0005320053019326372,0
1020,0.6466214929027887,0.8187307530779818,0.9989069104376879,0.0005468437102112165,0
1021,0.65565944626616,0.7788007830714049,0.9989182853020113,0.0005411500867911869,0
1022,0.6647748390850373,0.7408182206817179,0.9989208662068287,0.0005398582386384319,0
1023,0.673945952994446,0.7046880897187134,0.9988943835225951,0.0005531140610868834,0
1024,0.6831329000345305,0.6703200460356393,0.9989218189144072,0.0005393813704717787,0
1025,0.6117445146978973,1.0,0.998928634407116,0.0005359699576217912,1
1026,0.6202211270838888,0.951229424500714,0.998900502841583,0.0005500510244209037,0
1027,0.6288683806582304,0.9048374180359595,0.9989393253606886,0.0005306187763685461,0
1028,0.6376812747785856,0.8607079764250578,0.9989192795464894,0.0005406524264730528,0
1029,0.6117453481324062,1.0,0.998923662163642,0.0005384587519548424,1
1030,0.6202211524105284,0.951229424500714,0.9989003551960896,0.0005501249284303716,0
1031,0.6117488715765947,1.0,0.9989026418187259,0.0005489803598018536,1
1032,0.6117442523698088,1.0,0.9989301994557281,0.000535186594660616,1
1033,0.6202194258306601,0.951229424500714,0.9989104206269437,0.0005450866980954331,0
1034,0.6117427744699311,1.0,0.9989390166707501,0.0005307732852453185,1
1035,0.62021737403909,0.951229424500714,0.9989223821302,0.0005390994587028344,0
1036,0.6288684936753157,0.9048374180359595,0.998938679207145,0.0005309421962881985,0
1037,0.6376821146524687,0.8607079764250578,0.9989145546664489,0.0005430174279860441,0
1038,0.64661839499306,0.8187307530779818,0.9989241149888354,0.0005382320954505239,0
1039,0.6556628855139028,0.7788007830714049,0.9988993720790038,0.000550617028350232,0
1040,0.611743961897347,1.0,0.9989319324178749,0.0005343191863849471,1
1041,0.6202152530226326,0.951229424500714,0.9989347474142521,0.0005329101852710841,0
1042,0.6117475980779271,1.0,0.9989102392462208,0.0005451774873872238,1
1043,0.6117469862786448,1.0,0.9989138891439524,0.0005433505509318513,1
1044,0.6117447368344646,1.0,0.9989273091438752,0.0005366333003643365,1
1045,0.6117452901035971,1.0,0.9989240083604499,0.0005382854670678441,1
1046,0.6117416418422611,1.0,0.9989457740556791,0.000527391015676841,1
1047,0.6117443805229617,1.0,0.9989294348939323,0.0005355692851072791,1
1048,0.611748317842286,1.0,0.9989059452715054,0.0005473268216195861,1
1049,0.6117469386803197,1.0,0.9989141731088673,0.0005432084141182118,1
1050,0.6117466415976496,1.0,0.9989159454650411,0.0005423212735364189,1
1051,0.6117453365732919,1.0,0.9989237311246932,0.0005384242342777711,1
1052,0.620215277329478,0.951229424500714,0.9989346057068799,0.0005329811145198522,0
1053,0.6117478810942131,1.0,0.9989085508225921,0.0005460226209084212,1
1054,0.611743012794755,1.0,0.9989375948065868,0.0005314849729216859,1
1055,0.6202157518872661,0.951229424500714,0.9989318390707109,0.0005343659098729845,0
1056,0.6288707590693526,0.9048374180359595,0.9989257273700669,0.000537425037183528,0
1057,0.6117463189784619,1.0,0.9989178701740604,0.000541357875577944,1
1058,0.620216534984248,0.951229424500714,0.9989272736981566,0.0005366510422555455,0
1059,0.6288728131704737,0.9048374180359595,0.9989139837454395,0.0005433031987608152,0
1060,0.6376851245853843,0.8607079764250578,0.9988976219180727,0.0005514930737824526,0
1061,0.6117504248917536,1.0,0.9988933751815994,0.0005536187898756548,1
1062,0.611742823826708,1.0,0.998938722204188,0.000530920674926076,1
1063,0.6117466864588655,1.0,0.9989156778286192,0.0005424552369889873,1
1064,0.6202175951097061,0.951229424500714,0.9989210933262757,0.0005397445562493432,0
1065,0.6117458744059299,1.0,0.9989205224518293,0.0005400303018469556,1
1066,0.620217510138019,0.951229424500714,0.9989215886964148,0.0005394966037235579,0
1067,0.6117477818419067,1.0,0.9989091429432925,0.0005457262371581685,1
1068,0.6202191092377448,0.951229424500714,0.9989122662821815,0.0005441628647392678,0
1069,0.6288721284314154,0.9048374180359595,0.9989178984873498,0.0005413437035975739,0
1070,0.6117488895377288,1.0,0.9989025346669652,0.0005490339945415881,1
1071,0.6117454258534437,1.0,0.9989231984843231,0.0005386908414748819,1
1072,0.6117517312141106,1.0,0.9988855821330974,0.0005575196461107746,1
1073,0.6202214389601116,0.951229424500714,0.9988986847139296,0.0005509610896891011,0
1074,0.6117458019629394,1.0,0.998920954640873,0.0005398139738505938,1
1075,0.6117468726847324,1.0,0.9989145668294628,0.0005430113398707788,1
1076,0.6202211089725309,0.951229424500714,0.9989006084245141,0.0005499981748502283,0
1077,0.6288684569421552,0.9048374180359595,0.998938889221894,0.0005308370773598327,0
1078,0.6117480749850063,1.0,0.9989073941078929,0.0005466016105306323,1
1079,0.6117466780345585,1.0,0.9989157280869769,0.0005424300805330246,1
1080,0.6202182881700575,0.951229424500714,0.9989170529181879,0.0005417669463490707,0
1081,0.6288710635535165,0.9048374180359595,0.9989239865735883,0.0005382963722326465,0
1082,0.6376806475132132,0.8607079764250578,0.9989228083732442,0.0005388861073149517,0
1083,0.6466234015133501,0.8187307530779818,0.9988963109592388,0.000552149277013633,0
1084,0.611747892334639,1.0,0.9989084837643458,0.0005460561866680131,1
1085,0.620220524859686,0.951229424500714,0.9989040136082225,0.0005482937120259643,0
1086,0.6288737994874075,0.9048374180359595,0.9989083448803026,0.0005461257045743629,0
1087,0.6376827421668301,0.8607079764250578,0.9989110244765704,0.000544784444043505,0
1088,0.6466216063905139,0.8187307530779818,0.9989062801791709,0.0005471591844106332,0
1089,0.655663266257255,0.7788007830714049,0.9988972783084729,0.0005516650682148259,0
1090,0.6647778766410264,0.7408182206817179,0.9989042769672933,0.0005481618880305958,0
1091,0.6739445266114364,0.7046880897187134,0.9989021412661355,0.0005492309111042348,0
1092,0.6117504551589825,1.0,0.998893194617186,0.0005537091721097556,1
1093,0.62022249250272,0.951229424500714,0.9988925429694419,0.0005540353571114034,0
1094,0.6117485520222726,1.0,0.9989045482050396,0.000548026120412163,1
1095,0.6117451107739154,1.0,0.9989250782329874,0.0005377499548789103,1
1096,0.6117503000928701,1.0,0.9988941196915389,0.0005532461226418339,1
1097,0.620218175321778,0.951229424500714,0.9989177108002902,0.0005414376487943585,0
1098,0.6117498614543541,1.0,0.9988967364742326,0.0005519362844844984,1
1099,0.6202171166198196,0.951229424500714,0.9989238828435569,0.0005383482931185662,0
1100,0.6288691711603398,0.9048374180359595,0.998934805828134,0.0005328809471850809,0
1101,0.6117450988450348,1.0,0.9989251494001952,0.0005377143329855438,1
1102,0.6117502756004625,1.0,0.9988942658054513,0.0005531729848093012,1
1103,0.611747523821002,1.0,0.9989106822502231,0.000544955743787753,1
1104,0.6202185073513065,0.951229424500714,0.9989157751386567,0.0005424065291576388,0
1105,0.6117508418839138,1.0,0.9988908875467191,0.0005548639868304606,1
1106,0.6117458444812824,1.0,0.998920700979831,0.0005399409413914614,1
1107,0.6117496917931696,1.0,0.9988977486235155,0.0005514296511493566,1
1108,0.6117475670615652,1.0,0.9989104242844482,0.0005450848673484342,1
1109,0.6202187683955327,0.951229424500714,0.998914253310013,0.0005431682699573682,0
1110,0.6117519663437325,1.0,0.9988841794441667,0.0005582217735318474,1
1111,0.6117462820070543,1.0,0.998918090741587,0.0005412474723562111,1
1112,0.6117506478832448,1.0,0.9988920448882604,0.000554284673871808,1
1113,0.6117473550364648,1.0,0.9989116891907434,0.0005444517247444675,1
1114,0.6202193288737267,0.951229424500714,0.9989109858604031,0.00054480377317656,0
1115,0.6117476320478099,1.0,0.9989100365878595,0.0005452789271232093,1
1116,0.611743095048948,1.0,0.9989371040724725,0.00053173060099566,1
1117,0.6117455708837235,1.0,0.9989223332427283,0.0005391239288087019,1
1118,0.6117464864360239,1.0,0.9989168711407852,0.0005418579335930453,1
1119,0.6117472709666119,1.0,0.9989121907380925,0.0005442006779159315,1
1120,0.611743988290494,1.0,0.9989317749558615,0.0005343980015778537,1
1121,0.6117421462721295,1.0,0.9989427645615069,0.000528897353049529,1
1122,0.6117423361100844,1.0,0.9989416319671068,0.0005294642499140613,1
1123,0.6117463661486636,1.0,0.9989175887617077,0.0005414987342014499,1
1124,0.6117430304206966,1.0,0.9989374896489895,0.0005315376076425075,1
1125,0.611747084720597,1.0,0.9989133018534894,0.0005436445155278517,1
1126,0.6202198214228641,0.951229424500714,0.9989081144330103,0.0005462410541557337,0
1127,0.6288775239642389,0.9048374180359595,0.9988870520909363,0.0005567838477452455,0
1128,0.6376884885964345,0.8607079764250578,0.9988786976975754,0.0005609657160958306,0
1129,0.6466243363062039,0.8187307530779818,0.9988911196327128,0.0005547478149994518,0
1130,0.6556604681989502,0.7788007830714049,0.9989126654123489,0.0005439630823854304,0
1131,0.6117540863085089,1.0,0.9988715327186378,0.0005645522399908281,1
1132,0.6202190009063742,0.951229424500714,0.9989128978273154,0.0005438467484217862,0
1133,0.6288702613526345,0.9048374180359595,0.9989285729243186,0.0005360007319920574,0
1134,0.6376797087478878,0.8607079764250578,0.9989280896452266,0.0005362426307734142,0
1135,0.6466191565825736,0.8187307530779818,0.9989198853916929,0.0005403491762344681,0
1136,0.6556600619142023,0.7788007830714049,0.9989148996795744,0.0005428447340032039,0
1137,0.664773424269294,0.7408182206817179,0.9989285931539041,0.0005359906063505102,0
1138,0.6739424253777647,0.7046880897187134,0.9989135694709915,0.0005435105612268124,0
1139,0.6117509039344999,1.0,0.9988905173746002,0.0005550492784333849,1
1140,0.6202183782525762,0.951229424500714,0.9989165277562011,0.0005420298120811789,0
1141,0.6117502118904717,1.0,0.9988946458791385,0.0005529827376390584,1
1142,0.6202191130332599,0.951229424500714,0.9989122441552759,0.0005441739402393793,0
1143,0.6288712960679966,0.9048374180359595,0.9989226572448646,0.0005389617529953192,0
1144,0.6376832042257456,0.8607079764250578,0.9989084250950213,0.0005460855533853308,0
1145,0.6466194687908615,0.8187307530779818,0.9989181515043132,0.000541217058088603,0
1146,0.6117458390730397,1.0,0.9989207332449703,0.0005399247913913608,1
1147,0.6117457055239703,1.0,0.9989215299884269,0.0005395259894082614,1
1148,0.6117459559977176,1.0,0.9989200356821333,0.0005402739497667058,1
1149,0.6202143424394174,0.951229424500714,0.9989400560774837,0.0005302530301669618,0
1150,0.6117459941608724,1.0,0.9989198080041056,0.0005403879118684801,1
1151,0.6117457428389372,1.0,0.9989213073701138,0.0005396374187504187,1
1152,0.6202220239631577,0.951229424500714,0.9988952743665866,0.0005526681462789491,0
1153,0.6288766989382144,0.9048374180359595,0.9988917687017638,0.0005544229203100779,0
1154,0.6117499950871284,1.0,0.9988959392610481,0.0005523353314898175,1
1155,0.6202226368500976,0.951229424500714,0.9988917014844493,0.0005544565662559364,0
1156,0.6117513984190935,1.0,0.9988875674596127,0.0005565258763647999,1
1157,0.6202220081832008,0.951229424500714,0.9988953663575723,0.0005526220999196806,0
1158,0.6288743541878389,0.9048374180359595,0.9989051736255917,0.0005477130672993921,0
1159,0.6117494616051757,1.0,0.9988991218605972,0.0005507422754196528,1
1160,0.611746052610694,1.0,0.9989194592977576,0.0005405624536115511,1
1161,0.6117497407998018,1.0,0.9988974562640428,0.0005515759922117348,1
1162,0.6117453149391286,1.0,0.9989238601929594,0.0005383596306179349,1
1163,0.6117493319171587,1.0,0.9988998955442185,0.0005503550074239077,1
1164,0.6117459824962812,1.0,0.9989198775940237,0.0005403530792848415,1
1165,0.6117487731770156,1.0,0.9989032288470098,0.0005486865233022792,1
1166,0.6117464832263768,1.0,0.9989168902891706,0.0005418483490191059,1
1167,0.6117500586831881,1.0,0.9988955598663009,0.0005525252385684265,1
1168,0.6117465524665101,1.0,0.9989164772106265,0.0005420551122811555,1
1169,0.6202167152935428,0.951229424500714,0.9989262225182562,0.0005371771969021922,0
1170,0.628873337239858,0.9048374180359595,0.9989109875869241,0.0005448029089748723,0
1171,0.6376798665890402,0.8607079764250578,0.9989272016656672,0.000536687097178574,0
1172,0.6117456753495865,1.0,0.9989217100066076,0.0005394358831491241,1
1173,0.6202156176795144,0.951229424500714,0.9989326214906894,0.0005339742817150482,0
1174,0.628871147282188,0.9048374180359595,0.9989235078808547,0.0005385359764741249,0
1175,0.6376811588322029,0.8607079764250578,0.9989199318285313,0.000540325932710096,0
1176,0.6117463435136818,1.0,0.9989177237995608,0.0005414311421170213,1
1177,0.6202158961539699,0.951229424500714,0.9989309980088562,0.0005347868906525861,0
1178,0.6117463113738546,1.0,0.9989179155423408,0.0005413351668645014,1
1179,0.6202162324905001,0.951229424500714,0.9989290372011784,0.0005357683446299793,0
1180,0.6288736303866174,0.9048374180359595,0.9989093116420953,0.0005456417956502466,0
1181,0.6117430642653849,1.0,0.9989372877292623,0.0005316386749013263,1
1182,0.6117460533461995,1.0,0.9989194549097999,0.0005405646499636477,1
1183,0.6202186218781068,0.951229424500714,0.9989151074729746,0.0005427407244530639,0
1184,0.6117471071326619,1.0,0.9989131681464213,0.0005437114417950216,1
1185,0.6202176849468027,0.951229424500714,0.9989205695920268,0.0005400067062778592,0
1186,0.6288707907803451,0.9048374180359595,0.9989255460718288,0.0005375157837973802,0
1187,0.6376795572956817,0.8607079764250578,0.9989289416829382,0.0005358161549554418,0
1188,0.6466196854899885,0.8187307530779818,0.9989169480410531,0.0005418194417689601,0
1189,0.6117487497181013,1.0,0.9989033687973411,0.0005486164713105268,1
1190,0.6202191361207522,0.951229424500714,0.9989121095609764,0.0005442413106762421,0
1191,0.6117466086238926,1.0,0.9989161421824329,0.0005422228081083368,1
1192,0.6202165402729192,0.951229424500714,0.9989272428658643,0.0005366664749569534,0
1193,0.6288746380783647,0.9048374180359595,0.9989035506121822,0.0005485254640968868,0
1194,0.6376817378030488,0.8607079764250578,0.998916674705355,0.0005419562578156201,0
1195,0.6117509976754496,1.0,0.9988899581492336,0.0005553292017650134,1
1196,0.6117472169657806,1.0,0.998912512898648,0.0005440394222486714,1
1197,0.6202207032067278,0.951229424500714,0.9989029739025022,0.0005488141355337508,0
1198,0.6288760839953014,0.9048374180359595,0.9988952843031144,0.0005526631725204923,0
1199,0.6376841724617424,0.8607079764250578,0.9989029781668745,0.0005488120010059481,0
1200,0.6466206399987481,0.8187307530779818,0.9989116470892153,0.0005444727984436717,0
1201,0.6556645906636207,0.7788007830714049,0.998889995219182,0.0005553106461937667,0
1202,0.6117446565951754,1.0,0.9989277878498994,0.0005363936903821571,1
1203,0.6202163227879003,0.951229424500714,0.9989285107774765,0.0005360318387426672,0
1204,0.628871736706704,0.9048374180359595,0.9989201380376291,0.0005402227166915037,0
1205,0.6376862676958391,0.8607079764250578,0.9988911913063879,0.0005547119383802846,0
1206,0.6117489679537921,1.0,0.998902066855988,0.0005492681570702223,1
1207,0.6117446098607826,1.0,0.998928066666528,0.000536254132451603,1
1208,0.6202181655693555,0.951229424500714,0.9989177676549227,0.000541409190679051,0
1209,0.6117444187945122,1.0,0.9989292065660059,0.0005356835714344736,1
1210,0.6117439398870747,1.0,0.9989320637316048,0.0005342534593234067,1
1211,0.6117476060365686,1.0,0.9989101917663562,0.000545201253219175,1
1212,0.6117462652062181,1.0,0.9989181909736311,0.00054119730205695,1
1213,0.6202197826815378,0.951229424500714,0.9989083402839712,0.0005461280052516094,0
1214,0.6117480539442343,1.0,0.9989075196329423,0.0005465387793601329,1
1215,0.6202185108252241,0.951229424500714,0.9989157548864838,0.0005424166662350528,0
1216,0.6288727946383377,0.9048374180359595,0.9989140896957884,0.0005432501659947438,0
1217,0.6117491622883151,1.0,0.9989009075053608,0.0005498484698648886,1
1218,0.6117468760303606,1.0,0.9989145468698994,0.0005430213304967154,1
1219,0.6202178317871742,0.951229424500714,0.9989197135396969,0.0005404351951501529,0
1220,0.6288746949789621,0.9048374180359595,0.9989032253096373,0.0005486882939304754,0
1221,0.6376802476025549,0.8607079764250578,0.9989250581717454,0.0005377599962937678,0
1222,0.6117473630656014,1.0,0.998911641290213,0.0005444757011039135,1
1223,0.6202183208074679,0.951229424500714,0.9989168626489588,0.0005418621841100832,0
1224,0.6117481066843494,1.0,0.998907204995978,0.0005466962699224569,1
1225,0.6202186123824414,0.951229424500714,0.9989151628305603,0.0005427130155998847,0
1226,0.6288646192727662,0.9048374180359595,0.9989608306850779,0.0005198548128516797,0
1227,0.6376781395048394,0.8607079764250578,0.9989369179163669,0.0005318237780947237,0
1228,0.6466229071536105,0.8187307530779818,0.998899056375324,0.0005507750541427258,0
1229,0.6117453507837082,1.0,0.9989236463461196,0.0005384666692377706,1
1230,0.6202196487738119,0.951229424500714,0.9989091209286486,0.0005457372565007393,0
1231,0.6288692255775166,0.9048374180359595,0.9989344947101841,0.0005330366720614396,0
1232,0.6376841100319861,0.8607079764250578,0.9989033293718281,0.0005486362057087258,0
1233,0.6117468273468565,1.0,0.9989148373091282,0.0005428759531030676,1
1234,0.6117506369546202,1.0,0.9988921100847516,0.0005542520394697787,1
1235,0.6117453223553129,1.0,0.9989238159483964,0.0005383817767322575,1
1236,0.6117460674838417,1.0,0.9989193705659332,0.000540606867516786,1
1237,0.6117463601572224,1.0,0.9989176245059952,0.0005414808426920797,1
1238,0.6117454201433017,1.0,0.9989232325506968,0.0005386737899271793,1
1239,0.6117489136005623,1.0,0.9989023911139746,0.0005491058499007822,1
1240,0.6117481040903977,1.0,0.9989072204709711,0.0005466885239611533,1
1241,0.6117480026407557,1.0,0.9989078256993633,0.0005463855788045061,1
1242,0.6117420967037107,1.0,0.9989430602925355,0.0005287493310630202,1
1243,0.6117447310177735,1.0,0.9989273438461287,0.000536615930605524,1
1244,0.6202142492820754,0.951229424500714,0.9989405991832794,0.0005299811892067355,0
1245,0.6288757798798302,0.9048374180359595,0.9988970229239688,0.0005517929014476697,0
1246,0.6376801125289618,0.8607079764250578,0.9989258180638645,0.0005373796415194613,0
1247,0.61174570698313,1.0,0.9989215212831872,0.0005395303467273193,1
1248,0.6202152496345317,0.951229424500714,0.998934767166669,0.0005329002985309409,0
1249,0.6288718128674704,0.9048374180359595,0.9989197026143093,0.0005404406637516432,0
1250,0.6117470378588865,1.0,0.9989135814236187,0.0005435045784133177,1
1251,0.6202179615946151,0.951229424500714,0.9989189567870864,0.0005408139807957092,0
1252,0.6117468131966043,1.0,0.9989149217276505,0.0005428336979900367,1
1253,0.6117467433397112,1.0,0.9989153384847398,0.0005426250931363126,1
1254,0.6117485703524796,1.0,0.9989044388511663,0.0005480808573134143,1
1255,0.6202149739105592,0.951229424500714,0.9989363746220518,0.0005320957144167487,0
1256,0.6288723369093462,0.9048374180359595,0.9989167065898072,0.0005419402983003889,0
1257,0.6376778950094415,0.8607079764250578,0.9989382934113136,0.0005311352991852447,0
1258,0.6117465414427881,1.0,0.9989165429768468,0.0005420221935038005,1
1259,0.6117410134118831,1.0,0.9989495233720174,0.000525514382630493,1
1260,0.6202149140542073,0.951229424500714,0.9989367235817329,0.0005319210488278972,0
1261,0.6288705762179385,0.9048374180359595,0.9989267727699184,0.0005369017754054627,0
1262,0.6376809921502514,0.8607079764250578,0.9989208695357078,0.0005398565724007748,0
1263,0.6117486112114706,1.0,0.9989041950957228,0.000548202868721004,1
1264,0.6202178862107748,0.951229424500714,0.998919396260391,0.0005405940063899097,0
1265,0.6288720344773312,0.9048374180359595,0.9989184356366444,0.00054107483808269,0
1266,0.6376857942836704,0.8607079764250578,0.9988938544982141,0.0005533788661202034,0
1267,0.646614695149613,0.8187307530779818,0.9989446629153503,0.0005279471724651408,0
1268,0.655666297548064,0.7788007830714049,0.9988806089227296,0.0005600090317005647,0
1269,0.6117429466965176,1.0,0.9989379891534326,0.0005312875898369345,1
1270,0.6202163749592585,0.951229424500714,0.9989282066244969,0.0005361840783787922,0
1271,0.611741682801853,1.0,0.9989455296849222,0.0005275133300171683,1
1272,0.6202158398819211,0.951229424500714,0.9989313260696988,0.0005346226847217734,0
1273,0.6117460446239579,1.0,0.9989195069458919,0.0005405386037742215,1
1274,0.6117490303576092,1.0,0.9989016945703738,0.0005494545045090514,1
1275,0.6117450342503278,1.0,0.9989255347696736,0.0005375214409533903,1
1276,0.6117480289465519,1.0,0.9989076687641613,0.0005464641322056833,1
1277,0.6117486262548634,1.0,0.9989041053502867,0.0005482477906667715,1
1278,0.6117471053059486,1.0,0.9989131790443225,0.0005437059869158846,1
1279,0.6202189856993277,0.951229424500714,0.9989129864806859,0.0005438023734983809,0
1280,0.6117499982291781,1.0,0.9988959205165301,0.0005523447141078749,1
1281,0.611746025056767,1.0,0.9989196236819705,0.00054048017260388,1
1282,0.6202158142999851,0.951229424500714,0.9989314752100714,0.0005345480347645882,0
1283,0.6288734615630105,0.9048374180359595,0.9989102768204757,0.0005451586797643075,0
1284,0.6376810034564926,0.8607079764250578,0.9989208059298442,0.0005398884096902085,0
1285,0.6466216933066271,0.8187307530779818,0.99890579748747,0.0005474007945732332,0
1286,0.6556598828105982,0.7788007830714049,0.9989158846194891,0.0005423517293290906,0
1287,0.6117476413148463,1.0,0.9989099813023571,0.000545306600037648,1
1288,0.6117433044775508,1.0,0.9989358546088015,0.000532355997953753,1
1289,0.6117459734297744,1.0,0.9989199316840045,0.0005403260050516735,1
1290,0.6117466403717526,1.0,0.9989159527785907,0.0005423176127932,1
1291,0.6117431162083913,1.0,0.9989369778338512,0.0005317937874709626,1
1292,0.6117455139212811,1.0,0.9989226730769695,0.0005389538284055054,1
1293,0.6117473361769614,1.0,0.9989118017035028,0.0005443954070767982,1
1294,0.6117441474215779,1.0,0.9989308255775965,0.0005348731985532415,1
1295,0.6117478396492966,1.0,0.9989087980751498,0.0005458988595656337,1
1296,0.6117530550644343,1.0,0.9988776846120002,0.0005614728277658308,1
1297,0.6117396726278599,1.0,0.9989575227748415,0.0005215104912384733,1
1298,0.6202211158334685,0.951229424500714,0.9989005684276272,0.0005500181953044002,0
1299,0.6117473907103546,1.0,0.9989114763661145,0.0005445582530060998,1
1300,0.6202151842178188,0.951229424500714,0.9989351485421226,0.0005327094074970966,0
1301,0.6117436761360965,1.0,0.9989336372772765,0.0005334658459864006,1
1302,0.6117461099883943,1.0,0.9989191169877658,0.0005407337937767644,1
1303,0.6117413339935653,1.0,0.9989476107276947,0.0005264717113588179,1
1304,0.6117465637667387,1.0,0.9989164097948071,0.0005420888567549108,1
1305,0.6117432866088044,1.0,0.9989359612147284,0.0005323026382106423,1
1306,0.6202177641295841,0.951229424500714,0.9989201079708604,0.0005402377663276482,0
1307,0.6117449591411185,1.0,0.9989259828685383,0.0005372971505790693,1
1308,0.6202192867177603,0.951229424500714,0.9989112316187577,0.0005446807600512823,0
1309,0.6117458804285495,1.0,0.9989204865213785,0.0005400482864866662,1
1310,0.6202226518926583,0.951229424500714,0.9988916137926542,0.0005545004608036555,0
1311,0.6117451675050365,1.0,0.9989247397775728,0.0005379193647172219,1
1312,0.6117495592593089,1.0,0.9988985392830526,0.0005510338853038565,1
1313,0.620217078032919,0.951229424500714,0.9989241077993198,0.0005382356940800072,0
1314,0.6288729164405183,0.9048374180359595,0.9989133933390201,0.0005435987230018967,0
1315,0.6376811640673418,0.8607079764250578,0.9989199023770867,0.0005403406743546057,0
1316,0.6466196067471556,0.8187307530779818,0.9989173853481301,0.0005416005512084829,0
1317,0.611745179210981,1.0,0.9989246699404354,0.0005379543208740782,1
1318,0.6202173054458507,0.951229424500714,0.9989227820175489,0.0005388992993731492,0
1319,0.6288746012356107,0.9048374180359595,0.9989037612434681,0.0005484200328650099,0
1320,0.6117498828717491,1.0,0.9988966087043915,0.0005520002399689111,1
1321,0.620218773460282,0.951229424500714,0.9989142237837063,0.0005431830491574207,0
1322,0.6288719240926046,0.9048374180359595,0.9989190667228348,0.000540758953437558,0
1323,0.6117479040505487,1.0,0.9989084138694609,0.0005460911722990322,1
1324,0.6202181527621977,0.951229424500714,0.998917842318046,0.0005413718186735827,0
1325,0.6288716195046283,0.9048374180359595,0.9989208081012021,0.0005398873228383075,0
1326,0.6376810228723537,0.8607079764250578,0.9989206967014576,0.0005399430828894772,0
1327,0.611750992602335,1.0,0.9988899884136293,0.0005553140527513662,1
1328,0.6117407514019745,1.0,0.9989510865713468,0.0005247319616623994,1
1329,0.6117525196957235,1.0,0.9988808783799791,0.0005598741521109675,1
1330,0.6202139701557614,0.951229424500714,0.9989422264876876,0.000529166674768135,0
1331,0.6117518879272534,1.0,0.9988846472450723,0.0005579876118514403,1
1332,0.6202122205281351,0.951229424500714,0.9989524268902749,0.0005240610989710613,0
1333,0.6117432357168259,1.0,0.998936264839174,0.0005321506643047495,1
1334,0.6202201753123588,0.951229424500714,0.9989060513608533,0.0005472737188511449,0
1335,0.6117446136355824,1.0,0.9989280441461293,0.0005362654047341774,1
1336,0.6117469335107262,1.0,0.9989142039499427,0.0005431929768185396,1
1337,0.6117452384742944,1.0,0.9989243163782917,0.0005381312922799027,1
1338,0.6117434207389549,1.0,0.9989351609872662,0.000532703178292163,1
1339,0.6202184695520206,0.951229424500714,0.9989159955001958,0.000542296228809841,0
1340,0.6288729739818694,0.9048374180359595,0.9989130643688725,0.0005437633870278311,0
1341,0.6376811212739565,0.8607079764250578,0.9989201431208778,0.0005402201723195841,0
1342,0.646624633876815,0.8187307530779818,0.9988894670957806,0.000555575001399746,0
1343,0.6117460943125912,1.0,0.9989192105081229,0.0005406869830034641,1
1344,0.6202179495744538,0.951229424500714,0.9989190268622984,0.0005407789052728032,0
1345,0.6117460238795802,1.0,0.9989196307049609,0.0005404766573108516,1
1346,0.6117452845616164,1.0,0.9989240414236236,0.0005382689176742413,1
1347,0.6202177494821389,0.951229424500714,0.9989201933627698,0.0005401950242178732,0
1348,0.6117465781344742,1.0,0.9989163240786172,0.0005421317613427009,1
1349,0.6202195170724389,0.951229424500714,0.9989098887117519,0.0005453529458602228,0
1350,0.6288719073587654,0.9048374180359595,0.9989191623927731,0.0005407110667083701,0
1351,0.6376828372233263,0.8607079764250578,0.9989104897213187,0.0005450521132261683,0
1352,0.646620719477617,0.8187307530779818,0.9989112056975921,0.000544693734760734,0
1353,0.6117437517007817,1.0,0.998933186455883,0.0005336914973601615,1
1354,0.6202155862798598,0.951229424500714,0.9989328045481778,0.0005338826551790746,0
1355,0.6288754520122717,0.9048374180359595,0.998898897339534,0.0005508546596852676,0
1356,0.6117450569305275,1.0,0.9989253994604697,0.0005375891683306634,1
1357,0.6202169780439948,0.951229424500714,0.9989246907198807,0.0005379439199671525,0
1358,0.6288689129530038,0.9048374180359595,0.998936282072203,0.0005321420386148703,0
1359,0.6376806709736533,0.8607079764250578,0.9989226763908104,0.0005389521696980115,0
1360,0.6466236122940285,0.8187307530779818,0.9988951403961299,0.0005527352055939165,0
1361,0.6556644111255802,0.7788007830714049,0.9988909825194593,0.0005548164477364039,0
1362,0.6647784918358441,0.7408182206817179,0.9989009171934783,0.0005498436204762125,0
1363,0.611746619589845,1.0,0.9989160767608992,0.0005422555543684912,1
1364,0.6202160595767707,0.951229424500714,0.9989300452699048,0.0005352637701405834,0
1365,0.6117511980964867,1.0,0.998888762509752,0.0005559276862064003,1
1366,0.6202151032665181,0.951229424500714,0.9989356204835662,0.0005324731852894667,0
1367,0.6288765744009986,0.9048374180359595,0.9988924806741465,0.0005540665392929483,0
1368,0.6376772774198801,0.8607079764250578,0.9989417678897191,0.0005293962166082581,0
1369,0.6466227796590379,0.8187307530779818,0.9988997644151668,0.0005504206441613413,0
1370,0.6117396629300755,1.0,0.9989575806342361,0.0005214815313519559,1
1371,0.6202169404316129,0.951229424500714,0.998924909994599,0.000537834164599047,0
1372,0.6288700117092151,0.9048374180359595,0.9989300001939432,0.0005352863322623555,0
1373,0.6376796551106959,0.8607079764250578,0.9989283913964863,0.0005360915932676901,0
1374,0.6466248529304208,0.8187307530779818,0.9988882505995191,0.0005561839261318724,0
1375,0.6556569369733706,0.7788007830714049,0.9989320847501744,0.0005342429388034973,0
1376,0.6647783768843342,0.7408182206817179,0.9989015449791416,0.0005495293823694949,0
1377,0.6739412967829547,0.7046880897187134,0.9989197077375768,0.0005404380993475392,0
1378,0.6117484800647736,1.0,0.9989049774873942,0.0005478112438941584,1
1379,0.6117444399086823,1.0,0.9989290805989804,0.0005357466224657786,1
1380,0.6202189668142727,0.951229424500714,0.998913096575964,0.0005437472659597635,0
1381,0.6288710302336908,0.9048374180359595,0.9989241770694534,0.000538201021710702,0
1382,0.6117485437219012,1.0,0.9989045977231856,0.0005480013341876538,1
1383,0.6117460030985115,1.0,0.9989197546829478,0.0005404146012777963,1
1384,0.6117458804497155,1.0,0.9989204863951041,0.0005400483496921134,1
1385,0.6202150227172096,0.951229424500714,0.9989360900817332,0.0005322381360795857,0
1386,0.6117436840057292,1.0,0.9989335903267746,0.0005334893462977224,1
1387,0.6202170465120186,0.951229424500714,0.9989242915614303,0.000538143714072696,0
1388,0.6117457326509309,1.0,0.9989213681509934,0.0005396069954941915,1
1389,0.6202179047637888,0.951229424500714,0.9989192880998581,0.0005406481451618284,0
1390,0.6288724891399231,0.9048374180359595,0.9989158362674858,0.0005423759315693382,0
1391,0.6376798917249829,0.8607079764250578,0.998927060256484,0.0005367578777083832,0
1392,0.6466162672201126,0.8187307530779818,0.9989359319990399,0.0005323172616150027,0
1393,0.6117447601216488,1.0,0.9989271702130558,0.0005367028403738352,1
1394,0.6117478750497625,1.0,0.9989085868826394,0.0005460045711847251,1
1395,0.6202178665481463,0.951229424500714,0.9989195108897823,0.0005405366296960813,0
1396,0.6117425271192105,1.0,0.9989404923873112,0.0005300346438235329,1
1397,0.6117443373687027,1.0,0.9989296923521719,0.0005354404180434766,1
1398,0.6117466362852512,1.0,0.998915977158155,0.00054230540978251,1
1399,0.6117430064568359,1.0,0.9989376326190587,0.0005314660465786631,1
1400,0.6202165051039518,0.951229424500714,0.9989274478965763,0.0005365638495193395,0
1401,0.6288687963331464,0.9048374180359595,0.9989369488217459,0.0005318083089604786,0
1402,0.6117428862276674,1.0,0.9989383499151532,0.0005311070172391486,1
1403,0.6202185884126248,0.951229424500714,0.9989153025691988,0.0005426430704063337,0
1404,0.6288736862729185,0.9048374180359595,0.9989089921358151,0.0005458017232471025,0
1405,0.6117408688167376,1.0,0.9989503860528102,0.0005250825888310365,1
1406,0.6117474965099893,1.0,0.9989108451830864,0.0005448741885231423,1
1407,0.6202195834652089,0.951229424500714,0.9989095016598959,0.0005455466830207408,0
1408,0.6288731918961268,0.9048374180359595,0.9989118185307484,0.0005443869842884152,0
1409,0.611750575399449,1.0,0.998892477302274,0.0005540682270984979,1
1410,0.6202140995698128,0.951229424500714,0.9989414720042268,0.0005295443160999612,0
1411,0.6117461414999432,1.0,0.9989189289928876,0.0005408278929349284,1
1412,0.611746638202031,1.0,0.9989159657228829,0.0005423111336234109,1
1413,0.6117470897186792,1.0,0.9989132720356676,0.0005436594406580274,1
1414,0.6117459872356762,1.0,0.998919849319212,0.0005403672319775304,1
1415,0.6202233049506145,0.951229424500714,0.9988878067503143,0.000556406097782764,0
1416,0.6117485412746017,1.0,0.9989046123232247,0.0005479940261629298,1
1417,0.6117444649159841,1.0,0.9989289314055825,0.0005358212991430475,1
1418,0.6202190826703398,0.951229424500714,0.998912421163538,0.0005440853397405267,0
1419,0.6288741745739763,0.9048374180359595,0.9989062004870226,0.0005471990741145571,0
1420,0.6376780185836601,0.8607079764250578,0.9989375982007312,0.0005314832740446041,0
1421,0.6466188776417106,0.8187307530779818,0.9989214345274336,0.0005395737714386434,0
1422,0.6117462989584255,1.0,0.998917989611481,0.0005412980921778165,1
1423,0.6202210609181391,0.951229424500714,0.9989008885650189,0.000549857950455936,0
1424,0.6288728416835447,0.9048374180359595,0.9989138207329701,0.0005433847936155412,0
1425,0.6376826855442991,0.8607079764250578,0.9989113430156887,0.0005446250008800914,0
1426,0.646622636947644,0.8187307530779818,0.9989005569622067,0.0005500239343243231,0
1427,0.6556570123827022,0.7788007830714049,0.9989316700455602,0.0005344505128250841,0
1428,0.6117510421785277,1.0,0.9988896926597665,0.0005554620940322497,1
1429,0.6117423174593539,1.0,0.9989417432393586,0.0005294085548454034,1
1430,0.6117510307094122,1.0,0.9988897610804027,0.0005554278456891117,1
1431,0.6202172909090473,0.951229424500714,0.9989228667647606,0.0005388568800742583,0
1432,0.628875979796255,0.9048374180359595,0.998895880006101,0.0005523649917109387,0
1433,0.637680613106544,0.8607079764250578,0.9989230019364026,0.0005387892213803818,0
1434,0.6466181592176922,0.8187307530779818,0.9989254244057791,0.0005375766822585282,0
1435,0.6556567762674291,0.7788007830714049,0.9989329685339794,0.0005338005746890778,0
1436,0.6117454836102745,1.0,0.9989228539105418,0.0005388633141140402,1
1437,0.6117487079427287,1.0,0.9989036180194012,0.000548491723493628,1
1438,0.620217081306129,0.951229424500714,0.9989240887170007,0.0005382452455159877,0
1439,0.6117512344904036,1.0,0.9988885453970255,0.0005560363633475619,1
1440,0.6202196291751326,0.951229424500714,0.9989092351835525,0.0005456800666648884,0
1441,0.6288762903234038,0.9048374180359595,0.998894104732637,0.0005532536103733641,0
1442,0.6376838613466576,0.8607079764250578,0.9989047283780564,0.0005479359351182475,0
1443,0.6466233360537048,0.8187307530779818,0.9988966744874267,0.0005519673121200965,0
1444,0.6556589138904639,0.7788007830714049,0.998921212997098,0.0005396846562152048,0
1445,0.664774327478697,0.7408182206817179,0.9989236603122085,0.0005384596786690739,0
1446,0.6117462085517947,1.0,0.9989185289681498,0.0005410281218054672,1
1447,0.6202219870126949,0.951229424500714,0.9988954897733721,0.0005525603237835832,0
1448,0.6117473735172697,1.0,0.9989115789372559,0.0005445069115516573,1
1449,0.6117465629973506,1.0,0.998916414384885,0.0005420865592263813,1
1450,0.620223244972194,0.951229424500714,0.9988881563974177,0.0005562310796076637,0
1451,0.6117430355453181,1.0,0.9989374590751431,0.0005315529108257569,1
1452,0.6117462531211877,1.0,0.9989182630716773,0.0005411612139947976,1
1453,0.6117456962429488,1.0,0.9989215853583218,0.0005394982745719584,1
1454,0.6117504400325046,1.0,0.9988932848568125,0.0005536640023043195,1
1455,0.6117480987092446,1.0,0.9989072525738467,0.0005466724549637582,1
1456,0.6117423067823322,1.0,0.9989418069396205,0.0005293766709741156,1
1457,0.6117467247890594,1.0,0.9989154491555465,0.0005425696976506255,1
1458,0.611742750010422,1.0,0.9989391625982273,0.0005307002440165288,1
1459,0.6117497840918954,1.0,0.9988971979959707,0.0005517052687975952,1
1460,0.6117436220257713,1.0,0.9989339601014406,0.0005333042616228622,1
1461,0.611742511461397,1.0,0.9989405858033394,0.0005299878862716329,1
1462,0.6117433459267232,1.0,0.9989356073208173,0.0005324797736765333,1
1463,0.6117440936566385,1.0,0.9989311463398237,0.0005347126458064611,1
1464,0.6117433095996279,1.0,0.9989358240502103,0.0005323712935263073,1
1465,0.6117506962799509,1.0,0.9988917561699009,0.0005544291931933549,1
1466,0.611747435586761,1.0,0.9989112086408626,0.0005446922615214098,1
1467,0.6117456418309012,1.0,0.9989219099767047,0.0005393357901812951,1
1468,0.6117466595748151,1.0,0.9989158382155,0.0005423749565051107,1
1469,0.6117468883692759,1.0,0.9989144732576126,0.0005430581766362346,1
1470,0.6117442962093115,1.0,0.9989299379091272,0.0005353175080293844,1
1471,0.6117455641961222,1.0,0.9989223731405152,0.0005391039583941966,1
1472,0.6117478309691058,1.0,0.9989088498595432,0.0005458729390851524,1
1473,0.6202172576079708,0.951229424500714,0.9989230609046879,0.0005387597054500317,0
1474,0.6117497596183438,1.0,0.9988973439980681,0.0005516321871596774,1
1475,0.6202160218659053,0.951229424500714,0.9989302651204482,0.0005351537271399262,0
1476,0.6117454131035792,1.0,0.998923274549272,0.0005386527680042853,1
1477,0.6202197971599904,0.951229424500714,0.998908255878684,0.000546170254018266,0
1478,0.6288723234857143,0.9048374180359595,0.9989167833345335,0.0005419018843251509,0
1479,0.6376801726702299,0.8607079764250578,0.9989254797232083,0.0005375489937913166,0
1480,0.6117456074508391,1.0,0.9989221150857771,0.0005392331249732862,1
1481,0.6117463624741216,1.0,0.9989176106836261,0.0005414877613652878,1
1482,0.6202210818590024,0.951229424500714,0.998900766487006,0.000549919056628631,0
1483,0.6117452038285092,1.0,0.998924523073396,0.0005380278334494745,1
1484,0.6117514334325711,1.0,0.9988873585824525,0.000556630431266157,1
1485,0.6202159280664516,0.951229424500714,0.9989308119621054,0.0005348800135852727,0
1486,0.6288726158165179,0.9048374180359595,0.9989151120414409,0.0005427384377390905,0
1487,0.6117499986544396,1.0,0.9988959179795486,0.0005523459840007175,1
1488,0.620215967286351,0.951229424500714,0.99893058331387,0.0005349944600808779,0
1489,0.6117478099185069,1.0,0.9989089754434927,0.000545810078524062,1
1490,0.6202197391670481,0.951229424500714,0.9989085939612083,0.0005460010280332175,0
1491,0.6117481204169753,1.0,0.9989071230699065,0.0005467372777730583,1
1492,0.6202148177535649,0.951229424500714,0.9989372850102555,0.0005316400358510744,0
1493,0.6288727864603085,0.9048374180359595,0.9989141364505247,0.0005432267632137856,0
1494,0.6376803383108708,0.8607079764250578,0.9989245478686112,0.0005380154224943054,0
1495,0.6466221093017859,0.8187307530779818,0.9989034872476408,0.0005485571811447066,0
1496,0.6117496064368902,1.0,0.9988982578348344,0.0005511747646057691,1
1497,0.6117435560607176,1.0,0.998934353651557,0.0005331072766095109,1
1498,0.6202197615627193,0.951229424500714,0.9989084634007321,0.000546066379600682,0
1499,0.6117522438715456,1.0,0.998882523828446,0.0005590505067958744,1
1500,0.6202147904177178,0.951229424500714,0.9989374443771277,0.0005315602676504364,0
1501,0.6288732987387029,0.9048374180359595,0.9989112077015688,0.0005446927316801888,0
1502,0.6117477339477562,1.0,0.9989094286710269,0.0005455832172971577,1
1503,0.6117487167809335,1.0,0.9989035652927398,0.000548518115761025,1
1504,0.6202215791562308,0.951229424500714,0.9988978674218659,0.0005513701864326022,0
1505,0.6288741791888304,0.9048374180359595,0.9989061741036536,0.0005472122802441241,0
1506,0.6376815283766777,0.8607079764250578,0.9989178528762013,0.0005413665338770102,0
1507,0.6466169466723469,0.8187307530779818,0.9989321585072984,0.000534206020817528,0
1508,0.6117444044498044,1.0,0.9989292921464694,0.0005356407353359054,1
1509,0.6202192273307076,0.951229424500714,0.9989115778300253,0.0005445074657701662,0
1510,0.6288713042093792,0.9048374180359595,0.9989226106991028,0.0005389850509767038,0
1511,0.6376791300448236,0.8607079764250578,0.9989313453099165,0.0005346130543212837,0
1512,0.6466221918048557,0.8187307530779818,0.9989030290654963,0.0005487865237465799,0
1513,0.611742542844548,1.0,0.9989403985684421,0.0005300816030139341,1
1514,0.6202197638729281,0.951229424500714,0.9989084499328649,0.0005460731208927458,0
1515,0.6288747124701966,0.9048374180359595,0.9989031253117162,0.000548738347791334,0
1516,0.6376804291521349,0.8607079764250578,0.9989240368178798,0.0005382712230265975,0
1517,0.611746798817826,1.0,0.9989150075095401,0.0005427907604565326,1
1518,0.6117486685739685,1.0,0.9989038528842624,0.0005483741621847623,1
1519,0.6202191238170139,0.951229424500714,0.998912181288687,0.0005442054077638566,0
1520,0.6288707849086457,0.9048374180359595,0.9989255796415336,0.00053749898089131,0
1521,0.63768469237377,0.8607079764250578,0.9989000533549872,0.0005502760151460516,0
1522,0.6466208292775177,0.8187307530779818,0.9989105959163288,0.0005449989578105271,0
1523,0.6556578521442298,0.7788007830714049,0.9989270518908954,0.000536762064995436,0
1524,0.6117459062199891,1.0,0.9989203326518032,0.0005401253044221138,1
1525,0.6202164406834519,0.951229424500714,0.9989278234602459,0.0005363758660978091,0
1526,0.6288684951086849,0.9048374180359595,0.9989386710121352,0.0005309462981465062,0
1527,0.6376794732709621,0.8607079764250578,0.99892941438844,0.0005355795488415437,0
1528,0.6466200902773578,0.8187307530779818,0.9989147000131015,0.0005429446756963917,0
1529,0.6556548414316127,0.7788007830714049,0.9989436090121977,0.0005284746810187693,0
1530,0.6647753775645656,0.7408182206817179,0.9989179253446178,0.0005413302604168433,0
1531,0.611749580776504,1.0,0.9988984109174868,0.0005510981388636621,1
1532,0.6202158563410767,0.951229424500714,0.998931230114327,0.0005346707137373217,0
1533,0.6117473025235095,1.0,0.9989120024746242,0.0005442949121677819,1
1534,0.6117436406487915,1.0,0.9989338489958086,0.0005333598737266848,1
1535,0.620217195049273,0.951229424500714,0.9989234256119925,0.0005385771552355167,0
1536,0.6288681072903802,0.9048374180359595,0.998940888291367,0.0005298364818808411,0
1537,0.6117434900155784,1.0,0.9989347476796994,0.0005329100524059409,1
1538,0.6117517854867975,1.0,0.9988852583637735,0.000557681711407395,1
1539,0.6202187681609294,0.951229424500714,0.998914254677696,0.0005431675853726337,0
1540,0.628868715665207,0.9048374180359595,0.9989374100241011,0.0005315774624344705,0
1541,0.6117526962570257,1.0,0.9988798250932874,0.0005604013857730872,1
1542,0.6117464632606902,1.0,0.9989170094021718,0.0005417887279459182,1
1543,0.6117489441091529,1.0,0.9989022091072148,0.0005491969532848515,1
1544,0.6202256629904185,0.951229424500714,0.998874060581435,0.0005632868822767718,0
1545,0.6288665986547952,0.9048374180359595,0.998949513698998,0.0005255192242261949,0
1546,0.6117483824631832,1.0,0.9989055597571058,0.000547519789974557,1
1547,0.6202245957540031,0.951229424500714,0.9988802819917859,0.0005601726803860473,0
1548,0.6117451450878488,1.0,0.9989248735175241,0.0005378524227659766,1
1549,0.6202175015901862,0.951229424500714,0.9989216385288108,0.0005394716606272892,0
1550,0.6117478916378151,1.0,0.9989084879214648,0.0005460541058372606,1
1551,0.6117434444942396,1.0,0.9989350192621008,0.0005327741164175575,1
1552,0.6117446945230397,1.0,0.9989275615729629,0.0005365069503018956,1
1553,0.6117447150553365,1.0,0.9989274390776923,0.0005365682636957522,1
1554,0.6117439571988678,1.0,0.9989319604490954,0.0005343051557893191,1
1555,0.6117445271109248,1.0,0.9989285603511218,0.0005360070253333592,1
1556,0.611744562672147,1.0,0.998928348193279,0.0005361132180450793,1
1557,0.6117467715511472,1.0,0.99891517017897,0.0005427093374047522,1
1558,0.6117512619830806,1.0,0.9988883813858701,0.0005561184601788867,1
1559,0.6117461430352464,1.0,0.9989189198334174,0.0005408324776264045,1
1560,0.611747533256511,1.0,0.9989106259595885,0.0005449839197984891,1
1561,0.6117464682123803,1.0,0.9989169798609523,0.0005418035145696208,1
1562,0.6202122274618778,0.951229424500714,0.9989523864659704,0.0005240813323196323,0
1563,0.6288696520553034,0.9048374180359595,0.9989320564240575,0.0005342571170032398,0
1564,0.6117418148644073,1.0,0.998944741781531,0.0005279076977171877,1
1565,0.6117479037357084,1.0,0.9989084157477385,0.0005460902321340171,1
1566,0.6117442041439618,1.0,0.9989304871713905,0.0005350425827861596,1
1567,0.6117476777745066,1.0,0.9989097637905068,0.000545415474649994,1
1568,0.6202172125727978,0.951229424500714,0.9989233234525974,0.0005386282899860889,0
1569,0.628872884750661,0.9048374180359595,0.9989135745134361,0.0005435080372624033,0
1570,0.6376769288462489,0.8607079764250578,0.9989437289264332,0.0005284146604994417,0
1571,0.6466180318919583,0.8187307530779818,0.9989261315308762,0.0005372227394969049,0
1572,0.6556626361355983,0.7788007830714049,0.9989007434542327,0.0005499305856885206,0
1573,0.6117435621401233,1.0,0.9989343173815728,0.0005331254309480512,1
1574,0.6117442905328763,1.0,0.9989299717747505,0.0005353005570794584,1
1575,0.6202146001184318,0.951229424500714,0.9989385538151967,0.0005310049588775172,0
1576,0.6117514979166692,1.0,0.998886973894892,0.0005568229893315084,1
1577,0.6202165804010829,0.951229424500714,0.998927008923727,0.0005367835716556638,0
1578,0.6288711591205888,0.9048374180359595,0.998923440198491,0.0005385698541261755,0
1579,0.6117444885355435,1.0,0.9989287904914776,0.0005358918317456959,1
1580,0.6117469877176966,1.0,0.9989138805587731,0.0005433548481888657,1
1581,0.6202189503558011,0.951229424500714,0.998913192524865,0.0005436992393112374,0
1582,0.6288678677085324,0.9048374180359595,0.998942258059483,0.0005291508721550472,0
1583,0.6376848672927997,0.8607079764250578,0.9988990693347319,0.0005507685672971041,0
1584,0.6117423431693778,1.0,0.9989415898506132,0.0005294853304722822,1
1585,0.6117427823204618,1.0,0.9989389698338338,0.0005307967285770268,1
1586,0.6202145729136278,0.951229424500714,0.9989387124183796,0.0005309255730285526,0
1587,0.6288687261363207,0.9048374180359595,0.9989373501576453,0.0005316074275038205,0
1588,0.637680014078564,0.8607079764250578,0.9989263719230104,0.0005371024142307309,0
1589,0.6466152996789681,0.8187307530779818,0.9989413054879169,0.0005296276624863247,0
1590,0.6556570554840381,0.7788007830714049,0.9989314330150009,0.0005345691548676384,0
1591,0.611749414064574,1.0,0.9988994054748607,0.0005506003120236323,1
1592,0.6202190371207512,0.951229424500714,0.9989126867063784,0.0005439524237813296,0
1593,0.6117467196478346,1.0,0.9989154798274371,0.0005425543450548967,1
1594,0.6117445953462757,1.0,0.9989281532598638,0.0005362107893245944,1
1595,0.6117449427685797,1.0,0.998926080546561,0.0005372482590597863,1
1596,0.611741355643066,1.0,0.9989474815633245,0.0005265363615853152,1
1597,0.6202186861597564,0.951229424500714,0.9989147327255845,0.0005429283016844012,0
1598,0.628870153335248,0.9048374180359595,0.9989291904845585,0.0005356916207773917,0
1599,0.6376779870001346,0.8607079764250578,0.9989377758849942,0.0005313943374345984,0
1600,0.6466184309393576,0.8187307530779818,0.998923915355396,0.0005383320196871687,0
1601,0.655661222162967,0.7788007830714049,0.9989085191803724,0.0005460384593053332,0
1602,0.6647759060396597,0.7408182206817179,0.9989150391301567,0.0005427749329757729,0
1603,0.6739442240862832,0.7046880897187134,0.9989037866336145,0.0005484073238598727,0
1604,0.6117457191470044,1.0,0.9989214487144116,0.0005395666702906375,1
1605,0.6117498394568753,1.0,0.9988968677047059,0.0005518705967813505,1
1606,0.6202173015216437,0.951229424500714,0.9989228048950402,0.0005388878482923306,0
1607,0.6117496235962333,1.0,0.9988981554670363,0.0005512260049611274,1
1608,0.620212234227555,0.951229424500714,0.9989523470215044,0.0005241010752359311,0
1609,0.6288707794403261,0.9048374180359595,0.9989256109050346,0.0005374833323279325,0
1610,0.6117485402173182,1.0,0.9989046186307403,0.0005479908689467677,1
1611,0.6202183788479843,0.951229424500714,0.9989165242850991,0.0005420315495146247,0
1612,0.6288724393757261,0.9048374180359595,0.9989161207758621,0.0005422335230072272,0
1613,0.6376808976320776,0.8607079764250578,0.9989214012696668,0.0005395904182770449,0
1614,0.6466208067984063,0.8187307530779818,0.9989107207555756,0.0005449364701167121,0
1615,0.6556604423085122,0.7788007830714049,0.9989128077905375,0.0005438918158056404,0
1616,0.6647771352491649,0.7408182206817179,0.9989083259598153,0.0005461351751567173,0
1617,0.6117481547097683,1.0,0.9989069184860766,0.0005468396816132203,1
1618,0.6117469486205732,1.0,0.9989141138067024,0.0005432380974325365,1
1619,0.6117466507411862,1.0,0.9989158909158331,0.0005423485777403903,1
1620,0.6117445194475746,1.0,0.9989286060705888,0.000535984141081284,1
1621,0.6117533986545991,1.0,0.9988756349162888,0.0005624988281690134,1
1622,0.6117467529063225,1.0,0.9989152814115723,0.0005426536607070334,1
1623,0.6117468817830558,1.0,0.9989145125501032,0.0005430385090416478,1
1624,0.6117447529222809,1.0,0.9989272131643206,0.0005366813416773962,1
1625,0.6117442509061353,1.0,0.9989302081880104,0.0005351822238436292,1
1626,0.6117476780287211,1.0,0.9989097622739083,0.0005454162337769122,1
1627,0.6117447438988421,1.0,0.9989272669979539,0.0005366543959544898,1
1628,0.6117460486392707,1.0,0.9989194829909038,0.0005405505942240348,1
1629,0.6117508282018669,1.0,0.998890969169059,0.0005548231303477563,1
1630,0.6117446737679963,1.0,0.9989276853971576,0.0005364449717401974,1
1631,0.6117450343574017,1.0,0.9989255341308745,0.0005375217606965036,1
1632,0.6117434566226383,1.0,0.9989349469035056,0.0005328103342878173,1
1633,0.6117428023565776,1.0,0.9989388502967231,0.0005308565606195323,1
1634,0.6117434245037741,1.0,0.9989351385261727,0.0005327144208105369,1
1635,0.6117453243838951,1.0,0.9989238038459824,0.0005383878344584599,1
1636,0.611743094845065,1.0,0.9989371052888515,0.0005317299921590539,1
1637,0.611744769345614,1.0,0.9989271151830943,0.0005367303849059069,1
1638,0.6202181346664435,0.951229424500714,0.9989179478126236,0.0005413190142449032,0
1639,0.6288741190484208,0.9048374180359595,0.9989065179296892,0.0005470401790071151,0
1640,0.6376806921015569,0.8607079764250578,0.9989225575306501,0.0005390116638762599,0
1641,0.6466205442917442,0.8187307530779818,0.9989121786052727,0.0005442067509321046,0
1642,0.6556590500066986,0.7788007830714049,0.9989204644517725,0.0005400593332148672,0
1643,0.6647737794201398,0.7408182206817179,0.9989266535086694,0.0005369614700995024,0
1644,0.6739462461066877,0.7046880897187134,0.9988927893656641,0.000553912022427636,0
1645,0.6831335999585841,0.6703200460356393,0.9989180178060537,0.000541283979621741,0
1646,0.6923294377692201,0.6376281516217733,0.9989086090277342,0.0005459934865395433,0
1647,0.7014969076036501,0.6065306597126334,0.9989427019391026,0.0005289286973910091,0
1648,0.710637070613499,0.5769498103804866,0.9988985464053907,0.0005510303202079965,0
1649,0.7197005017497384,0.5488116360940264,0.9989375603040244,0.0005315022425505433,0
1650,0.7286989968711095,0.522045776761016,0.9988924578962108,0.0005540779408884276,0
1651,0.737582983654014,0.49658530379140947,0.9989436865932805,0.0005284358494575324,0
1652,0.7463700225714082,0.4723665527410147,0.9989043913731823,0.0005481046223420509,0
1653,0.611745229715613,1.0,0.9989243686321622,0.0005381051372107781,1
1654,0.6202186950808524,0.951229424500714,0.9989146807176411,0.0005429543339087079,0
1655,0.6117459523066437,1.0,0.9989200577027595,0.0005402629275500966,1
1656,0.6202219653983719,0.951229424500714,0.9988956157764749,0.0005524972525733178,0
1657,0.6288727195048939,0.9048374180359595,0.9989145192424672,0.0005430351592234266,0
1658,0.6117432632905918,1.0,0.9989361003324967,0.000532233005239113,1
1659,0.6202174561950478,0.951229424500714,0.9989219031747251,0.0005393391948416446,0
1660,0.6288752164313175,0.9048374180359595,0.9989002441564453,0.0005501805093748598,0
1661,0.6376824666742743,0.8607079764250578,0.9989125743053051,0.0005440086854952879,0
1662,0.6466238838853363,0.8187307530779818,0.9988936321258047,0.0005534901754615913,0
1663,0.6117479945588691,1.0,0.9989078739143156,0.0005463614449705866,1
1664,0.6202185047293458,0.951229424500714,0.9989157904241097,0.0005423988781357176,0
1665,0.6288686414640623,0.9048374180359595,0.9989378342541422,0.0005313651218279539,0
1666,0.6376789969935712,0.8607079764250578,0.9989320938308953,0.0005342383935890969,0
1667,0.6117408426324695,1.0,0.998950542273009,0.000525004396666186,1
1668,0.6202160643037068,0.951229424500714,0.9989300177123492,0.0005352775636770031,0
1669,0.628872710971823,0.9048374180359595,0.9989145680270465,0.000543010740428296,0
1670,0.6117436895053584,1.0,0.9989335575157984,0.000533505769299765,1
1671,0.6202207835462745,0.951229424500714,0.9989025055493663,0.0005490485693365804,0
1672,0.6288718743839581,0.9048374180359595,0.9989193509148676,0.0005406167036788625,0
1673,0.6376831591554443,0.8607079764250578,0.9989086786443595,0.0005459586401970869,0
1674,0.646618704721833,0.8187307530779818,0.9989223948627982,0.000539093085535953,0
1675,0.6556612584480157,0.7788007830714049,0.9989083196405476,0.0005461383382436144,0
1676,0.6647746593476219,0.7408182206817179,0.9989218478302645,0.0005393668969382677,0
1677,0.6117442890690354,1.0,0.9989299805080278,0.000535296185763386,1
1678,0.6202238210333061,0.951229424500714,0.9988847982285043,0.0005579120358472546,0
1679,0.6288720251835471,0.9048374180359595,0.9989184887705937,0.0005410482423437242,0
1680,0.6376864487253581,0.8607079764250578,0.9988901729227866,0.0005552216956638281,0
1681,0.6466185922640226,0.8187307530779818,0.9989230194140006,0.0005387804731596267,0
1682,0.6556619021761249,0.7788007830714049,0.998904779639425,0.0005479102763312368,0
1683,0.6647781138736508,0.7408182206817179,0.9989029813632818,0.00054881040104713,0
1684,0.6739369451000017,0.7046880897187134,0.998943376294818,0.0005285911627724313,0
1685,0.6117455783798595,1.0,0.998922288521279,0.0005391463136573099,1
1686,0.6202144595312218,0.951229424500714,0.9989393734347584,0.0005305947138117526,0
1687,0.6117459542612727,1.0,0.998920046041613,0.000540268764426909,1
1688,0.620218162941354,0.951229424500714,0.9989177829756363,0.0005414015220230532,0
1689,0.6117497281340408,1.0,0.9988975318243177,0.0005515381703754918,1
1690,0.6202211489066468,0.951229424500714,0.9989003756224978,0.0005501147039830708,0
1691,0.6288727634151507,0.9048374180359595,0.9989142682023665,0.0005431608156872324,0
1692,0.6376809472244307,0.8607079764250578,0.9989211222763102,0.0005397300655982331,0
1693,0.6466217731619835,0.8187307530779818,0.9989053540081826,0.0005476227771600638,0
1694,0.6556606217817492,0.7788007830714049,0.9989118208214582,0.0005443858376857616,0
1695,0.6647764120211612,0.7408182206817179,0.9989122757709007,0.0005441581152135019,0
1696,0.6117469839710412,1.0,0.9989139029107875,0.0005433436600300702,1
1697,0.6117499054757696,1.0,0.9988964738555217,0.0005520677388860403,1
1698,0.6117447433175043,1.0,0.9989272704662032,0.0005366526599675655,1
1699,0.6202203462376383,0.951229424500714,0.998905054918685,0.000547772485809229,0
1700,0.62887057665894,0.9048374180359595,0.9989267702486188,0.000536903037409718,0
1701,0.6117465549737295,1.0,0.9989164622528534,0.0005420625992801151,1
1702,0.6117454828610689,1.0,0.9989228583802563,0.0005388610768469141,1
1703,0.6117521094254642,1.0,0.9988833258774407,0.000558649033823082,1
1704,0.6202176650325887,0.951229424500714,0.9989206856883087,0.000539948595413631,0
1705,0.6288737867922406,0.9048374180359595,0.998908417459472,0.0005460893753319522,0
1706,0.6117416484583504,1.0,0.998945734583142,0.000527410772774222,1
1707,0.6117432667786353,1.0,0.9989360795226315,0.0005322434212534193,1
1708,0.6117450130970465,1.0,0.998925660969365,0.0005374582732401644,1
1709,0.6117428290312424,1.0,0.9989386911535176,0.0005309362167556826,1
1710,0.6202163930193086,0.951229424500714,0.9989281013365264,0.0005362367788507864,0
1711,0.6117441063699081,1.0,0.9989310704923018,0.0005347506101472098,1
1712,0.6117528687463498,1.0,0.9988787960998233,0.0005609164597430832,1
1713,0.6202166790364164,0.951229424500714,0.9989264338924932,0.0005370713961884276,0
1714,0.6117488568330229,1.0,0.9989027297753054,0.0005489363332011215,1
1715,0.6202155251521241,0.951229424500714,0.9989331609181523,0.0005337042798622331,0
1716,0.6288677197285033,0.9048374180359595,0.9989431041111867,0.0005287273985565727,0
1717,0.6376764800505276,0.8607079764250578,0.9989462538088577,0.0005271508859941923,0
1718,0.6117495802361111,1.0,0.9988984141413191,0.0005510965251698696,1
1719,0.620215661429005,0.951229424500714,0.9989323664347187,0.0005341019459827558,0
1720,0.628870698402248,0.9048374180359595,0.9989260742164531,0.0005372514275163907,0
1721,0.6376830235718832,0.8607079764250578,0.9989094413893097,0.0005455768512131168,0
1722,0.6466145298657682,0.8187307530779818,0.9989455808690726,0.0005274877109280578,0
1723,0.6556601270242558,0.7788007830714049,0.9989145416217867,0.0005430239574044772,0
1724,0.6117454582999763,1.0,0.9989230049102376,0.0005387877328597987,1
1725,0.6202201977202095,0.951229424500714,0.9989059207298475,0.0005473391058883715,0
1726,0.6288696429361171,0.9048374180359595,0.9989321085607693,0.0005342310207787073,0
1727,0.6117507546702015,1.0,0.9988914078336059,0.0005546035546062043,1
1728,0.6202161813758517,0.951229424500714,0.9989293351940134,0.0005356191884940337,0
1729,0.6288734012412294,0.9048374180359595,0.9989106216853435,0.0005449860592516137,0
1730,0.6376811183741545,0.8607079764250578,0.9989201594343671,0.0005402120067573835,0
1731,0.6466236420313783,0.8187307530779818,0.9988949752509361,0.0005528178695297603,0
1732,0.6556652769383109,0.7788007830714049,0.9988862213264436,0.0005571996929784298,0
1733,0.6117503088286199,1.0,0.9988940675768425,0.0005532722088388884,1
1734,0.6202162888485231,0.951229424500714,0.9989287086401871,0.0005359328012795952,0
1735,0.6117449717566247,1.0,0.9989259076048569,0.0005373348228819087,1
1736,0.6202201895993307,0.951229424500714,0.9989059680721168,0.0005473154088278165,0
1737,0.6288829656011661,0.9048374180359595,0.9988559434241804,0.0005723557540556899,0
1738,0.6376847263491116,0.8607079764250578,0.9988998622240313,0.0005503716858658695,0
1739,0.6466144073276101,0.8187307530779818,0.9989462614223891,0.0005271470752129311,0
1740,0.6556553562619346,0.7788007830714049,0.9989407777302008,0.0005298918210773094,0
1741,0.6647718316418607,0.7408182206817179,0.9989372912902174,0.0005316368925296587,0
1742,0.6739360521694806,0.7046880897187134,0.9989482329665936,0.0005261602642426125,0
1743,0.6117439667781721,1.0,0.998931903298778,0.0005343337615008289,1
1744,0.6117438518962444,1.0,0.9989325886869328,0.0005339907011193446,1
1745,0.6202119529391326,0.951229424500714,0.9989539869584934,0.0005232802474718699,0
1746,0.6117442033030278,1.0,0.9989304921884082,0.0005350400715915253,1
1747,0.611744964662305,1.0,0.9989259499293264,0.0005373136378929352,1
1748,0.6202192500431832,0.951229424500714,0.9989114454221043,0.0005445737418714575,0
1749,0.6117454759778801,1.0,0.9989228994449381,0.000538840522366359,1
1750,0.6117465831511499,1.0,0.9989162941497332,0.0005421467420191596,1
1751,0.6202225485861342,0.951229424500714,0.9988922160264141,0.0005541990098904495,0
1752,0.611746112528047,1.0,0.9989191018364395,0.0005407413776372849,1
1753,0.6202225184754924,0.951229424500714,0.99889239155894,0.0005541111463013063,0
1754,0.6288741871607721,0.9048374180359595,0.9989061285276354,0.0005472350932071592,0
1755,0.6117548200620521,1.0,0.9988671555415785,0.0005667433058620144,1
1756,0.6117495248237859,1.0,0.9988987447157992,0.0005509310556782948,1
1757,0.6202252426009294,0.951229424500714,0.9988765112179064,0.0005620601843566472,0
1758,0.6288740964494656,0.9048374180359595,0.998906647129203,0.0005469755085383949,0
1759,0.6117516076640064,1.0,0.998886319184603,0.0005571507093442126,1
1760,0.6202196594405393,0.951229424500714,0.9989090587445723,0.0005457683824946144,0
1761,0.6288785802203102,0.9048374180359595,0.9988810135996491,0.0005598064665321565,0
1762,0.637686432571108,0.8607079764250578,0.9988902637986476,0.0005551762072511025,0
1763,0.6466233603405878,0.8187307530779818,0.9988965396109276,0.000552034824862707,0
1764,0.6556651997836458,0.7788007830714049,0.9988866456067861,0.0005569873163116537,0
1765,0.6117522455390703,1.0,0.9988825138806984,0.0005590554862341088,1
1766,0.6117471822517624,1.0,0.9989127199971605,0.0005439357602721129,1
1767,0.6202220423270549,0.951229424500714,0.9988951673122539,0.0005527217326464148,0
1768,0.6288719060725723,0.9048374180359595,0.9989191697461386,0.0005407073860474096,0
1769,0.611741730580477,1.0,0.9989452446309625,0.0005276560074665537,1
1770,0.6117523088362535,1.0,0.9988821362765616,0.0005592444995579493,1
1771,0.6117441812665446,1.0,0.9989306236582279,0.0005349742663067599,1
1772,0.611750447117577,1.0,0.9988932425895829,0.0005536851593343632,1
1773,0.6117455812120263,1.0,0.9989222716247613,0.0005391547710307957,1
1774,0.6117492412158997,1.0,0.9989004366439244,0.0005500841596834997,1
1775,0.6117442106613799,1.0,0.9989304482884322,0.0005350620450808339,1
1776,0.6117430229097288,1.0,0.9989375344599454,0.0005315151783337215,1
1777,0.6117493367596608,1.0,0.9988998666551454,0.0005503694678686918,1
1778,0.6117458318730039,1.0,0.9989207761998046,0.0005399032907698182,1
1779,0.6117432289017847,1.0,0.9989363054981083,0.0005321303131898178,1
1780,0.6202240865206516,0.951229424500714,0.9988832505659184,0.0005586867316818444,0
1781,0.6288726103755622,0.9048374180359595,0.9989151431480547,0.0005427228675404902,0
1782,0.6376805881399721,0.8607079764250578,0.998923142392008,0.0005387189178658851,0
1783,0.6117536766921114,1.0,0.9988739762811761,0.0005633290799199805,1
1784,0.6117470998919738,1.0,0.9989132113432938,0.000543689819859812,1
1785,0.6117482218024544,1.0,0.9989065182249349,0.0005470400312226576,1
1786,0.6202203956972362,0.951229424500714,0.9989047665846015,0.0005479168108998724,0
1787,0.6288703803022623,0.9048374180359595,0.99892789286254,0.0005363411277062903,0
1788,0.6117508036836717,1.0,0.99889111543612,0.0005547499156252294,1
1789,0.6117433631499133,1.0,0.9989355045663695,0.0005325312056468968,1
1790,0.6202223002856684,0.951229424500714,0.998893663516232,0.0005534744628642919,0
1791,0.611746138154264,1.0,0.9989189489528862,0.0005408179021349297,1
1792,0.6117513632236855,1.0,0.9988877774221672,0.0005564207781840093,1
1793,0.6202136550580233,0.951229424500714,0.9989440635097818,0.0005282471919609853,0
1794,0.62887145415698,0.9048374180359595,0.9989217534219811,0.000539414152030367,0
1795,0.6376775995234119,0.8607079764250578,0.9989399557752723,0.0005303032344889313,0
1796,0.6466202911923035,0.8187307530779818,0.9989135842137582,0.0005435031818262908,0
1797,0.6556563322893666,0.7788007830714049,0.9989354101449107,0.0005325784666876656,0
1798,0.6117497587415712,1.0,0.9988973492286385,0.0005516295689875408,1
1799,0.6202123190123274,0.951229424500714,0.998951852719351,0.0005243484855739446,0
1800,0.6288716483054879,0.9048374180359595,0.9989206434418875,0.0005399697414479251,0
1801,0.6376843315043499,0.8607079764250578,0.998902083457205,0.0005492598473382568,0
1802,0.6117414279260585,1.0,0.9989470503116563,0.0005267522146552364,1
1803,0.6117467339247888,1.0,0.9989153946529552,0.0005425969785345246,1
1804,0.6117407359649774,1.0,0.998951178671426,0.0005246858632716723,1
1805,0.6202141598101334,0.951229424500714,0.998941120803648,0.0005297201024950368,0
1806,0.628869845082642,0.9048374180359595,0.9989309528384432,0.000534809500029059,0
1807,0.6117443038367008,1.0,0.9989298924041106,0.0005353402849108841,1
1808,0.6117452584292674,1.0,0.9989241973279025,0.0005381908815772554,1
1809,0.6202198157715135,0.951229424500714,0.9989081473787794,0.0005462245632652959,0
1810,0.6288743138245068,0.9048374180359595,0.9989054043846548,0.0005475975613221796,0
1811,0.6376783923516562,0.8607079764250578,0.9989354954401425,0.0005325357736230047,0
1812,0.6117476701618303,1.0,0.9989098092063742,0.0005453927419327816,1
1813,0.6117433094443883,1.0,0.9989358249763785,0.0005323708299488683,1
1814,0.6117478842646715,1.0,0.9989085319082387,0.0005460320884184933,1
1815,0.6117439393024704,1.0,0.998932067219366,0.0005342517135784754,1
1816,0.6202156580952837,0.951229424500714,0.9989323858700394,0.0005340922179365225,0
1817,0.6288761438597374,0.9048374180359595,0.9988949420600524,0.000552834483330512,0
1818,0.6376778712462736,0.8607079764250578,0.9989384270995116,0.0005310683840464571,0
1819,0.6117482445180709,1.0,0.9989063827083017,0.0005471078637174677,1
1820,0.6117467166952625,1.0,0.9989154974421054,0.0005425455281587415,1
1821,0.6202186042474903,0.951229424500714,0.9989152102554921,0.0005426892773824412,0
1822,0.6117508568844352,1.0,0.99889079805883,0.0005549087804581789,1
1823,0.6202178517166231,0.951229424500714,0.998919597354759,0.0005404933504468586,0
1824,0.6117509900346456,1.0,0.9988900037315512,0.0005553063852795192,1
1825,0.6117485534006422,1.0,0.9989045399819981,0.0005480302364418434,1
1826,0.6117447714561323,1.0,0.998927102591792,0.0005367366873188722,1
1827,0.6202201165728731,0.951229424500714,0.9989063937944394,0.0005471023145800205,0
1828,0.6117446515891584,1.0,0.9989278177157103,0.0005363787414485173,1
1829,0.6202205987719287,0.951229424500714,0.9989035827235043,0.0005485093908125123,0
1830,0.6117435490707256,1.0,0.9989343953541387,0.0005330864030753076,1
1831,0.6202201498841086,0.951229424500714,0.9989061995999058,0.0005471995181586972,0
1832,0.6288743552939552,0.9048374180359595,0.9989051673018736,0.0005477162326239721,0
1833,0.6376810011552789,0.8607079764250578,0.9989208188758507,0.0005398819296937895,0
1834,0.6466252956686642,0.8187307530779818,0.9988857918944888,0.000557414648414765,0
1835,0.6556573159467971,0.7788007830714049,0.9989300006331026,0.0005352861124474653,0
1836,0.6647779415175656,0.7408182206817179,0.9989039226553658,0.0005483392383526423,0
1837,0.6739399252782124,0.7046880897187134,0.9989271672103279,0.000536704343350172,0
1838,0.6117474197091312,1.0,0.9989113033641757,0.0005446448482439668,1
1839,0.6202157419352791,0.951229424500714,0.9989318970899335,0.0005343368692425058,0
1840,0.6117456428856191,1.0,0.9989219036843321,0.0005393389397631648,1
1841,0.6202177304017042,0.951229424500714,0.9989203045982082,0.0005401393463804751,0
1842,0.6117502307660525,1.0,0.9988945332733612,0.0005530391028343264,1
1843,0.6117440971673282,1.0,0.9989311253950047,0.0005347231294215366,1
1844,0.6117465640374872,1.0,0.9989164081795544,0.0005420896652573342,1
1845,0.6117471326660363,1.0,0.9989130158181141,0.0005437876888221175,1
1846,0.6117442451943527,1.0,0.9989302422645299,0.0005351651673372354,1
1847,0.6202174739483636,0.951229424500714,0.9989217996759103,0.0005393910001028105,0
1848,0.6117492745431535,1.0,0.9989002378222978,0.0005501836799354918,1
1849,0.6202123041627396,0.951229424500714,0.998951939293637,0.0005243051530139372,0
1850,0.6117465578581583,1.0,0.9989164450446941,0.0005420712126927939,1
1851,0.6202152395920135,0.951229424500714,0.998934825713925,0.0005328709936872714,0
1852,0.6288702356692366,0.9048374180359595,0.9989287197621641,0.0005359272343272755,0
1853,0.6376776786543871,0.8607079764250578,0.9989395105948871,0.0005305260609370372,0
1854,0.6117444437108133,1.0,0.9989290579154902,0.0005357579763701212,1
1855,0.6202162843164476,0.951229424500714,0.9989287350616768,0.0005359195763671828,0
1856,0.6117485793791756,1.0,0.9989043849999444,0.0005481078124561162,1
1857,0.6202199956660668,0.951229424500714,0.9989070986453874,0.000546749503393823,0
1858,0.628870733438692,0.9048374180359595,0.9989258739058351,0.0005373516905104532,0
1859,0.6117475383366875,1.0,0.9989105956521251,0.0005449990900564434,1
1860,0.6202209526154749,0.951229424500714,0.9989015199325509,0.0005495419194363616,0
1861,0.6117481984478531,1.0,0.9989066575536468,0.0005469702906114426,1
1862,0.6117465893711486,1.0,0.9989162570419707,0.0005421653160294426,1
1863,0.6202189574403632,0.951229424500714,0.9989131512235832,0.0005437199124202841,0
1864,0.628871560820851,0.9048374180359595,0.9989211436062524,0.000539719389108624,0
1865,0.6376800661134046,0.8607079764250578,0.9989260791869952,0.0005372489395734952,0
1866,0.6466192848368981,0.8187307530779818,0.9989191731149762,0.000540705699806068,0
1867,0.6117493499229749,1.0,0.9988997881263377,0.0005504087755177112,1
1868,0.6117492136846787,1.0,0.9989006008879883,0.000550001947260531,1
1869,0.6117467137358361,1.0,0.9989155150976663,0.000542536690794224,1
1870,0.620218976338357,0.951229424500714,0.9989130410528664,0.0005437750577163018,0
1871,0.6288724102918793,0.9048374180359595,0.9989162870520412,0.000542150294715207,0
1872,0.6117490015486932,1.0,0.9989018664371583,0.0005493684766392841,1
1873,0.6117452787688984,1.0,0.9989240759826845,0.0005382516195319968,1
1874,0.6117495657283571,1.0,0.9988985006905179,0.0005510532028490568,1
1875,0.6202207420466304,0.951229424500714,0.9989027474786051,0.0005489274718280043,0
1876,0.6288759127056839,0.9048374180359595,0.9988962635612444,0.0005521730021965876,0
1877,0.6117456014169593,1.0,0.9989221510834927,0.0005392151066941852,1
1878,0.6117464457620433,1.0,0.9989171137971128,0.000541736473887468,1
1879,0.6117454577934633,1.0,0.9989230079320637,0.000538786220317711,1
1880,0.6117467325593466,1.0,0.9989154027990083,0.0005425929010855896,1
1881,0.6117454884885788,1.0,0.9989228248068796,0.000538877881636678,1
1882,0.6117487314809675,1.0,0.998903477595786,0.000548562012369633,1
1883,0.6117460709385757,1.0,0.9989193499553108,0.0005406171839762793,1
1884,0.611749299081235,1.0,0.9989000914345988,0.0005502569543748025,1
1885,0.6117455682457147,1.0,0.9989223489809138,0.0005391160512266095,1
1886,0.6117493284257911,1.0,0.9988999163727857,0.0005503445816710185,1
1887,0.6117468550035735,1.0,0.9989146723128639,0.0005429585408632111,1
1888,0.6117433339549425,1.0,0.9989356787450937,0.000532444023487352,1
1889,0.6202199302559652,0.951229424500714,0.9989074799672442,0.0005465586339003208,0
1890,0.6288703769821922,0.9048374180359595,0.9989279118441196,0.0005363316267305178,0
1891,0.6376817654492932,0.8607079764250578,0.9989165191758916,0.0005420341068892092,0
1892,0.6466197087532153,0.8187307530779818,0.9989168188461819,0.000541884109246969,0
1893,0.6117426491941572,1.0,0.998939764076833,0.0005303991854299874,1
1894,0.6117492019840396,1.0,0.9989006706909541,0.0005499670073659316,1
1895,0.6117460094603475,1.0,0.9989197167288036,0.000540433598872347,1
1896,0.6117494090150991,1.0,0.9988994355986578,0.00055058523353,1
1897,0.6117476804422871,1.0,0.9989097478750055,0.0005454234410859933,1
1898,0.6202167776570369,0.951229424500714,0.9989258589475073,0.0005373591777166463,0
1899,0.611748964058584,1.0,0.9989020900938348,0.000549256525376124,1
1900,0.6117472051278455,1.0,0.9989125835219473,0.0005440040721575236,1
1901,0.620221687553197,0.951229424500714,0.9988972355078789,0.0005516864921368964,0
1902,0.6288742302793012,0.9048374180359595,0.9989058820167426,0.0005473584836420189,0
1903,0.6376818821849812,0.8607079764250578,0.9989158624563338,0.0005423628229335891,0
1904,0.6466212666526059,0.8187307530779818,0.9989081669283745,0.000546214777783586,0
1905,0.6556584205692165,0.7788007830714049,0.9989239259288885,0.000538326727245838,0
1906,0.6117501409432669,1.0,0.9988950691280143,0.0005527708790672237,1
1907,0.6117456308963813,1.0,0.9989219752112871,0.0005393031376888662,1
1908,0.6117465140820656,1.0,0.9989167062077052,0.0005419404895585656,1
1909,0.6117463088811715,1.0,0.9989179304134246,0.0005413277232680644,1
1910,0.6117465673086875,1.0,0.9989163886639638,0.0005420994336376442,1
1911,0.6117431560628871,1.0,0.9989367400593914,0.0005319128012293018,1
1912,0.611745055660183,1.0,0.9989254070392954,0.0005375853748412671,1
1913,0.6117451543663163,1.0,0.9989248181625939,0.0005378801300206877,1
1914,0.6117456152898497,1.0,0.9989220683187763,0.0005392565337062056,1
1915,0.6117458518680475,1.0,0.9989206569109891,0.0005399629996203419,1
1916,0.6117457163171495,1.0,0.9989214655971167,0.0005395582198239069,1
1917,0.6117472470683414,1.0,0.9989123333114359,0.0005441293136184965,1
1918,0.6202181322003762,0.951229424500714,0.9989179621892966,0.0005413118181218271,0
1919,0.6288739304827069,0.9048374180359595,0.9989075959713063,0.0005465005684349388,0
1920,0.6117420094585794,1.0,0.9989435808075907,0.0005284887982357242,1
1921,0.6202161852545094,0.951229424500714,0.9989293125818566,0.0005356305066905904,0
1922,0.6288697213341582,0.9048374180359595,0.9989316603393122,0.000534455371139329,0
1923,0.6376803344444508,0.8607079764250578,0.9989245696201515,0.0005380045350153279,0
1924,0.6117456521561668,1.0,0.9989218483768966,0.0005393666233272339,1
1925,0.6202167748525121,0.951229424500714,0.998925875297504,0.000537350993927814,0
1926,0.6288712484755306,0.9048374180359595,0.9989229293396898,0.0005388255588735026,0
1927,0.6117447332786211,1.0,0.9989273303579608,0.0005366226819313479,1
1928,0.620221436779114,0.951229424500714,0.9988986974283554,0.0005509547254672771,0
1929,0.6288715456806123,0.9048374180359595,0.9989212301655752,0.000539676062706122,0
1930,0.637678801743519,0.8607079764250578,0.9989331922717729,0.0005336885863096769,0
1931,0.6466166363366301,0.8187307530779818,0.9989338820247603,0.0005333433416254001,0
1932,0.6556575627272079,0.7788007830714049,0.9989286434977546,0.0005359654074275984,0
1933,0.6117435112405728,1.0,0.9989346210504442,0.0005329734345555234,1
1934,0.6202169013806004,0.951229424500714,0.9989251376563987,0.0005377202112020488,0
1935,0.6117448572339874,1.0,0.9989265908433312,0.0005369928364364989,1
1936,0.6202174295553475,0.951229424500714,0.9989220584796803,0.000539261458562862,0
1937,0.6288769678651687,0.9048374180359595,0.9988902312635698,0.0005551924928630294,0
1938,0.637678548131436,0.8607079764250578,0.9989346190490256,0.0005329744363321025,0
1939,0.6117462796573632,1.0,0.9989181047595992,0.0005412404557588689,1
1940,0.6117520520864576,1.0,0.9988836679382251,0.0005584778122614086,1
1941,0.6117430065461827,1.0,0.9989376320860089,0.0005314663133870095,1
1942,0.6117502704201659,1.0,0.9988942967094564,0.0005531575157022197,1
1943,0.6117439391145383,1.0,0.9989320683405726,0.0005342511523758494,1
1944,0.6202183559601341,0.951229424500714,0.9989166577163758,0.0005419647615175436,0
1945,0.6288724816838612,0.9048374180359595,0.998915878894753,0.0005423545948036728,0
1946,0.6376848362816006,0.8607079764250578,0.9988992437904911,0.0005506812432874451,0
1947,0.6117443522508133,1.0,0.9989296035655129,0.0005354848589404174,1
1948,0.6117490542946842,1.0,0.9989015517678084,0.0005495259843034916,1
1949,0.6202191541287421,0.951229424500714,0.9989120045789218,0.0005442938588729824,0
1950,0.6288721933777084,0.9048374180359595,0.9989175271800853,0.0005415295583780321,0
1951,0.6117444174939802,1.0,0.9989292143249735,0.0005356796877921254,1
1952,0.6202174248990953,0.951229424500714,0.9989220856248489,0.0005392478713325162,0
1953,0.6117492001922074,1.0,0.9989006813805591,0.000549961656681296,1
1954,0.6202158271336793,0.951229424500714,0.998931400390791,0.0005345854844220467,0
1955,0.6288735812995101,0.9048374180359595,0.9989095922769754,0.0005455013250202411,0
1956,0.637683005447349,0.8607079764250578,0.9989095433515573,0.0005455258144333045,0
1957,0.6117499306364051,1.0,0.9988963237546771,0.000552142872225652,1
1958,0.6202184907008808,0.951229424500714,0.9989158722069756,0.0005423579423214371,0
1959,0.6117477049037525,1.0,0.9989096019422952,0.0005454964870850524,1
1960,0.6202196933574443,0.951229424500714,0.9989088610184153,0.0005458673535544919,0
1961,0.6288711782564647,0.9048374180359595,0.9989233307951039,0.0005386246147758145,0
1962,0.6376821771918144,0.8607079764250578,0.9989142028398901,0.0005431935324481791,0
1963,0.6466147536547706,0.8187307530779818,0.9989443379895462,0.0005281098070279003,0
1964,0.6556605587591453,0.7788007830714049,0.9989121673986923,0.0005442123603243662,0
1965,0.6117497971625411,1.0,0.9988971200203097,0.000551744299672929,1
1966,0.6117480278730753,1.0,0.9989076751683107,0.0005464609266294072,1
1967,0.6117467834751835,1.0,0.998915099041728,0.0005427449446548171,1
1968,0.6117463400721114,1.0,0.9989177443316005,0.0005414208649745544,1
1969,0.6117492354861438,1.0,0.9989004708261461,0.0005500670497594598,1
1970,0.6117473773794616,1.0,0.9989115558960475,0.0005445184447088716,1
1971,0.611748763652702,1.0,0.9989032856668072,0.0005486580822110151,1
1972,0.6117458879840046,1.0,0.9989204414461603,0.0005400708484521928,1
1973,0.61174683793827,1.0,0.9989147741221707,0.0005429075809041823,1
1974,0.6117460981735209,1.0,0.9989191874741807,0.0005406985124355658,1
1975,0.611747150029071,1.0,0.9989129122328563,0.0005438395378127263,1
1976,0.6117460677065615,1.0,0.9989193692372071,0.0005406075325984573,1
1977,0.6117474576114729,1.0,0.9989110772450974,0.0005447580310175654,1
1978,0.6202187373825847,0.951229424500714,0.998914434108295,0.0005430777725673485,0
1979,0.6288775026531765,0.9048374180359595,0.998887173924274,0.0005567228632075562,0
1980,0.6376804121170816,0.8607079764250578,0.9989241326528969,0.0005382232539073644,0
1981,0.6466221689642431,0.8187307530779818,0.9989031559111854,0.0005487230312566731,0
1982,0.6556570613994919,0.7788007830714049,0.9989314004836868,0.0005345854379244935,0
1983,0.6117459527276171,1.0,0.998920055191269,0.0005402641846529221,1
1984,0.6202174287342287,0.951229424500714,0.9989220632666655,0.0005392590624873898,0
1985,0.6117450549441579,1.0,0.9989254113110739,0.0005375832366543697,1
1986,0.620219369437765,0.951229424500714,0.9989107493826569,0.0005449221409678255,0
1987,0.6117412437029892,1.0,0.9989481494159272,0.0005262020835617763,1
1988,0.6202161043140568,0.951229424500714,0.998929784456127,0.000535394316725422,0
1989,0.62887029288237,0.9048374180359595,0.9989283926616674,0.000536090959998509,0
1990,0.637679255996614,0.8607079764250578,0.9989306367298233,0.0005349677235123852,0
1991,0.6117448428748169,1.0,0.9989266765097427,0.0005369499572056804,1
1992,0.6202182461367249,0.951229424500714,0.9989172979637414,0.0005416442907578424,0
1993,0.6288719809149154,0.9048374180359595,0.9989187418610158,0.0005409215601404932,0
1994,0.6376823712508662,0.8607079764250578,0.9989131111261225,0.0005437399829646945,0
1995,0.6117464730320707,1.0,0.9989169511072308,0.0005418179070179371,1
1996,0.6202199362768969,0.951229424500714,0.9989074448669562,0.0005465762032395055,0
1997,0.6288752538430163,0.9048374180359595,0.9989000302735037,0.0005502875685961377,0
1998,0.6376791016316686,0.8607079764250578,0.9989315051568483,0.0005345330453598193,0
1999,0.646624303479587,0.8187307530779818,0.9988913019331684,0.000554656563593039,0
2000,0.6556588820964383,0.7788007830714049,0.9989213878423848,0.0005395971391672113,0
2001,0.6647756270186318,0.7408182206817179,0.9989165629747531,0.0005420121837056047,0
2002,0.6117457059413286,1.0,0.998921527498498,0.0005395272357167919,1
2003,0.6117455418309244,1.0,0.9989225065698236,0.0005390371717733804,1
2004,0.6117459217816024,1.0,0.9989202398125359,0.0005401717742299255,1
2005,0.6117451912872431,1.0,0.9989245978940081,0.0005379903828675528,1
2006,0.611747478105797,1.0,0.998910954979394,0.0005448192305145973,1
2007,0.6117456718593257,1.0,0.998921730829253,0.000539425460587977,1
2008,0.611746208433051,1.0,0.998918529676563,0.0005410277672153995,1
2009,0.6117475786394112,1.0,0.9989103552130243,0.0005451194407318778,1
2010,0.6117498709689033,1.0,0.9988966797132444,0.0005519646963251862,1
2011,0.6117446368886648,1.0,0.9989279054186078,0.0005363348429345044,1
2012,0.6117495028469108,1.0,0.9988988758237526,0.0005508654294346547,1
2013,0.6202196678258078,0.951229424500714,0.9989090098607749,0.0005457928510876315,0
2014,0.6117499149633381,1.0,0.998896417255515,0.0005520960701544701,1
2015,0.6202197738220061,0.951229424500714,0.9989083919325419,0.000546102152744769,0
2016,0.6288737134618679,0.9048374180359595,0.9989088366945515,0.0005458795287713335,0
2017,0.6376801514316632,0.8607079764250578,0.998925599206382,0.0005374891879454875,0
2018,0.6117457296368097,1.0,0.9989213861330145,0.0005395979947752135,1
2019,0.6117448040778793,1.0,0.9989269079712481,0.0005368341021163745,1
2020,0.611743965484824,1.0,0.9989319110149179,0.0005343298993057146,1
2021,0.6202194799911963,0.951229424500714,0.99891010488544,0.0005452447410725956,0
2022,0.6117468209265462,1.0,0.9989148756118436,0.0005428567809408664,1
2023,0.6202205117380261,0.951229424500714,0.9989040901033284,0.000548255422509696,0
2024,0.6288760296518242,0.9048374180359595,0.9988955949831688,0.0005525076607210973,0
2025,0.6117468357552804,1.0,0.9989147871455943,0.0005429010621180329,1
2026,0.6202227606380255,0.951229424500714,0.9988909798532765,0.0005548177823078539,0
2027,0.628873750364129,0.9048374180359595,0.9989086257216088,0.0005459851304825721,0
2028,0.6376835644205151,0.8607079764250578,0.9989063987715147,0.0005470998233179208,0
2029,0.6466221800731351,0.8187307530779818,0.9989030942177825,0.0005487539118302807,0
2030,0.6117438217092075,1.0,0.9989327687835879,0.0005339005565785657,1
2031,0.6117479125896215,1.0,0.9989083629269853,0.0005461166713719366,1
2032,0.6117456314471221,1.0,0.9989219719256058,0.000539304782302395,1
2033,0.6202179673052299,0.951229424500714,0.9989189234953104,0.0005408306446983464,0
2034,0.6288743172455648,0.9048374180359595,0.9989053848263029,0.0005476073512142262,0
2035,0.6117478046834668,1.0,0.9989090066747699,0.0005457944458300199,1
2036,0.6117475823843563,1.0,0.9989103328713311,0.0005451306237641521,1
2037,0.611751217440278,1.0,0.9988886471117963,0.0005559854493762198,1
2038,0.6202184531095046,0.951229424500714,0.9989160913564762,0.0005422482486612277,0
2039,0.6288744330703668,0.9048374180359595,0.9989047226506881,0.0005479388019423612,0
2040,0.6376805107589977,0.8607079764250578,0.9989235777179183,0.0005385010203135122,0
2041,0.6117444938987949,1.0,0.9989287584943659,0.000535907847458032,1
2042,0.6202156645989231,0.951229424500714,0.9989323479543577,0.0005341111960390598,0
2043,0.6288740792934266,0.9048374180359595,0.9989067452112693,0.0005469264138297718,0
2044,0.6376823901883607,0.8607079764250578,0.998913004589956,0.0005437933090102243,0
2045,0.6117471445115087,1.0,0.9989129451498029,0.000543823061428403,1
2046,0.6117429387924969,1.0,0.9989380363094054,0.0005312639867843845,1
2047,0.6117470890667167,1.0,0.9989132759251796,0.0005436574937863342,1
2048,0.6202209681725981,0.951229424500714,0.9989014292398032,0.0005495873156791645,0
2049,0.6117482137389384,1.0,0.9989065663301974,0.0005470159522620813,1
2050,0.6202172369645732,0.951229424500714,0.9989231812524066,0.0005386994667208405,0
2051,0.6288736429699159,0.9048374180359595,0.9989092397023985,0.0005456778047746747,0
2052,0.6117447883427902,1.0,0.998927001846397,0.0005367871141216843,1
2053,0.6202187746459862,0.951229424500714,0.9989142168713278,0.0005431865091034588,0
2054,0.6288689188661054,0.9048374180359595,0.9989362482653025,0.0005321589600650937,0
2055,0.6376812554723741,0.8607079764250578,0.9989193881578182,0.0005405980620588841,0
2056,0.6466209929083964,0.8187307530779818,0.9989096871818925,0.0005454538207649329,0
2057,0.655663119641537,0.7788007830714049,0.9988980845718974,0.0005512614916326095,0
2058,0.6117451196734826,1.0,0.9989250251385431,0.0005377765306686866,1
2059,0.6117466530740034,1.0,0.9989158769985347,0.0005423555439417747,1
2060,0.6202171003756636,0.951229424500714,0.9989239775445077,0.0005383008916359059,0
2061,0.6288723657774228,0.9048374180359595,0.9989165415471202,0.0005420229091425064,0
2062,0.6376771617296839,0.8607079764250578,0.998942418749423,0.0005290704421173116,0
2063,0.61174527435936,1.0,0.9989241022897674,0.0005382384518232752,1
2064,0.6202150471287912,0.951229424500714,0.9989359477634832,0.0005323093709972434,0
2065,0.6117455040067534,1.0,0.9989227322264167,0.000538924221786723,1
2066,0.6202165332430689,0.951229424500714,0.9989272838490136,0.0005366459613766331,0
2067,0.6117481353107318,1.0,0.998907034216776,0.0005467817529461401,1
2068,0.6202208908343375,0.951229424500714,0.9989018800957302,0.000549361639845658,0
2069,0.6117469264872735,1.0,0.9989142458508866,0.0005431720035743792,1
2070,0.6202198942401846,0.951229424500714,0.9989076899288523,0.0005464535382882286,0
2071,0.6117428111546274,1.0,0.9989387978068435,0.0005308828334394524,1
2072,0.6117463031247337,1.0,0.9989179647557254,0.0005413105335174442,1
2073,0.6117443186166065,1.0,0.998929804227179,0.0005353844206085444,1
2074,0.6117482653531052,1.0,0.9989062584108536,0.0005471700804866905,1
2075,0.6117443606341897,1.0,0.9989295535503017,0.0005355098933433534,1
2076,0.6202182816392188,0.951229424500714,0.998917090991609,0.0005417478890008128,0
2077,0.628872550154794,0.9048374180359595,0.9989154874376959,0.0005425505357942954,0
2078,0.6376819547775602,0.8607079764250578,0.9989154540727933,0.0005425672363578865,0
2079,0.6466245578857011,0.8187307530779818,0.9988898891066341,0.0005553637614286388,0
2080,0.6556605518320012,0.7788007830714049,0.9989122054928178,0.0005441932925193849,0
2081,0.6647765286880621,0.7408182206817179,0.9989116386093637,0.0005444770429890292,0
2082,0.6117464963117121,1.0,0.9989168122235701,0.0005418874241435249,1
2083,0.6117473281123352,1.0,0.9989118498157701,0.000544371324737383,1
2084,0.6202180019457005,0.951229424500714,0.9989187215481243,0.0005409317275799703,0
2085,0.6117480172069953,1.0,0.9989077388000404,0.0005464290759743407,1
2086,0.6202178606735179,0.951229424500714,0.9989195451377542,0.0005405194871881164,0
2087,0.6288739254082392,0.9048374180359595,0.9989076249823677,0.0005464860470411626,0
2088,0.6376812920562703,0.8607079764250578,0.9989191823470965,0.0005407010787513741,0
2089,0.6466188128840025,0.8187307530779818,0.9989217941685293,0.0005393937567655541,0
2090,0.655662360971111,0.7788007830714049,0.9989022566347725,0.000549173163390288,0
2091,0.6117466879972873,1.0,0.9989156686505891,0.0005424598309853935,1
2092,0.611748197242577,1.0,0.9989066647440752,0.0005469666914622103,1
2093,0.6202170865265085,0.951229424500714,0.9989240582829784,0.0005382604789171888,0
2094,0.6288756024538198,0.9048374180359595,0.9988980372661106,0.0005512851706188318,0
2095,0.6376828680974738,0.8607079764250578,0.9989103160340316,0.0005451390515975208,0
2096,0.6117488605531052,1.0,0.9989027075821945,0.000548947441945951,1
2097,0.6202201940731895,0.951229424500714,0.9989059419908713,0.0005473284637332449,0
2098,0.611745729256999,1.0,0.9989213883989372,0.0005395968605905761,1
2099,0.6202163721423193,0.951229424500714,0.9989282230469237,0.0005361758583552632,0
2100,0.6288743576129127,0.9048374180359595,0.9989051540442876,0.0005477228686823904,0
2101,0.6117484691935641,1.0,0.9989050423426235,0.0005477787807326704,1
2102,0.6117492271249958,1.0,0.9989005207065668,0.0005500420820970547,1
2103,0.6117459099350869,1.0,0.9989203104878431,0.0005401363983800864,1
2104,0.6117487620156679,1.0,0.9989032954329659,0.0005486531937704403,1
2105,0.6117488958841287,1.0,0.9989024968058892,0.0005490529458783876,1
2106,0.6117460732433195,1.0,0.9989193362054236,0.0005406240663573935,1
2107,0.6117470677809282,1.0,0.9989134029130691,0.0005435939307701536,1
2108,0.6117469252331378,1.0,0.9989142533328863,0.000543168258508303,1
2109,0.6117483018137297,1.0,0.9989060408944657,0.0005472789577761322,1
2110,0.6117482535406279,1.0,0.998906328881615,0.0005471348065266558,1
2111,0.6202181636579097,0.951229424500714,0.9989177787982623,0.0005414036129729239,0
2112,0.6288731355241267,0.9048374180359595,0.9989121408150431,0.0005442256666241319,0
2113,0.6376842732333639,0.8607079764250578,0.9989024112661887,0.0005490957627220716,0
2114,0.6466227756989353,0.8187307530779818,0.9988997864075673,0.0005504096358495006,0
2115,0.6556621346747382,0.7788007830714049,0.9989035010824937,0.0005485502561249364,0
2116,0.6647779489256879,0.7408182206817179,0.9989038821972044,0.0005483594896307186,0
2117,0.6117485744356629,1.0,0.9989044144918203,0.0005480930503448132,1
2118,0.6202213953905251,0.951229424500714,0.9988989387088671,0.0005508339522180716,0
2119,0.611750565460595,1.0,0.9988925365941654,0.0005540385482836849,1
2120,0.6202196651741607,0.951229424500714,0.9989090253191438,0.0005457851134615593,0
2121,0.628874444046287,0.9048374180359595,0.9989046599008886,0.0005479702112449596,0
2122,0.6376841143710538,0.8607079764250578,0.9989033049619557,0.0005486484240445697,0
2123,0.646620697771986,0.8187307530779818,0.9989113262413538,0.0005446333971883133,0
2124,0.6556582473299801,0.7788007830714049,0.9989248786290627,0.00053784986424602,0
2125,0.6647742695808764,0.7408182206817179,0.9989239765180079,0.0005383014054386366,0
2126,0.6739424297438035,0.7046880897187134,0.9989135457248054,0.0005435224472333177,0
2127,0.6117458382672684,1.0,0.9989207380521367,0.0005399223852113285,1
2128,0.6202189857066451,0.951229424500714,0.9989129864380264,0.0005438023948513983,0
2129,0.6288690640356687,0.9048374180359595,0.9989354182896935,0.0005325743899562366,0
2130,0.6117477106794516,1.0,0.9989095674855167,0.0005455137342808565,1
2131,0.6117467246586256,1.0,0.9989154499336982,0.0005425693081523987,1
2132,0.6202215897564693,0.951229424500714,0.9988978056263934,0.0005514011182607908,0
2133,0.6288719369603615,0.9048374180359595,0.9989189931558928,0.0005407957767133949,0
2134,0.6376826706499663,0.8607079764250578,0.9989114268061657,0.0005445830599840802,0
2135,0.646624526923497,0.8187307530779818,0.9988900610529343,0.0005552776927401583,0
2136,0.6117458075736246,1.0,0.9989209211679674,0.0005398307283826242,1
2137,0.6117474933734146,1.0,0.9989108638953604,0.0005448648221848024,1
2138,0.6202174812629301,0.951229424500714,0.9989217570332344,0.0005394123444547187,0
2139,0.6117465817398523,1.0,0.9989163025693647,0.0005421425276362293,1
2140,0.6202200834274731,0.951229424500714,0.9989065870222548,0.0005470055949084245,0
2141,0.6288715491539181,0.9048374180359595,0.998921210308094,0.0005396860021692479,0
2142,0.6376779858315887,0.8607079764250578,0.9989377824590612,0.0005313910469058544,0
2143,0.6466198592569454,0.8187307530779818,0.99891598300777,0.0005423024818010759,0
2144,0.6117504565734501,1.0,0.9988931861789352,0.0005537133959100598,1
2145,0.6202162312837509,0.951229424500714,0.998929044236393,0.0005357648232514397,0
2146,0.6288722739808943,0.9048374180359595,0.9989170663603812,0.0005417602179659325,0
2147,0.6376821381513805,0.8607079764250578,0.9989144224689923,0.0005430835985431779,0
2148,0.61174687540989,1.0,0.9989145505715421,0.0005430194776642109,1
2149,0.6202194563596315,0.951229424500714,0.998910242651153,0.0005451757830638472,0
2150,0.6117414554606957,1.0,0.9989468860357654,0.0005268344391857383,1
2151,0.6202174330892275,0.951229424500714,0.998922037877755,0.000539271770641425,0
2152,0.6288716815966438,0.9048374180359595,0.9989204531108455,0.0005400650098064847,0
2153,0.6117456141180261,1.0,0.9989220753097959,0.0005392530344243984,1
2154,0.6117476698076791,1.0,0.9989098113191766,0.000545391684378663,1
2155,0.6202202912969319,0.951229424500714,0.9989053752060665,0.000547612166603436,0
2156,0.6288731453693903,0.9048374180359595,0.9989120845286876,0.0005442538404518408,0
2157,0.6376803833502701,0.8607079764250578,0.9989242944879252,0.0005381422492494858,0
2158,0.6117459251487098,1.0,0.9989202197246597,0.0005401818290248246,1
2159,0.6202146001302979,0.951229424500714,0.9989385537460169,0.0005310049935041666,0
2160,0.6288701617560876,0.9048374180359595,0.9989291423406634,0.0005357157185296199,0
2161,0.6376811081618072,0.8607079764250578,0.9989202168862301,0.000540183249773741,0
2162,0.611742951426974,1.0,0.9989379609311815,0.0005313017159647754,1
2163,0.6202175230182289,0.951229424500714,0.9989215136070114,0.0005395341889589886,0
2164,0.6117458323370315,1.0,0.9989207734314529,0.0005399046764410707,1
2165,0.611743602107828,1.0,0.9989340789326526,0.0005332447826134072,1
2166,0.6117441605478131,1.0,0.9989307472663546,0.000534912396084738,1
2167,0.6202172218036381,0.951229424500714,0.9989232696382558,0.0005386552261591211,0
2168,0.6288718186476765,0.9048374180359595,0.9989196695679539,0.0005404572047988375,0
2169,0.6376809183421683,0.8607079764250578,0.9989212847602056,0.0005396487359123685,0
2170,0.6117433460890912,1.0,0.9989356063521214,0.0005324802585405441,1
2171,0.6117468009597828,1.0,0.9989149947309085,0.0005427971567122648,1
2172,0.6202166311649341,0.951229424500714,0.998926712976983,0.0005369317039942403,0
2173,0.6117505238454128,1.0,0.9988927848565331,0.0005539142794921724,1
2174,0.6202165630934684,0.951229424500714,0.998927109824928,0.0005367330668664821,0
2175,0.6117464663144264,1.0,0.9989169911839291,0.0005417978469431171,1
2176,0.6117457057710605,1.0,0.9989215285143052,0.0005395267272648642,1
2177,0.611748104283434,1.0,0.9989072193193556,0.0005466891003988942,1
2178,0.6202180570133301,0.951229424500714,0.9989184005147064,0.0005410924180658944,0
2179,0.6117511889484435,1.0,0.9988888170836253,0.0005559003689145226,1
2180,0.6202184496384662,0.951229424500714,0.9989161115918744,0.0005422381199836416,0
2181,0.628876390504413,0.9048374180359595,0.9988935320020251,0.0005535402928021269,0
2182,0.6376821689138163,0.8607079764250578,0.9989142494092774,0.0005431702224451262,0
2183,0.6117484469294713,1.0,0.9989051751652931,0.0005477122966049548,1
2184,0.6117487648935509,1.0,0.9989032782641966,0.0005486617875800345,1
2185,0.6117492756558244,1.0,0.998900231184397,0.0005501870025399672,1
2186,0.6202207524746738,0.951229424500714,0.9989026866865428,0.0005489579012488272,0
2187,0.6117478839182626,1.0,0.998908533974848,0.0005460310539848023,1
2188,0.6117476572922781,1.0,0.9989098859838313,0.0005453543113089659,1
2189,0.6202145955681879,0.951229424500714,0.9989385803429779,0.0005309916808931992,0
2190,0.6117472630701795,1.0,0.9989122378469696,0.0005441770978272307,1
2191,0.6202199490107295,0.951229424500714,0.998907370632405,0.0005466133611134574,0
2192,0.6288765890758288,0.9048374180359595,0.9988923967789172,0.0005541085334187007,0
2193,0.6376822835953198,0.8607079764250578,0.9989136042478248,0.0005434931538985713,0
2194,0.6466256201645909,0.8187307530779818,0.9988839898417146,0.0005583166806662622,0
2195,0.6556641414928139,0.7788007830714049,0.9988924652631053,0.0005540742533570878,0
2196,0.6117491041584104,1.0,0.9989012542934627,0.0005496748850582754,1
2197,0.6117476944743159,1.0,0.9989096641624379,0.0005454653430552927,1
2198,0.6202198373274331,0.951229424500714,0.9989080217138985,0.0005462874643884707,0
2199,0.6288714954762908,0.9048374180359595,0.9989215171923015,0.0005395323943785396,0
2200,0.6376823222283905,0.8607079764250578,0.9989133869106477,0.0005436019406844694,0
2201,0.6117434205677155,1.0,0.9989351620088892,0.0005327026669361674,1
2202,0.6202159848717061,0.951229424500714,0.9989304807929671,0.0005350457754124494,0
2203,0.6288726879563935,0.9048374180359595,0.9989146996090047,0.000542944877964268,0
2204,0.6376810116507922,0.8607079764250578,0.9989207598309278,0.0005399114840506412,0
2205,0.6117472817090124,1.0,0.9989121266506215,0.0005442327565478439,1
2206,0.620219998215371,0.951229424500714,0.9989070837836901,0.0005467569423726257,0
2207,0.6288732671204763,0.9048374180359595,0.998911388465928,0.0005446022509941262,0
2208,0.6376852931930281,0.8607079764250578,0.9988966734059519,0.0005519678534547719,0
2209,0.6117486238121885,1.0,0.9989041199227244,0.0005482404964542993,1
2210,0.6202214915451195,0.951229424500714,0.9988983781624675,0.0005511145344347288,0
2211,0.6288735338816598,0.9048374180359595,0.9989098633686834,0.000545365631223089,0
2212,0.6117452847050944,1.0,0.9989240405676407,0.0005382693461267067,1
2213,0.6202193384465464,0.951229424500714,0.9989109300533572,0.0005448317071207148,0
2214,0.6117468659980831,1.0,0.9989146067211049,0.0005429913723767822,1
2215,0.6202161342022833,0.951229424500714,0.9989296102108935,0.0005354815326896756,0
2216,0.6288717975648812,0.9048374180359595,0.998919790101646,0.0005403968727779304,0
2217,0.6376863130291146,0.8607079764250578,0.9988909362834096,0.0005548395914285166,0
2218,0.6117467122403017,1.0,0.9989155240198333,0.0005425322248675195,1
2219,0.6117455462283206,1.0,0.9989224803352434,0.0005390503032127251,1
2220,0.6202186679085777,0.951229424500714,0.9989148391257832,0.000542875043788852,0
2221,0.6117436184079919,1.0,0.9989339816852497,0.0005332934582015576,1
2222,0.6117441595497203,1.0,0.9989307532209853,0.0005349094155824145,1
2223,0.6202187075205056,0.951229424500714,0.9989146081973218,0.0005429906334662822,0
2224,0.6117426724824225,1.0,0.9989396251369683,0.0005304687290999066,1
2225,0.6202172253418511,0.951229424500714,0.998923249011034,0.000538665550887111,0
2226,0.6288700800918035,0.9048374180359595,0.9989296092344689,0.0005354820214250802,0
2227,0.6376836747354422,0.8607079764250578,0.9989057781813034,0.0005474104582306111,0
2228,0.6466226883447594,0.8187307530779818,0.998900271528484,0.0005501668082878592,0
2229,0.6117481347851554,1.0,0.9989070373522577,0.0005467801834899119,1
2230,0.6117473883308681,1.0,0.998911490561742,0.000544551147457826,1
2231,0.620216889088087,0.951229424500714,0.9989252093200023,0.0005376843408457869,0
2232,0.6117441671498424,1.0,0.9989307078785903,0.0005349321110475122,1
2233,0.6202166121061083,0.951229424500714,0.9989268240874785,0.0005368760890588327,0
2234,0.6288693465585802,0.9048374180359595,0.9989338030286766,0.0005333828818233175,0
2235,0.6117448753154827,1.0,0.9989264829696487,0.0005370468312392136,1
2236,0.6117471016100561,1.0,0.9989132010934693,0.0005436949503478539,1
2237,0.6202197424779134,0.951229424500714,0.9989085746597915,0.0005460106892860566,0
2238,0.6288767677653236,0.9048374180359595,0.998891375221278,0.0005546198788673235,0
2239,0.6117466218219397,1.0,0.9989160634444947,0.000542262219795629,1
2240,0.6117447158438399,1.0,0.998927434373497,0.0005365706183189278,1
2241,0.6117499431314743,1.0,0.9988962492128355,0.0005521801843282673,1
2242,0.6117417830017674,1.0,0.9989449318783444,0.0005278125489129514,1
2243,0.6202180014926081,0.951229424500714,0.9989187241895646,0.0005409304054301994,0
2244,0.6288707466514902,0.9048374180359595,0.9989257983655421,0.0005373895012719119,0
2245,0.637683145709631,0.8607079764250578,0.9989087542856948,0.0005459207782112804,0
2246,0.611748397657404,1.0,0.9989054691116791,0.0005475651623473478,1
2247,0.620216824520633,0.951229424500714,0.9989255857391948,0.0005374959287815287,0
2248,0.6117440966008069,1.0,0.9989311287748781,0.0005347214376765611,1
2249,0.6117468724588406,1.0,0.9989145681771019,0.0005430106653190565,1
2250,0.6202184949487248,0.951229424500714,0.9989158474429773,0.0005423703377590125,0
2251,0.6117476878707994,1.0,0.9989097035578319,0.0005454456238580741,1
2252,0.6202174998802932,0.951229424500714,0.9989216484971934,0.0005394666710553958,0
2253,0.611746670874017,1.0,0.9989157708058708,0.0005424086979019767,1
2254,0.611746761502788,1.0,0.998915230126174,0.0005426793312521042,1
2255,0.6202153141912281,0.951229424500714,0.9989343908052614,0.0005330886799402517,0
2256,0.6117437924607669,1.0,0.998932943280599,0.0005338132148668844,1
2257,0.611744927290009,1.0,0.9989261728912133,0.0005372020370970879,1
2258,0.611745530855649,1.0,0.9989225720476099,0.0005390043975673083,1
2259,0.6202174187987785,0.951229424500714,0.9989221211886723,0.0005392300702330417,0
2260,0.6288721456327369,0.9048374180359595,0.9989178001449116,0.000541392928084954,0
2261,0.6376830908575427,0.8607079764250578,0.9989090628639978,0.0005457663205323264,0
2262,0.6117452307945714,1.0,0.9989243621951474,0.0005381083591838088,1
2263,0.6202190981168357,0.951229424500714,0.9989123311143083,0.0005441304133784932,0
2264,0.6117455474092741,1.0,0.9989224732897514,0.0005390538297586461,1
2265,0.6117454367239303,1.0,0.9989231336316396,0.000538723302772001,1
2266,0.6202172142014516,0.951229424500714,0.998923313957803,0.0005386330425002284,0
2267,0.611746953076274,1.0,0.9989140872246148,0.0005432514029247063,1
2268,0.6202189961527625,0.951229424500714,0.9989129255397096,0.0005438328771454018,0
2269,0.611750384458946,1.0,0.9988936163906144,0.0005534980517709128,1
2270,0.6117444076521699,1.0,0.9989292730411702,0.0005356502982246974,1
2271,0.620217143652918,0.951229424500714,0.9989237252447466,0.0005384271774187201,0
2272,0.6288723580897023,0.9048374180359595,0.9989165854988512,0.0005420009094417216,0
2273,0.6117449525915577,1.0,0.9989260219429992,0.0005372775923431074,1
2274,0.6117459084005558,1.0,0.9989203196427267,0.0005401318159907719,1
2275,0.6117485483763349,1.0,0.9989045699558825,0.000548015233064245,1
2276,0.611749772163824,1.0,0.9988972691553745,0.0005516696498162815,1
2277,0.6117478346921901,1.0,0.998908827648319,0.0005458840568285004,1
2278,0.611748279087998,1.0,0.9989061764713755,0.0005472110950868362,1
2279,0.611754045375204,1.0,0.9988717769054581,0.0005644300086615698,1
2280,0.6117485953936347,1.0,0.998904289461322,0.000548155634163794,1
2281,0.6117480153177588,1.0,0.9989077500708538,0.000546423434405614,1
2282,0.6117456606681599,1.0,0.9989217975949491,0.0005393920417064698,1
2283,0.6202149112383124,0.951229424500714,0.9989367399982696,0.0005319128318226784,0
2284,0.6117415995829494,1.0,0.9989460261808435,0.0005272648200718524,1
2285,0.6117454075968702,1.0,0.99892330740198,0.000538636323944844,1
2286,0.6202163949885146,0.951229424500714,0.998928089856288,0.000536242525129484,0
2287,0.6288718758637258,0.9048374180359595,0.9989193424548043,0.0005406209382866885,0
2288,0.6376836556281248,0.8607079764250578,0.9989058856718354,0.0005473566540938937,0
2289,0.646618429937295,0.8187307530779818,0.9989239209205077,0.0005383292341337955,0
2290,0.6117503532077653,1.0,0.9988938028250818,0.000553404731297682,1
2291,0.6202171679454749,0.951229424500714,0.998923583622903,0.0005384980646396403,0
2292,0.6288714578261709,0.9048374180359595,0.9989217324445756,0.0005394246520548666,0
2293,0.6376796565143772,0.8607079764250578,0.9989283834996768,0.000536095545908093,0
2294,0.6466196708999894,0.8187307530779818,0.9989170290682173,0.000541778884262597,0
2295,0.6556614163029655,0.7788007830714049,0.9989074515604315,0.000546572852841304,0
2296,0.6647775520455578,0.7408182206817179,0.9989060496910465,0.0005472745546689114,0
2297,0.6739474725414412,0.7046880897187134,0.9988861191532181,0.0005572508365564329,0
2298,0.6117508038265815,1.0,0.998891114583569,0.0005547503423739024,1
2299,0.6117477507584864,1.0,0.9989093283812738,0.0005456334169225209,1
2300,0.6202244195124463,0.951229424500714,0.9988813093899337,0.0005596584057337464,0
2301,0.6117542869891051,1.0,0.9988703355638101,0.0005651514940019613,1
2302,0.6202175410569291,0.951229424500714,0.998921408444513,0.0005395868269803789,0
2303,0.6288759242559084,0.9048374180359595,0.9988961975288806,0.0005522060548610343,0
2304,0.6376824911144555,0.8607079764250578,0.9989124368129159,0.0005440775065323595,0
2305,0.6466180228345474,0.8187307530779818,0.9989261818327698,0.0005371975615128323,0
2306,0.6556604114120407,0.7788007830714049,0.9989129776982248,0.0005438067695074666,0
2307,0.6647779286766679,0.7408182206817179,0.9989039927836834,0.0005483041357198391,0
2308,0.6117484873928183,1.0,0.9989049337699046,0.000547833126601413,1
2309,0.61174587964373,1.0,0.9989204912035471,0.0005400459428724047,1
2310,0.6202197839454063,0.951229424500714,0.9989083329159741,0.0005461316932761903,0
2311,0.6288753085979796,0.9048374180359595,0.9988997172391118,0.0005504442581704365,0
2312,0.6376802745682313,0.8607079764250578,0.9989249064693104,0.000537835929140393,0
2313,0.6117454175968262,1.0,0.9989232477428215,0.000538666185676895,1
2314,0.6202182965024465,0.951229424500714,0.9989170043421103,0.0005417912607196524,0
2315,0.6117450106393655,1.0,0.9989256756318002,0.0005374509341379076,1
2316,0.6117529238990581,1.0,0.998878467083991,0.0005610811523403324,1
2317,0.6117453700912832,1.0,0.9989235311581905,0.0005385243252639456,1
2318,0.6202225944798143,0.951229424500714,0.9988919484854204,0.0005543329287583559,0
2319,0.6288702294462724,0.9048374180359595,0.9989287553402745,0.0005359094261949259,0
2320,0.6117485559719003,1.0,0.9989045246424524,0.0005480379146258915,1
2321,0.6202180416135408,0.951229424500714,0.998918490292426,0.0005410474806037649,0
2322,0.6117462569044667,1.0,0.9989182405010233,0.0005411725115428748,1
2323,0.6117486573829596,1.0,0.998903919647232,0.0005483407440699024,1
2324,0.6117440290947354,1.0,0.99893153151706,0.0005345198511561498,1
2325,0.6202212449955259,0.951229424500714,0.9988998154580465,0.0005503950946116121,0
2326,0.6288744942916216,0.9048374180359595,0.9989043726462552,0.0005481139960756058,0
2327,0.611744378030433,1.0,0.9989294497643513,0.0005355618419294208,1
2328,0.6202223446112275,0.951229424500714,0.9988934051161937,0.000553603805997182,0
2329,0.6117470197594057,1.0,0.9989136894025127,0.0005434505302503359,1
2330,0.6202154272551077,0.951229424500714,0.9989337316505686,0.0005334186089707376,0
2331,0.6288747919335819,0.9048374180359595,0.9989026710172897,0.0005489657444819375,0
2332,0.6376820825400707,0.8607079764250578,0.9989147353206951,0.0005429270027194103,0
2333,0.6466220987252731,0.8187307530779818,0.9989035459844955,0.0005485277804800372,0
2334,0.6117484666093423,1.0,0.9989050577595194,0.0005477710638350671,1
2335,0.6202183563265379,0.951229424500714,0.9989166555803196,0.0005419658307039247,0
2336,0.611746583997317,1.0,0.9989162891016024,0.0005421492688228665,1
2337,0.6202186939353638,0.951229424500714,0.9989146873955765,0.0005429509913132135,0
2338,0.6117461635649116,1.0,0.9989187973554345,0.0005408937828975092,1
2339,0.6117480686815013,1.0,0.998907431713344,0.0005465827872390108,1
2340,0.6202197592189229,0.951229424500714,0.9989084770644058,0.000546059540298571,0
2341,0.6288741313812263,0.9048374180359595,0.9989064474223477,0.0005470754712705449,0
2342,0.6376776454729893,0.8607079764250578,0.9989396972690047,0.0005304326247989383,0
2343,0.6466207549573085,0.8187307530779818,0.9989110086586475,0.0005447923616271164,0
2344,0.6117440358086373,1.0,0.9989314914618143,0.0005345399002012403,1
2345,0.6202212024395769,0.951229424500714,0.9989000635442425,0.0005502709149084037,0
2346,0.6117449520279399,1.0,0.9989260253055242,0.0005372759092730653,1
2347,0.611746495030485,1.0,0.9989168198672225,0.0005418835981731201,1
2348,0.6202179229491491,0.951229424500714,0.9989191820826933,0.0005407012110960393,0
2349,0.6288747103322732,0.9048374180359595,0.9989031375342887,0.0005487322297944387,0
2350,0.6117474416714762,1.0,0.9989111723404618,0.0005447104315054751,1
2351,0.6202195486263581,0.951229424500714,0.9989097047609278,0.0005454450216535758,0
2352,0.6288769941006673,0.9048374180359595,0.9988900812770739,0.000555267569434222,0
2353,0.6376809063106773,0.8607079764250578,0.9989213524461715,0.0005396148563841924,0
2354,0.6466181636176112,0.8187307530779818,0.9989253999700921,0.0005375889132452956,0
2355,0.6117465723236166,1.0,0.9989163587454972,0.0005421144090987427,1
2356,0.6202205270462849,0.951229424500714,0.9989040008610474,0.0005483000926066198,0
2357,0.6117440895088837,1.0,0.9989311710853814,0.0005347002597889005,1
2358,0.611749511401748,1.0,0.9988988247879578,0.0005508909754620591,1
2359,0.611744633207835,1.0,0.9989279273783779,0.0005363238512654281,1
2360,0.6117455406520473,1.0,0.9989225136029282,0.0005390336514279648,1
2361,0.6117420272721834,1.0,0.9989434745294314,0.0005285419935147134,1
2362,0.6117446551427554,1.0,0.9989277965150117,0.0005363893531756238,1
2363,0.6117425422152306,1.0,0.9989404023230096,0.0005300797237388807,1
2364,0.6202168609905718,0.951229424500714,0.9989253731245464,0.0005376023504579256,0
2365,0.6117448231420758,1.0,0.9989267942347454,0.0005368910314613708,1
2366,0.6202173957139621,0.951229424500714,0.9989222557692946,0.0005391627073173482,0
2367,0.628871345282584,0.9048374180359595,0.9989223758761812,0.0005391025890856313,0
2368,0.6117483315185173,1.0,0.9989058636820275,0.0005473676610408375,1
2369,0.6202188159989246,0.951229424500714,0.9989139757933895,0.0005433071791085892,0
2370,0.6288722547005807,0.9048374180359595,0.9989171765886082,0.0005417050441058816,0
2371,0.6117452387905831,1.0,0.9989243144913292,0.0005381322367770898,1
2372,0.6202155369786153,0.951229424500714,0.998933091970609,0.0005337387904523389,0
2373,0.6288695488341798,0.9048374180359595,0.9989326465657383,0.0005339617307941517,0
2374,0.6376779203299052,0.8607079764250578,0.9989381509620162,0.0005312065995390733,0
2375,0.6466206546204614,0.8187307530779818,0.9989115658864596,0.0005445134440599461,0
2376,0.6117413725839439,1.0,0.9989473804913653,0.0005265869508135347,1
2377,0.6117463846429319,1.0,0.9989174784269241,0.0005415539613748095,1
2378,0.6117425765379875,1.0,0.9989401975501992,0.0005301822187580409,1
2379,0.6202209679390001,0.951229424500714,0.9989014306015997,0.0005495866340320674,0
2380,0.611742929039091,1.0,0.9989380944989511,0.0005312348610819273,1
2381,0.6202207309235466,0.951229424500714,0.9989028123225285,0.0005488950142531609,0
2382,0.6117449939574355,1.0,0.9989257751555947,0.0005374011187252782,1
2383,0.6117491144764233,1.0,0.9989011927388314,0.0005497056962285023,1
2384,0.6117445246961359,1.0,0.9989285747577261,0.0005359998143050287,1
2385,0.6202192261936921,0.951229424500714,0.9989115844585351,0.000544504147904011,0
2386,0.6288780256717326,0.9048374180359595,0.9988841838822423,0.0005582195520152797,0
2387,0.6117477760059716,1.0,0.9989091777594065,0.0005457088100910488,1
2388,0.6117467979719914,1.0,0.9989150125556779,0.0005427882346471266,1
2389,0.611745253615193,1.0,0.9989242260484318,0.0005381765058474033,1
2390,0.6202211190414225,0.951229424500714,0.9989005497263683,0.0005500275562256053,0
2391,0.6288734297916521,0.9048374180359595,0.9989104584600745,0.0005450677608967566,0
2392,0.6376837263474714,0.8607079764250578,0.9989054878316466,0.0005475557921076366,0
2393,0.6117454655040543,1.0,0.9989229619311439,0.0005388092455761466,1
2394,0.6202163381435214,0.951229424500714,0.9989284212559691,0.0005360766475104616,0
2395,0.6117455708399138,1.0,0.9989223335040942,0.0005391237979847532,1
2396,0.6202184984515909,0.951229424500714,0.9989158270220388,0.0005423805593100759,0
2397,0.628871599833554,0.9048374180359595,0.9989209205640344,0.0005398310306753159,0
2398,0.6376806877272516,0.8607079764250578,0.9989225821393669,0.0005389993462464043,0
2399,0.6117503227350787,1.0,0.9988939846153543,0.0005533137355104025,1
2400,0.6202193166283745,0.951229424500714,0.9989110572476229,0.0005447680406546798,0
2401,0.6288700200043276,0.9048374180359595,0.9989299527688065,0.0005353100702308884,0
2402,0.6376825914360513,0.8607079764250578,0.9989118724370009,0.0005443600018010471,0
2403,0.6466181826309566,0.8187307530779818,0.998925294376304,0.0005376417669387296,0
2404,0.6556569106767158,0.7788007830714049,0.9989322293655343,0.0005341705538277468,0
2405,0.6117457868756854,1.0,0.9989210446502507,0.000539768920549239,1
2406,0.6117455914844094,1.0,0.9989222103404136,0.0005391854462651398,1
2407,0.6202233222393974,0.951229424500714,0.9988877059645505,0.0005564565467762758,0
2408,0.6288695581998409,0.9048374180359595,0.9989325930198282,0.0005339885323566756,0
2409,0.6117467930784712,1.0,0.998915041749775,0.0005427736217439943,1
2410,0.6202167704478229,0.951229424500714,0.9989259009762422,0.0005373381407529046,0
2411,0.6288740732500059,0.9048374180359595,0.9989067797618589,0.0005469091196283068,0
2412,0.611747594239418,1.0,0.9989102621460964,0.0005451660249583121,1
2413,0.6202202259269493,0.951229424500714,0.9989057562931043,0.0005474214143186874,0
2414,0.6117423850553146,1.0,0.9989413399547199,0.0005296104108208719,1
2415,0.6202204182223813,0.951229424500714,0.998904635270046,0.0005479825401707897,0
2416,0.6117442596452193,1.0,0.9989301560506009,0.0005352083204669703,1
2417,0.6202211934039441,0.951229424500714,0.9989001162188108,0.0005502445486237415,0
2418,0.6117481615401282,1.0,0.9989068777375454,0.0005468600781743699,1
2419,0.6117467864082942,1.0,0.9989150815431751,0.0005427537034338019,1
2420,0.611747204862909,1.0,0.9989125851025177,0.0005440032810120215,1
2421,0.6117472148026828,1.0,0.998912525803356,0.0005440329628702591,1
2422,0.6117462807716043,1.0,0.9989180981121524,0.0005412437830820666,1
2423,0.6117468525729094,1.0,0.998914686813878,0.0005429512824785004,1
2424,0.6117457458830735,1.0,0.9989212892090271,0.0005396465090995149,1
2425,0.6117481113964744,1.0,0.9989071768843911,0.0005467103410929452,1
2426,0.6117458368996165,1.0,0.998920746211438,0.0005399183011529046,1
2427,0.6117496398033277,1.0,0.998898058780099,0.0005512744017578834,1
2428,0.6202237527065251,0.951229424500714,0.9988851965410838,0.0005577126572498587,0
2429,0.6117507248335967,1.0,0.9988915858285782,0.0005545144583565326,1
2430,0.6202223160976575,0.951229424500714,0.9988935713387356,0.0005535206026607587,0
2431,0.6288697475646776,0.9048374180359595,0.9989315103728501,0.0005345304345692732,0
2432,0.6376804335369572,0.8607079764250578,0.9989240121499502,0.0005382835702767571,0
2433,0.6466198592148783,0.8187307530779818,0.998915983241394,0.0005423023648623284,0
2434,0.6556544111417681,0.7788007830714049,0.998945975375516,0.0005272902495382663,0
2435,0.6647752243628828,0.7408182206817179,0.9989187620421877,0.0005409114586323462,0
2436,0.6117458242428044,1.0,0.998920821720964,0.0005398805056003519,1
2437,0.6117399534509076,1.0,0.9989558473168284,0.0005223490951730338,1
2438,0.6202203502744474,0.951229424500714,0.998905031385338,0.000547784265380866,0
2439,0.6288724634596641,0.9048374180359595,0.9989159830848473,0.0005423024432205911,0
2440,0.6376849107116059,0.8607079764250578,0.9988988250791407,0.0005508908297101028,0
2441,0.611744368010682,1.0,0.9989295095421622,0.0005355319209930166,1
2442,0.6202168338311768,0.951229424500714,0.9989255314600194,0.000537523097560474,0
2443,0.6288742871025836,0.9048374180359595,0.9989055571551818,0.0005475210923619211,0
2444,0.6117426699948202,1.0,0.9989396399782241,0.0005304613005950442,1
2445,0.6117492128063986,1.0,0.9989006061275789,0.000549999324581793,1
2446,0.6202172824661778,0.951229424500714,0.998922915985329,0.0005388322432535396,0
2447,0.6288695838196815,0.9048374180359595,0.9989324465445845,0.000534061848241814,0
2448,0.637683872992588,0.8607079764250578,0.9989046628625581,0.0005479687287864412,0
2449,0.6466172031344273,0.8187307530779818,0.9989307341916454,0.0005349189404369449,0
2450,0.6556585579751997,0.7788007830714049,0.9989231702884455,0.0005387049546109213,0
2451,0.6647766803567079,0.7408182206817179,0.9989108102908943,0.000544891653641668,0
2452,0.6117501820550393,1.0,0.9988948238679812,0.00055289364474639,1
2453,0.6117493097231489,1.0,0.9989000279477671,0.0005502887327449577,1
2454,0.6202170274130877,0.951229424500714,0.9989244029053488,0.0005380879821652391,0
2455,0.6288696709801649,0.9048374180359595,0.9989319482258143,0.0005343112739643337,0
2456,0.6376811564293263,0.8607079764250578,0.9989199453464507,0.0005403191664424244,0
2457,0.6466206974847928,0.8187307530779818,0.9989113278363017,0.0005446325988452286,0
2458,0.6117438736824169,1.0,0.9989324587100852,0.0005340557589909013,1
2459,0.620217029135229,0.951229424500714,0.9989243928655214,0.0005380930074841751,0
2460,0.6288736572579644,0.9048374180359595,0.9989091580165212,0.0005457186923134599,0
2461,0.637684965962096,0.8607079764250578,0.9988985142636799,0.0005510464087844564,0
2462,0.6117462117581898,1.0,0.9989185098391195,0.0005410376966757181,1
2463,0.611749773272025,1.0,0.9988972625441696,0.0005516729590679604,1
2464,0.6202203591658616,0.951229424500714,0.9989049795511498,0.0005478102108851466,0
2465,0.6288751344126704,0.9048374180359595,0.998900713057836,0.0005499458006121992,0
2466,0.61174956800485,1.0,0.9988984871095976,0.000551060000797223,1
2467,0.6202202059890477,0.951229424500714,0.998905872525023,0.0005473632347000323,0
2468,0.6288712065310593,0.9048374180359595,0.9989231691439795,0.0005387055274607539,0
2469,0.6117484670396586,1.0,0.9989050551923475,0.0005477723488280195,1
2470,0.6202183208502475,0.951229424500714,0.9989168623995627,0.0005418623089434209,0
2471,0.6288747783266472,0.9048374180359595,0.9989027488085014,0.0005489268061493988,0
2472,0.6376813777332093,0.8607079764250578,0.9989187003529244,0.0005409423366513976,0
2473,0.6466230563620936,0.8187307530779818,0.9988982277482756,0.0005511898244774801,0
2474,0.6556624449844977,0.7788007830714049,0.9989017946292965,0.000549404420042119,0
2475,0.6117468012875521,1.0,0.9989149927754802,0.0005427981354883539,1
2476,0.6202199579419755,0.951229424500714,0.9989073185658359,0.0005466394228745173,0
2477,0.6288755333314411,0.9048374180359595,0.9988984324382082,0.000551087366636479,0
2478,0.6376798357426212,0.8607079764250578,0.9989273752007469,0.0005366002364622195,0
2479,0.6117475111446852,1.0,0.9989107578749715,0.0005449178901803235,1
2480,0.6117476188398114,1.0,0.9989101153844536,0.0005452394858381521,1
2481,0.6202159879020168,0.951229424500714,0.9989304631265529,0.0005350546180770152,0
2482,0.6117469730486962,1.0,0.9989139680719537,0.0005433110440238826,1
2483,0.6202185730716915,0.951229424500714,0.9989153920034041,0.0005425983047485344,0
2484,0.6288731115289252,0.9048374180359595,0.998912277998024,0.0005441570004392798,0
2485,0.6117500592035677,1.0,0.9988955567618755,0.0005525267924973349,1
2486,0.6202184499379578,0.951229424500714,0.9989161098459035,0.0005422389939163948,0
2487,0.6117496340550461,1.0,0.9988980930727186,0.0005512572365332669,1
2488,0.6117488316156856,1.0,0.9989028802158609,0.0005488610303013718,1
2489,0.6202241809441114,0.951229424500714,0.9988827001237239,0.000558962260551621,0
2490,0.6288731294778721,0.9048374180359595,0.9989121753820867,0.000544208364280174,0
2491,0.6376763597875807,0.8607079764250578,0.9989469303982591,0.0005268122345553758,0
2492,0.6466153672120438,0.8187307530779818,0.9989409304244411,0.0005298153930086981,0
2493,0.6117438326404229,1.0,0.9989327035676643,0.0005339331993789044,1
2494,0.6117412763165375,1.0,0.9989479548381541,0.000526299474898901,1
2495,0.6202185882085601,0.951229424500714,0.9989153037588505,0.0005426424749346119,0
2496,0.6288723504687445,0.9048374180359595,0.9989166290688939,0.0005419791007930592,0
2497,0.6376801260788285,0.8607079764250578,0.9989257418354822,0.0005374177966976254,0
2498,0.6466246224482048,0.8187307530779818,0.9988895305636815,0.0005555432321695778,0
2499,0.6556632765658243,0.7788007830714049,0.9988972216200203,0.000551693443732251,0
2500,0.6647764637442551,0.7408182206817179,0.9989119932917035,0.0005442995086290606,0
2501,0.6739494215389055,0.7046880897187134,0.9988755192346751,0.0005625567340866234,0
2502,0.6117472857003515,1.0,0.9989121028389218,0.0005442446753639802,1
2503,0.6202207537127442,0.951229424500714,0.9989026794690001,0.0005489615139844591,0
2504,0.6288705093907119,0.9048374180359595,0.9989271548355471,0.000536710537385836,0
2505,0.6376857829601121,0.8607079764250578,0.998893918199283,0.0005533469803164218,0
2506,0.6466182141283328,0.8187307530779818,0.9989251194503966,0.0005377293239981429,0
2507,0.6117485851025762,1.0,0.9989043508554358,0.0005481249034358537,1
2508,0.6202170203962634,0.951229424500714,0.9989244438123928,0.0005380675066202445,0
2509,0.6117496428345913,1.0,0.9988980406964404,0.0005512834535617977,1
2510,0.6202143591274859,0.951229424500714,0.9989399587863597,0.0005303017273476283,0
2511,0.6117483391275913,1.0,0.9989058182879196,0.0005473903829561591,1
2512,0.6117506796620539,1.0,0.998891855306633,0.0005543795698349346,1
2513,0.6117453479761794,1.0,0.9989236630956833,0.0005384582854320749,1
2514,0.6202227132140705,0.951229424500714,0.9988912563147538,0.0005546793981174629,0
2515,0.6117473999916259,1.0,0.9989114209955695,0.0005445859684482606,1
2516,0.6202202216618184,0.951229424500714,0.9989057811575215,0.0005474089684914898,0
2517,0.6288749270423983,0.9048374180359595,0.9989018985969983,0.0005493523790422687,0
2518,0.6117449089726932,1.0,0.9989262821717434,0.0005371473380977972,1
2519,0.6202177257406787,0.951229424500714,0.9989203317711355,0.0005401257452319584,0
2520,0.6117464857529646,1.0,0.9989168752158379,0.0005418558938573621,1
2521,0.6117473369193325,1.0,0.9989117972746364,0.0005443976239223518,1
2522,0.6117457284006088,1.0,0.998921393508097,0.0005395943032522324,1
2523,0.6202196256598114,0.951229424500714,0.9989092556769096,0.0005456698087975437,0
2524,0.6288729413287907,0.9048374180359595,0.9989132510500488,0.0005436699448827865,0
2525,0.637683228477424,0.8607079764250578,0.9989082886638176,0.0005461538435356558,0
2526,0.6466137649569393,0.8187307530779818,0.9989498290346142,0.0005253613906409914,0
2527,0.6556562001173439,0.7788007830714049,0.9989361370124742,0.0005322146457180192,0
2528,0.6647732716842573,0.7408182206817179,0.9989294264935923,0.0005355734897786478,0
2529,0.6739438393139404,0.7046880897187134,0.9989058793295236,0.0005473598287231971,0
2530,0.6117424691829338,1.0,0.998940838040801,0.000529861633803093,1
2531,0.6117493312567449,1.0,0.9988998994840714,0.0005503530353279757,1
2532,0.6117484047926984,1.0,0.9989054265440636,0.000547586469476878,1
2533,0.6117445912029069,1.0,0.9989281779791436,0.0005361984164230401,1
2534,0.6202232465726354,0.951229424500714,0.9988881470675652,0.0005562357497263438,0
2535,0.6117427356974876,1.0,0.9989392479904062,0.0005306575025872009,1
2536,0.6117435962999235,1.0,0.9989341135828373,0.0005332274390344403,1
2537,0.6117440884406293,1.0,0.9989311774586004,0.0005346970697698409,1
2538,0.6202149629926738,0.951229424500714,0.9989364382727908,0.0005320638551619443,0
2539,0.6288683699323148,0.9048374180359595,0.9989393866840869,0.0005305880821137609,0
2540,0.6376811321751941,0.8607079764250578,0.9989200817935122,0.0005402508691515125,0
2541,0.6117481984658097,1.0,0.9989066574465214,0.0005469703442328113,1
2542,0.6117448234252099,1.0,0.9989267925455753,0.0005368918769538604,1
2543,0.6117489197570731,1.0,0.9989023543857387,0.0005491242341978431,1
2544,0.6117477832522392,1.0,0.9989091345295086,0.0005457304486442837,1
2545,0.6117432952390026,1.0,0.9989359097264876,0.0005323284097535973,1
2546,0.6117520314391458,1.0,0.9988837911115857,0.0005584161567569784,1
2547,0.611745692667924,1.0,0.9989216066866589,0.0005394875988907063,1
2548,0.6117425415693508,1.0,0.99894040617639,0.000530077795005016,1
2549,0.6117429756574466,1.0,0.9989378163704151,0.000531374073199383,1
2550,0.6117450673819218,1.0,0.9989253371078605,0.0005376203781743259,1
2551,0.6117498309532984,1.0,0.9988969184345468,0.0005518452038497909,1
2552,0.6202177507785378,0.951229424500714,0.9989201858050024,0.0005401988071864679,0
2553,0.6117467798206947,1.0,0.99891512084393,0.0005427340317145116,1
2554,0.6117459647344394,1.0,0.998919983559612,0.0005403000392036769,1
2555,0.620217803743615,0.951229424500714,0.9989198770284027,0.0005403533624011165,0
2556,0.6288733176133914,0.9048374180359595,0.9989110997932311,0.0005447467446609229,0
2557,0.6376823446855454,0.8607079764250578,0.9989132605739768,0.0005436651777381391,0
2558,0.6117470737460062,1.0,0.9989133673262873,0.0005436117435166157,1
2559,0.6117469996625563,1.0,0.9989138092974394,0.000543390517598167,1
2560,0.6202154545185362,0.951229424500714,0.9989335727067359,0.0005334981657222805,0
2561,0.6288764655385667,0.9048374180359595,0.9988931030352195,0.0005537550138329106,0
2562,0.6376793834494338,0.8607079764250578,0.9989299197058937,0.0005353266193959521,0
2563,0.611749977759658,1.0,0.9988960426315021,0.0005522835891387791,1
2564,0.6117444776254335,1.0,0.9989288555811044,0.0005358592520336483,1
2565,0.6117515298135433,1.0,0.9988867836103758,0.0005569182376124748,1
2566,0.6202152258411867,0.951229424500714,0.9989349058803974,0.0005328308677115708,0
2567,0.6288763644491655,0.9048374180359595,0.9988936809587351,0.0005534657319535057,0
2568,0.637682104697503,0.8607079764250578,0.9989146106699491,0.0005429893958092611,0
2569,0.6466184659902139,0.8187307530779818,0.9989237206949784,0.0005384294547538564,0
2570,0.6556564024599099,0.7788007830714049,0.9989350242488816,0.0005327716203689686,0
2571,0.6117464642342703,1.0,0.9989170035939032,0.0005417916352287357,1
2572,0.620214031791666,0.951229424500714,0.9989418671504813,0.0005293465336535685,0
2573,0.6117491902564213,1.0,0.9989007406548776,0.0005499319869063894,1
2574,0.6202209469716424,0.951229424500714,0.9989015528341816,0.0005495254505305951,0
2575,0.6288705108637471,0.9048374180359595,0.9989271464138858,0.00053671475273888,0
2576,0.6376789408572643,0.8607079764250578,0.9989324096432718,0.0005340803186166248,0
2577,0.6466225197657856,0.8187307530779818,0.9989012077316707,0.0005496981915627106,0
2578,0.6556539686116803,0.7788007830714049,0.9989484090604293,0.000526072124630269,0
2579,0.6647753189612613,0.7408182206817179,0.998918245401339,0.0005411700587316664,0
2580,0.6739384845107955,0.7046880897187134,0.9989350034589671,0.0005327820264084655,0
2581,0.683131383652823,0.6703200460356393,0.998930054045097,0.0005352593778449536,0
2582,0.6923289794410734,0.6376281516217733,0.9989111005945728,0.0005447463435532791,0
2583,0.7014982951791522,0.6065306597126334,0.9989351328655613,0.0005327172541332782,0
2584,0.6117511791926052,1.0,0.9988888752833858,0.0005558712366638753,1
2585,0.6202169237433623,0.951229424500714,0.9989250072846961,0.0005377854671987887,0
2586,0.6288754911146894,0.9048374180359595,0.9988986737911509,0.00055096655709982,0
2587,0.637674958071376,0.8607079764250578,0.9989548163813875,0.0005228651019493069,0
2588,0.646615924539341,0.8187307530779818,0.9989378351608856,0.000531364667974131,0
2589,0.6117423993204939,1.0,0.9989412548471851,0.0005296530096878135,1
2590,0.611749096037041,1.0,0.9989013027434845,0.0005496506334014845,1
2591,0.620214056758917,0.951229424500714,0.9989417215915074,0.0005294193902377573,0
2592,0.6288746695036778,0.9048374180359595,0.9989033709526393,0.0005486153924783596,0
2593,0.611746915479097,1.0,0.9989143115241437,0.000543139131255665,1
2594,0.6202171455500081,0.951229424500714,0.9989237141850044,0.0005384327132479145,0
2595,0.6288678615540539,0.9048374180359595,0.9989422932466917,0.000529133259921859,0
2596,0.6376807485911549,0.8607079764250578,0.9989222397347668,0.0005391707332312244,0
2597,0.6466182670104782,0.8187307530779818,0.9989248257607072,0.0005378763268749563,0
2598,0.6117484273564326,1.0,0.9989052919337487,0.000547653848390033,1
2599,0.6202217448913738,0.951229424500714,0.9988969012478692,0.0005518538066782546,0
2600,0.6288686792800998,0.9048374180359595,0.9989376180485636,0.0005314733395741021,0
2601,0.6376827085026361,0.8607079764250578,0.9989112138598706,0.0005446896491731541,0
2602,0.6466186253202997,0.8187307530779818,0.9989228358309918,0.000538872363636717,0
2603,0.6556618064243693,0.7788007830714049,0.9989053061982638,0.0005476467083162261,0
2604,0.6117405123371049,1.0,0.9989525128795481,0.0005240180592490482,1
2605,0.6202200865680867,0.951229424500714,0.9989065687134101,0.0005470147593513278,0
2606,0.6288658007399892,0.9048374180359595,0.9989540757033128,0.0005232358286013808,0
2607,0.6376816623436209,0.8607079764250578,0.9989170992175801,0.0005417437715564416,0
2608,0.61174311441725,1.0,0.9989369885199162,0.0005317884387526726,1
2609,0.6202166129655976,0.951229424500714,0.9989268190767665,0.0005368785971063876,0
2610,0.6288784886173252,0.9048374180359595,0.9988815372811423,0.0005595443325298099,0
2611,0.6117447928580644,1.0,0.998926974908383,0.0005368005975965865,1
2612,0.6202200185254794,0.951229424500714,0.9989069653817136,0.0005468162081368376,0
2613,0.6288776824573671,0.9048374180359595,0.9988861460012739,0.0005572373975592503,0
2614,0.6376835801117007,0.8607079764250578,0.9989063104987863,0.0005471440080044777,0
2615,0.6466208161177096,0.8187307530779818,0.9989106690002002,0.0005449623760238624,0
2616,0.6117461354445116,1.0,0.9989189651190075,0.000540809810326705,1
2617,0.6117487978631183,1.0,0.9989030815755946,0.000548760239865494,1
2618,0.6117444832433605,1.0,0.998928822064597,0.0005358760282574453,1
2619,0.6117469338143654,1.0,0.9989142021384735,0.0005431938835376664,1
2620,0.6117442003698134,1.0,0.9989305096879854,0.0005350313124350927,1
2621,0.6117442689688967,1.0,0.9989301004255092,0.0005352361628005245,1
2622,0.611745146207989,1.0,0.9989248668348167,0.000537855767715944,1
2623,0.6117437509799268,1.0,0.9989331907565254,0.0005336893447425333,1
2624,0.6117491485443604,1.0,0.9989009894982537,0.0005498074283116623,1
2625,0.6117520609919957,1.0,0.9988836148114584,0.000558504405332228,1
2626,0.6117481835915913,1.0,0.9989067461830415,0.0005469259274119201,1
2627,0.6117511328379925,1.0,0.9988891518181106,0.000555732815517452,1
2628,0.6117442830673347,1.0,0.9989300163141878,0.0005352782635065652,1
2629,0.6117469061853772,1.0,0.9989143669691951,0.000543111378599969,1
2630,0.6117468865313146,1.0,0.9989144842226384,0.0005430526881655224,1
2631,0.6117426599391932,1.0,0.9989396999709881,0.0005304312723732539,1
2632,0.6202157464964332,0.951229424500714,0.9989318704987993,0.0005343501790260047,0
2633,0.611742211136166,1.0,0.998942377575219,0.0005290910510153463,1
2634,0.6202154970807936,0.951229424500714,0.9989333245719001,0.000533622365605741,0
2635,0.6288715514114551,0.9048374180359595,0.9989211974013696,0.0005396924625007615,0
2636,0.6117468465176178,1.0,0.9989147229389329,0.0005429332003265574,1
2637,0.6202204512825514,0.951229424500714,0.9989044425396317,0.0005480790110580235,0
2638,0.6117542214324312,1.0,0.9988707266401904,0.0005649557347077711,1
2639,0.6117508627274744,1.0,0.9988907632012961,0.000554926228578886,1
2640,0.6202217716393406,0.951229424500714,0.9988967453173356,0.0005519318580495023,0
2641,0.6288782427067627,0.9048374180359595,0.9988829431193823,0.0005588406268358859,0
2642,0.611748742103293,1.0,0.9989034142254919,0.0005485937322993258,1
2643,0.6117501719417655,1.0,0.9988948842006155,0.0005528634450541954,1
2644,0.6117467306935129,1.0,0.9989154139303327,0.000542587329380398,1
2645,0.620218403466022,0.951229424500714,0.9989163807672271,0.0005421033862891786,0
2646,0.611750450782587,1.0,0.9988932207253305,0.0005536961035733322,1
2647,0.6202146551203735,0.951229424500714,0.9989382331556516,0.0005311654590381175,0
2648,0.6288758447076022,0.9048374180359595,0.9988966523048073,0.0005519784156807769,0
2649,0.6117483859619112,1.0,0.9989055388844527,0.0005475302377357091,1
2650,0.6202213110088743,0.951229424500714,0.9988994306236458,0.0005505877237766696,0
2651,0.6117511395765087,1.0,0.9988891116185717,0.0005557529376399038,1
2652,0.6117471676738475,1.0,0.9989128069667855,0.0005438922281298511,1
2653,0.6202211050862357,0.951229424500714,0.9989006310802679,0.0005499868345059228,0
2654,0.611752000468356,1.0,0.998883975870608,0.0005583236740242864,1
2655,0.6202229169217319,0.951229424500714,0.9988900687865434,0.0005552738216389755,0
2656,0.628880298399938,0.9048374180359595,0.9988711910752447,0.0005647232547011183,0
2657,0.6117493110275959,1.0,0.9989000201657829,0.0005502926280217158,1
2658,0.6117488055723255,1.0,0.9989030355843053,0.0005487832607626981,1
2659,0.6202211159109741,0.951229424500714,0.9989005679757962,0.0005500184214685605,0
2660,0.6288713403052414,0.9048374180359595,0.9989224043325434,0.0005390883455555044,0
2661,0.6376825061554801,0.8607079764250578,0.9989123521970906,0.0005441198605094172,0
2662,0.6466197805861514,0.8187307530779818,0.9989164199142526,0.0005420837915435694,0
2663,0.6556585256380421,0.7788007830714049,0.9989233481209917,0.000538615942494796,0
2664,0.6117442849449712,1.0,0.998930005112204,0.0005352838704978556,1
2665,0.6117454417408299,1.0,0.9989231037011138,0.0005387382841680944,1
2666,0.6202215327529546,0.951229424500714,0.9988981379358776,0.0005512347802095051,0
2667,0.6288722757172417,0.9048374180359595,0.998917056433443,0.0005417651868160317,0
2668,0.6117493193522849,1.0,0.998899970502904,0.0005503174868059734,1
2669,0.6117501711170742,1.0,0.9988948891204665,0.000552860982407151,1
2670,0.6117473726289904,1.0,0.9989115842365864,0.000544504258999288,1
2671,0.6202205651434693,0.951229424500714,0.9989037787666267,0.0005484112616704379,0
2672,0.6288735757776314,0.9048374180359595,0.998909623846,0.0005454855232778428,0
2673,0.6376790505320025,0.8607079764250578,0.998931792633801,0.0005343891531560142,0
2674,0.646620011783673,0.8187307530779818,0.9989151359353028,0.0005427264778331144,0
2675,0.6117459799930521,1.0,0.9989198925280675,0.0005403456041889404,1
2676,0.6202185695993265,0.951229424500714,0.9989154122465156,0.0005425881722030631,0
2677,0.6117477014833161,1.0,0.9989096223480026,0.0005454862730940905,1
2678,0.611753931685566,1.0,0.9988724551192106,0.0005640905188802303,1
2679,0.6202219965615355,0.951229424500714,0.9988954341073494,0.0005525881875715094,0
2680,0.611748185486817,1.0,0.9989067348765157,0.0005469315868620436,1
2681,0.6117473066199567,1.0,0.9989119780358715,0.0005443071448534078,1
2682,0.6202197441016221,0.951229424500714,0.9989085651940252,0.0005460154273405311,0
2683,0.6288726063414435,0.9048374180359595,0.9989151662116095,0.0005427113232393224,0
2684,0.6376803143041165,0.8607079764250578,0.9989246829247946,0.0005379478217057765,0
2685,0.646620599142124,0.8187307530779818,0.9989118739895133,0.0005443592246992691,0
2686,0.6556610174362868,0.7788007830714049,0.9989096450203214,0.0005454749245606749,0
2687,0.6647727430175306,0.7408182206817179,0.9989323138007982,0.0005341282910706353,0
2688,0.6117522618423634,1.0,0.9988824166221489,0.0005591041699145625,1
2689,0.6117455219833956,1.0,0.998922624978906,0.0005389779033743878,1
2690,0.6202170515784935,0.951229424500714,0.9989242620246402,0.0005381584983714805,0
2691,0.6288741935810274,0.9048374180359595,0.9989060918226944,0.000547253465775209,0
2692,0.6117445381055386,1.0,0.9989284947573746,0.0005360398573856216,1
2693,0.6202177947708155,0.951229424500714,0.9989199293381539,0.0005403271792451936,0
2694,0.6288709068548997,0.9048374180359595,0.9989248824502097,0.0005378479516161651,0
2695,0.6376836783836922,0.8607079764250578,0.9989057576576319,0.0005474207313075414,0
2696,0.6466203819950629,0.8187307530779818,0.9989130799329133,0.0005437555965396943,0
2697,0.6556598080721983,0.7788007830714049,0.9989162956268143,0.0005421460026773297,0
2698,0.6117444794640741,1.0,0.9989288446117892,0.000535864742572482,1
2699,0.6202193325697961,0.951229424500714,0.9989109643132802,0.0005448145584834673,0
2700,0.6288695155225611,0.9048374180359595,0.9989328370169211,0.0005338664034638596,0
2701,0.6117486830350821,1.0,0.9989037666126145,0.0005484173453456515,1
2702,0.6202241015726925,0.951229424500714,0.9988831628199155,0.0005587306537351436,0
2703,0.6288723823917308,0.9048374180359595,0.9989164465608975,0.0005420704537687383,0
2704,0.6376813062808482,0.8607079764250578,0.9989191023236333,0.0005407411337767367,0
2705,0.6466179067419695,0.8187307530779818,0.9989268265732012,0.0005368748448622241,0
2706,0.6117482876300722,1.0,0.9989061255111642,0.0005472366030943524,1
2707,0.6202156422514316,0.951229424500714,0.9989324782383999,0.0005340459843988156,0
2708,0.611746767447253,1.0,0.9989151946622689,0.0005426970824609973,1
2709,0.6202158915724758,0.951229424500714,0.9989310247185376,0.0005347735215204784,0
2710,0.6288703695350853,0.9048374180359595,0.9989279544208869,0.0005363103154997987,0
2711,0.6117440859423638,1.0,0.9989311923632843,0.0005346896094541989,1
2712,0.6117457597832827,1.0,0.9989212062814358,0.0005396880176726704,1
2713,0.6202180166621687,0.951229424500714,0.9989186357540037,0.0005409746710759716,0
2714,0.6288750637242653,0.9048374180359595,0.998901117184365,0.0005497435150186829,0
2715,0.6376764965581655,0.8607079764250578,0.998946160938297,0.000527197370259323,0
2716,0.6117453973167366,1.0,0.9989233687326678,0.0005386056255491016,1
2717,0.6117448931782692,1.0,0.998926376400794,0.0005371001729326463,1
2718,0.6117437878942601,1.0,0.9989329705245105,0.0005337995783604275,1
2719,0.6202160940127829,0.951229424500714,0.9989298445114863,0.0005353642568762028,0
2720,0.6117487353214772,1.0,0.998903454684208,0.0005485734807340696,1
2721,0.6202170331760075,0.951229424500714,0.9989243693083838,0.000538104798735885,0
2722,0.6117446422060228,1.0,0.9989278736953381,0.0005363507215930257,1
2723,0.6117486218213847,1.0,0.9989041317994043,0.0005482345515995152,1
2724,0.6117413544855694,1.0,0.9989474884691328,0.0005265329050430699,1
2725,0.6202175895979731,0.951229424500714,0.9989211254587086,0.0005397284726804675,0
2726,0.628869078351921,0.9048374180359595,0.9989353364396655,0.0005326153585863789,0
2727,0.611743681429822,1.0,0.9989336056947259,0.0005334816541191453,1
2728,0.6202165001972885,0.951229424500714,0.9989274765018193,0.0005365495315412096,0
2729,0.6117459505404377,1.0,0.9989200682397918,0.0005402576533381494,1
2730,0.620220324389185,0.951229424500714,0.9989051822884149,0.0005477087311405403,0
2731,0.6117428859217895,1.0,0.9989383517400443,0.0005311061038238464,1
2732,0.6117471698673164,1.0,0.9989127938808827,0.0005438987782025182,1
2733,0.6202194745042122,0.951229424500714,0.99891013687309,0.000545228729797202,0
2734,0.6288704828037226,0.9048374180359595,0.9989273068391386,0.0005366344539701462,0
2735,0.6117462513202254,1.0,0.9989182738160332,0.0005411558359993392,1
2736,0.6117473583393388,1.0,0.9989116694863307,0.0005444615876848277,1
2737,0.6202189677557097,0.951229424500714,0.9989130910876141,0.0005437500131206611,0
2738,0.6117484975953038,1.0,0.998904872904144,0.00054786359284527,1
2739,0.6202206041306069,0.951229424500714,0.9989035514841362,0.0005485250276413199,0
2740,0.6117494895291756,1.0,0.9988989552736863,0.0005508256606790629,1
2741,0.6202193796983861,0.951229424500714,0.9989106895659291,0.0005449520819458385,0
2742,0.6288685084562394,0.9048374180359595,0.9989385947000864,0.0005309844947114427,0
2743,0.6376864661045099,0.8607079764250578,0.9988900751562422,0.0005552706332506987,0
2744,0.6117442198847244,1.0,0.9989303932619026,0.0005350895878047826,1
2745,0.6117457230027141,1.0,0.9989214257115343,0.0005395781841477215,1
2746,0.6202154459283218,0.951229424500714,0.9989336227870654,0.0005334730988261127,0
2747,0.6117455643434637,1.0,0.9989223722614857,0.0005391043983831122,1
2748,0.6117463333781283,1.0,0.9989177842671858,0.0005414008755486618,1
2749,0.620220569162108,0.951229424500714,0.9989037553392507,0.0005484229882134702,0
2750,0.6288755706232767,0.9048374180359595,0.9988982192410499,0.0005511940827820477,0
2751,0.611748165446982,1.0,0.9989068544300561,0.0005468717446720391,1
2752,0.611751865623187,1.0,0.9988847803021457,0.0005579210090335701,1
2753,0.6202179948349741,0.951229424500714,0.9989187630022676,0.0005409109780727828,0
2754,0.6288699182670177,0.9048374180359595,0.9989305344254797,0.0005350189304456411,0
2755,0.6117473713430962,1.0,0.9989115919080217,0.000544500419102288,1
2756,0.6202173708506602,0.951229424500714,0.9989224007182189,0.0005390901546672832,0
2757,0.6288764598849401,0.9048374180359595,0.9988931353567337,0.0005537388351679705,0
2758,0.6376825287386926,0.8607079764250578,0.9989122251514299,0.0005441834525095621,0
2759,0.6117450882075108,1.0,0.9989252128632288,0.0005376825673264346,1
2760,0.6202183790022667,0.951229424500714,0.9989165233856653,0.000542031999719317,0
2761,0.6288678395391631,0.9048374180359595,0.9989424191131866,0.0005290702600429531,0
2762,0.6117451713956159,1.0,0.9989247165665505,0.0005379309827208543,1
2763,0.6117433332268772,1.0,0.9989356830887692,0.0005324418493355817,1
2764,0.6202196512040618,0.951229424500714,0.9989091067609621,0.0005457443480800755,0
2765,0.6117398063579396,1.0,0.9989567249084164,0.0005219098409232685,1
2766,0.6117480017400077,1.0,0.9989078310730493,0.0005463828890238258,1
2767,0.620220281055132,0.951229424500714,0.9989054349126186,0.0005475822806143373,0
2768,0.6288723015849,0.9048374180359595,0.9989169085444799,0.0005418392114675578,0
2769,0.611747852213012,1.0,0.9989087231223829,0.0005459363768895077,1
2770,0.6202181821642392,0.951229424500714,0.9989176709101408,0.0005414576154792337,0
2771,0.6288707975438912,0.9048374180359595,0.9989255074032566,0.0005375351388800332,0
2772,0.6376808595301541,0.8607079764250578,0.9989216156209982,0.0005394831268984453,0
2773,0.6466200402166042,0.8187307530779818,0.9989149780302667,0.000542805516103168,0
2774,0.6117431012632173,1.0,0.998937066997733,0.0005317491580900282,1
2775,0.6117467801799213,1.0,0.9989151187008308,0.0005427351044278522,1
2776,0.6117449031457297,1.0,0.9989263169352276,0.0005371299376728215,1
2777,0.6117450659328599,1.0,0.9989253457529065,0.0005376160510010947,1
2778,0.6117477848698339,1.0,0.9989091248792372,0.0005457352790492942,1
2779,0.611745090760425,1.0,0.9989251976326461,0.0005376901908114488,1
2780,0.6117467903460513,1.0,0.9989150580510333,0.0005427654622621863,1
2781,0.6117462918674222,1.0,0.9989180319156623,0.0005412769171760747,1
2782,0.611748277221843,1.0,0.9989061876044625,0.0005472055224478401,1
2783,0.6117443440724406,1.0,0.998929652357676,0.0005354604367180189,1
2784,0.6117457846206567,1.0,0.9989210581035765,0.0005397621866208037,1
2785,0.6117479238511532,1.0,0.9989082957428448,0.0005461503001537294,1
2786,0.6117416004918003,1.0,0.9989460207585069,0.0005272675341006558,1
2787,0.6117461804718177,1.0,0.998918696490496,0.0005409442699560362,1
2788,0.6117489951071431,1.0,0.9989019048658403,0.0005493492411755332,1
2789,0.6117478769628026,1.0,0.9989085754698035,0.0005460102838375977,1
2790,0.6117487044985142,1.0,0.9989036385667803,0.0005484814385279186,1
2791,0.6117471078119936,1.0,0.9989131640936295,0.0005437134703956258,1
2792,0.6117487906773911,1.0,0.9989031244439301,0.0005487387821608,1
2793,0.6117447842071602,1.0,0.9989270265194651,0.0005367747643365094,1
2794,0.6117492930010789,1.0,0.9989001277071972,0.0005502387981056838,1
2795,0.6117434207948613,1.0,0.9989351606537256,0.0005327033452402289,1
2796,0.6117473780862046,1.0,0.9989115516797339,0.0005445205551628544,1
2797,0.6117486402755912,1.0,0.9989040217058467,0.0005482896587715635,1
2798,0.6202182498104589,0.951229424500714,0.9989172765466356,0.0005416550109175393,0
2799,0.6288728814208043,0.9048374180359595,0.9989135935505975,0.0005434985083293344,0
2800,0.6376825534538069,0.8607079764250578,0.9989120861124213,0.0005442530477225556,0
2801,0.6466212967306927,0.8187307530779818,0.9989079998882389,0.0005462983891479956,0
2802,0.611749830374479,1.0,0.9988969218876125,0.0005518434754103129,1
2803,0.6117444909511444,1.0,0.998928776080024,0.0005358990451997383,1
2804,0.6202197796420733,0.951229424500714,0.998908358003191,0.0005461191359595185,0
2805,0.6288779097336551,0.9048374180359595,0.9988848466869804,0.0005578877795591058,0
2806,0.6376819801926804,0.8607079764250578,0.9989153110951884,0.0005426388027825043,0
2807,0.6466179796448086,0.8187307530779818,0.9989264216944771,0.0005370775017512705,0
2808,0.6556636735587501,0.7788007830714049,0.9988950384960016,0.0005527862120156641,0
2809,0.611745549038362,1.0,0.9989224635707193,0.0005390586945166077,1
2810,0.6202202666712271,0.951229424500714,0.9989055187663815,0.0005475403077927055,0
2811,0.6288716641481894,0.9048374180359595,0.9989205528665377,0.0005400150780592489,0
2812,0.6117467645052256,1.0,0.9989152122140209,0.0005426882970545882,1
2813,0.6117430837841357,1.0,0.9989371712790878,0.000531696961934337,1
2814,0.611746091026346,1.0,0.9989192301135522,0.0005406771696827697,1
2815,0.6202195909630854,0.951229424500714,0.9989094579493211,0.0005455685621678504,0
2816,0.6288708309607081,0.9048374180359595,0.9989253163525293,0.000537630767004468,0
2817,0.6376796866944179,0.8607079764250578,0.9989282137132721,0.0005361805301882201,0
2818,0.6466192814818866,0.8187307530779818,0.9989191917474519,0.0005406963734881624,0
2819,0.6117417674577721,1.0,0.9989450246159398,0.0005277661311435194,1
2820,0.6202169022193463,0.951229424500714,0.9989251327666294,0.0005377226587173851,0
2821,0.6288697040471596,0.9048374180359595,0.9989317591734377,0.0005344059012283906,0
2822,0.6376798770698044,0.8607079764250578,0.9989271427032316,0.0005367166100586144,0
2823,0.6466226103184258,0.8187307530779818,0.998900704847527,0.0005499499102844121,0
2824,0.6117419518457152,1.0,0.9989439245331614,0.0005283167537288421,1
2825,0.6117461134208223,1.0,0.9989190965102269,0.0005407440436252026,1
2826,0.6117425742410776,1.0,0.9989402112537785,0.0005301753596991982,1
2827,0.6202166200902326,0.951229424500714,0.9989267775410621,0.0005368993872706368,0
2828,0.6117500267277957,1.0,0.9988957505024244,0.0005524298151262394,1
2829,0.6202148548260733,0.951229424500714,0.9989370688791035,0.0005317482164038055,0
2830,0.6288737957477423,0.9048374180359595,0.9989083662602334,0.0005461150029265579,0
2831,0.637683337694666,0.8607079764250578,0.998907674247268,0.000546461387654372,0
2832,0.6117448642781752,1.0,0.9989265488179065,0.000537013871728788,1
2833,0.6202145871809699,0.951229424500714,0.9989386292402027,0.0005309672063035876,0
2834,0.6117444337030852,1.0,0.998929117621537,0.0005357280913424961,1
2835,0.6202161155174227,0.951229424500714,0.9989297191416703,0.0005354270089426194,0
2836,0.6288698837467146,0.9048374180359595,0.9989307317864603,0.0005349201443167089,0
2837,0.6117445256819746,1.0,0.9989285688762233,0.0005360027582106435,1
2838,0.6117453747035958,1.0,0.9989235036413902,0.0005385380984907319,1
2839,0.6117469190969941,1.0,0.9989142899402694,0.0005431499349223171,1
2840,0.6117481328472042,1.0,0.9989070489136811,0.0005467743964532345,1
2841,0.620220964821736,0.951229424500714,0.99890144877419,0.0005495775377441484,0
2842,0.6117457762583499,1.0,0.9989211079924505,0.0005397372152417385,1
2843,0.6117461845881451,1.0,0.9989186719328946,0.0005409565620483886,1
2844,0.6202185549313369,0.951229424500714,0.9989154977576223,0.0005425453702289929,0
2845,0.6117451743621913,1.0,0.9989246988680955,0.0005379398414740963,1
2846,0.6117439332698371,1.0,0.9989321032101821,0.0005342336989323093,1
2847,0.6202185641935367,0.951229424500714,0.9989154437610626,0.0005425723978210806,0
2848,0.6117431659779163,1.0,0.9989366809057082,0.0005319424095530666,1
2849,0.6117452788289764,1.0,0.9989240756242617,0.0005382517989364344,1
2850,0.6202164943268826,0.951229424500714,0.9989275107255635,0.0005365324012968316,0
2851,0.6288745626086798,0.9048374180359595,0.9989039820750183,0.000548309495927272,0
2852,0.6117432476152812,1.0,0.9989361938522985,0.0005321861955395985,1
2853,0.6202181458247432,0.951229424500714,0.9989178827619969,0.000541351574791515,0
2854,0.6288691719928471,0.9048374180359595,0.99893480106846,0.0005328833295597937,0
2855,0.6117459286041482,1.0,0.9989201991098091,0.0005401921475920618,1
2856,0.6117483075210304,1.0,0.9989060068459217,0.0005472960006926549,1
2857,0.6202184173612678,0.951229424500714,0.9989162997609418,0.0005421439333710664,0
2858,0.6117460567812918,1.0,0.9989194344163556,0.000540574907769934,1
2859,0.6202211537715406,0.951229424500714,0.998900347261863,0.0005501288999108306,0
2860,0.628876347601974,0.9048374180359595,0.9988937772734083,0.0005534175212828299,0
2861,0.6117433045171632,1.0,0.9989358543724716,0.0005323561162446004,1
2862,0.620218114661719,0.951229424500714,0.9989180644361282,0.0005412606393312843,0
2863,0.6288750699034151,0.9048374180359595,0.9989010818580765,0.0005497611975943326,0
2864,0.637677879836357,0.8607079764250578,0.998938378772923,0.0005310925730197126,0
2865,0.611749211987907,1.0,0.9989006110104865,0.0005499968804409111,1
2866,0.6202193612254236,0.951229424500714,0.9989107972584548,0.0005448981769666616,0
2867,0.6117474702236851,1.0,0.9989110020027501,0.0005447956932039214,1
2868,0.6117423087481224,1.0,0.9989417952115036,0.0005293825412444841,1
2869,0.6117466819150666,1.0,0.9989157049363522,0.000542441668409977,1
2870,0.6117460610064465,1.0,0.998919409209473,0.0005405875248449936,1
2871,0.6202203076464117,0.951229424500714,0.9989052798936245,0.0005476598750495246,0
2872,0.6288698199090624,0.9048374180359595,0.9989310967620053,0.0005347374612403201,0
2873,0.6376834945845593,0.8607079764250578,0.998906791642543,0.0005469031727850877,0
2874,0.6117448884840351,1.0,0.9989264044064543,0.0005370861550527547,1
2875,0.6117474797380693,1.0,0.9989109452415318,0.0005448241047539909,1
2876,0.620224629446515,0.951229424500714,0.9988800855818436,0.0005602709954519974,0
2877,0.6288737424677519,0.9048374180359595,0.9989086708657728,0.000545962533739576,0
2878,0.6117453169638076,1.0,0.9989238481138314,0.0005383656766884036,1
2879,0.6117502332876307,1.0,0.9988945182304205,0.0005530466326286759,1
2880,0.6202146925121448,0.951229424500714,0.9989380151629168,0.0005312745712691078,0
2881,0.6117490843977309,1.0,0.9989013721806496,0.0005496158766330334,1
2882,0.6117435567658107,1.0,0.9989343494449424,0.0005331093821606068,1
2883,0.6117494072145546,1.0,0.9988994463402175,0.0005505798568327281,1
2884,0.6202169855119525,0.951229424500714,0.9989246471827807,0.0005379657119507226,0
2885,0.6288730070801002,0.9048374180359595,0.998912875142762,0.0005438581030422747,0
2886,0.6117479986629825,1.0,0.9989078494299785,0.0005463737005239295,1
2887,0.611745600167396,1.0,0.9989221585383029,0.0005392113752671849,1
2888,0.6202194329224074,0.951229424500714,0.9989103792839373,0.0005451073921468284,0
2889,0.6117496875103067,1.0,0.99889777417385,0.0005514168618853466,1
2890,0.6202190154193865,0.951229424500714,0.9989128132200046,0.0005438890981174189,0
2891,0.6117490607864908,1.0,0.9989015130393288,0.0005495453698376411,1
2892,0.6202184448583915,0.951229424500714,0.9989161394586702,0.0005422241714673718,0
2893,0.6117487961875772,1.0,0.9989030915714736,0.0005487552364376597,1
2894,0.6117463031074043,1.0,0.9989179648591104,0.0005413104817689277,1
2895,0.6117488325733934,1.0,0.998902874502407,0.0005488638901659592,1
2896,0.6202166237703303,0.951229424500714,0.9989267560865672,0.0005369101260432297,0
2897,0.6117480259577623,1.0,0.998907686594689,0.0005464552071928247,1
2898,0.6202155637761254,0.951229424500714,0.9989329357431891,0.0005338169875975664,0
2899,0.6117436046162021,1.0,0.9989340639675951,0.0005332522731265018,1
2900,0.6202187170919626,0.951229424500714,0.9989145523979319,0.0005430185634770375,0
2901,0.6288733827073593,0.9048374180359595,0.9989107276451225,0.0005449330215868894,0
2902,0.6376824277019887,0.8607079764250578,0.9989127935505656,0.000543898943540818,0
2903,0.6466191961789662,0.8187307530779818,0.99891966548802,0.0005404592469719901,0
2904,0.6556597330441976,0.7788007830714049,0.998916708226934,0.0005419394788493124,0
2905,0.6117459212648381,1.0,0.9989202428955075,0.0005401702310778389,1
2906,0.6117450783298101,1.0,0.9989252717931936,0.000537653070642227,1
2907,0.6202177129671371,0.951229424500714,0.9989204062385558,0.0005400884712796317,0
2908,0.6288690127419042,0.9048374180359595,0.9989357115506012,0.0005324276032574772,0
2909,0.6376811451994562,0.8607079764250578,0.9989200085226012,0.0005402875442144226,0
2910,0.6466197048475085,0.8187307530779818,0.9989168405369495,0.0005418732521030463,0
2911,0.6556614924302304,0.7788007830714049,0.9989070329196774,0.0005467824022050567,0
2912,0.664775550272947,0.7408182206817179,0.9989169821138553,0.0005418023868968581,0
2913,0.6739442127194879,0.7046880897187134,0.9989038484551589,0.0005483763791666698,0
2914,0.6831376150546071,0.6703200460356393,0.9988962131281164,0.0005521982466244648,0
2915,0.6117494083652691,1.0,0.9988994394753667,0.0005505832930398935,1
2916,0.620217377911194,0.951229424500714,0.9989223595564752,0.0005391107577414249,0
2917,0.6117456106830459,1.0,0.9989220958026517,0.0005392427769398433,1
2918,0.6202184722722502,0.951229424500714,0.9989159796418521,0.0005423041665863527,0
2919,0.6288698040219263,0.9048374180359595,0.9989311875926953,0.0005346919973008961,0
2920,0.6376797096936975,0.8607079764250578,0.9989280843243069,0.0005362452940880837,0
2921,0.6117431883407665,1.0,0.9989365474875692,0.0005320091896355725,1
2922,0.6117462362913342,1.0,0.9989183634768621,0.000541110957040083,1
2923,0.6202178475726381,0.951229424500714,0.9989196215134102,0.0005404812580567478,0
2924,0.6288771901622904,0.9048374180359595,0.9988889604075682,0.0005558286272300559,0
2925,0.6117471153918725,1.0,0.9989131188731976,0.0005437361052124602,1
2926,0.6202223425326184,0.951229424500714,0.9988934172336397,0.000553597740562271,0
2927,0.6117513910747792,1.0,0.998887611273022,0.0005565039452638031,1
2928,0.6202200202520978,0.951229424500714,0.9989069553160356,0.0005468212464829948,0
2929,0.6288766835595566,0.9048374180359595,0.9988918566206637,0.0005543789120907624,0
2930,0.6117475220304267,1.0,0.9989106929324897,0.0005449503968299206,1
2931,0.6202174850836247,0.951229424500714,0.9989217347592374,0.0005394234934747065,0
2932,0.6288739777842228,0.9048374180359595,0.9989073255455245,0.0005466359292127672,0
2933,0.6117517883869781,1.0,0.9988852410624512,0.0005576903717226516,1
2934,0.6117478903455821,1.0,0.9989084956306812,0.0005460502470171045,1
2935,0.6117514355022887,1.0,0.9988873462353026,0.0005566366117177437,1
2936,0.6202236113244565,0.951229424500714,0.9988860207319021,0.0005573001020927866,0
2937,0.6117475304599835,1.0,0.9989106426431926,0.0005449755688991865,1
2938,0.6117519853475284,1.0,0.9988840660752786,0.000558278521299506,1
2939,0.6202204887529258,0.951229424500714,0.9989042240991752,0.0005481883510865085,0
2940,0.6288716408827486,0.9048374180359595,0.9989206858789217,0.000539948500004187,0
2941,0.611746702365135,1.0,0.998915582933825,0.0005425027358924607,1
2942,0.6202178508632639,0.951229424500714,0.9989196023296828,0.0005404908602945621,0
2943,0.6288714298722226,0.9048374180359595,0.9989218922621936,0.0005393446569961508,0
2944,0.6376806787433351,0.8607079764250578,0.9989226326805737,0.0005389740483873409,0
2945,0.6466213528562109,0.8187307530779818,0.9989076881925023,0.0005464544074125683,0
2946,0.6556609003513476,0.7788007830714049,0.9989102888984817,0.0005451526341733666,0
2947,0.6647788445899725,0.7408182206817179,0.9988989906970767,0.0005508079294612978,0
2948,0.6117492257804293,1.0,0.998900528727899,0.0005500380670164736,1
2949,0.61175129032924,1.0,0.9988882122831961,0.0005562031056165095,1
2950,0.6202200927079358,0.951229424500714,0.9989065329199149,0.0005470326756895595,0
2951,0.6117462392178951,1.0,0.9989183460172975,0.0005411196962751786,1
2952,0.6202171798381934,0.951229424500714,0.9989235142902069,0.0005385327683445248,0
2953,0.6288700455473246,0.9048374180359595,0.9989298067334206,0.0005353831661452867,0
2954,0.6117452387530141,1.0,0.9989243147154633,0.0005381321245894141,1
2955,0.6202176104426048,0.951229424500714,0.9989210039381834,0.0005397892985702545,0
2956,0.628871759698899,0.9048374180359595,0.9989200065875352,0.0005402885127935201,0
2957,0.6117444392424001,1.0,0.9989290845740166,0.0005357446328169639,1
2958,0.620221288305622,0.951229424500714,0.9988995629755286,0.0005505214749281875,0
2959,0.6288700403395977,0.9048374180359595,0.9989298365072309,0.0005353682632914233,0
2960,0.611749762708761,1.0,0.9988973255615351,0.0005516414156020495,1
2961,0.6202191821021911,0.951229424500714,0.9989118415007774,0.0005443754867626293,0
2962,0.6117483179996145,1.0,0.9989059443329175,0.000547327291427598,1
2963,0.6202179306586723,0.951229424500714,0.9989191371376557,0.0005407237079303514,0
2964,0.6117507455490758,1.0,0.9988914622471143,0.0005545763176580466,1
2965,0.6202158050437283,0.951229424500714,0.9989315291732189,0.0005345210243302195,0
2966,0.6288725184635442,0.9048374180359595,0.9989156686205879,0.0005424598460022956,0
2967,0.6117464353966602,1.0,0.9989171756358202,0.0005417055210163141,1
2968,0.6202187401671305,0.951229424500714,0.9989144178750378,0.0005430858980167169,0
2969,0.6288720553178428,0.9048374180359595,0.9989183164883456,0.0005411344767386576,0
2970,0.6117438896922416,1.0,0.9989323631950883,0.0005341035675292398,1
2971,0.6202244929156138,0.951229424500714,0.9988808814868225,0.0005598725969488523,0
2972,0.628869323750705,0.9048374180359595,0.9989339334274263,0.0005333176128631526,0
2973,0.6376822874539012,0.8607079764250578,0.9989135825406891,0.0005435040192706668,0
2974,0.6117454398884071,1.0,0.9989231147525582,0.0005387327524888974,1
2975,0.6202214219636519,0.951229424500714,0.9988987837971335,0.0005509114934685374,0
2976,0.6288738739083342,0.9048374180359595,0.9989079194107331,0.00054633867189125,0
2977,0.6117462792075222,1.0,0.9989181074433033,0.0005412391124534903,1
2978,0.6202239700766945,0.951229424500714,0.9988839293773458,0.0005583469466286905,0
2979,0.6117431819860092,1.0,0.9989365854004392,0.0005319902130202218,1
2980,0.6202182533509929,0.951229424500714,0.9989172559060591,0.0005416653423920538,0
2981,0.6288694204475122,0.9048374180359595,0.9989333805859592,0.0005335943286707031,0
2982,0.6376820787080707,0.8607079764250578,0.9989147568783242,0.0005429162121943755,0
2983,0.6466186557984401,0.8187307530779818,0.9989226665660895,0.0005389570873564485,0
2984,0.6117457932618913,1.0,0.9989210065506439,0.0005397879909291347,1
2985,0.6202162481009303,0.951229424500714,0.9989289461940953,0.0005358138969584227,0
2986,0.628870417403638,0.9048374180359595,0.9989276807457578,0.0005364472999366487,0
2987,0.6117487196366524,1.0,0.9989035482561901,0.0005485266433859519,1
2988,0.6117437024228096,1.0,0.9989334804498479,0.0005335443434135946,1
2989,0.6202179703694247,0.951229424500714,0.9989189056316501,0.0005408395861950557,0
2990,0.6117444556938212,1.0,0.9989289864249422,0.0005357937599675949,1
2991,0.611746326758322,1.0,0.9989178237602432,0.0005413811076272188,1
2992,0.62021832633692,0.951229424500714,0.9989168304134229,0.0005418783193550192,0
2993,0.6117449854844943,1.0,0.9989258257048631,0.0005373758169118449,1
2994,0.6117432882405682,1.0,0.9989359514795346,0.0005323075109923613,1
2995,0.6117509148834992,1.0,0.9988904520567168,0.000555081973650971,1
2996,0.6117427738595683,1.0,0.9989390203122248,0.0005307714625741602,1
2997,0.6117471788796405,1.0,0.9989127401147261,0.0005439256905408349,1
2998,0.6117419503284934,1.0,0.9989439335850995,0.0005283122229750403,1
2999,0.6117467742517912,1.0,0.99891515406728,0.0005427174019985641,1
3000,0.6117457048530298,1.0,0.9989215339912088,0.0005395239858565617,1
3001,0.6117503056868654,1.0,0.9988940863195475,0.0005532628271109544,1
3002,0.6117464283389269,1.0,0.998917217741464,0.0005416844453735788,1
3003,0.611749564952847,1.0,0.9988985053169944,0.0005510508870600026,1
3004,0.6117478827075654,1.0,0.9989085411976382,0.0005460274386437026,1
3005,0.620217278267426,0.951229424500714,0.9989229404633762,0.0005388199910334504,0
3006,0.6288753463105308,0.9048374180359595,0.9988995016363498,0.0005505521783057225,0
3007,0.637682467482249,0.8607079764250578,0.9989125697599064,0.0005440109606687327,0
3008,0.6466234407092702,0.8187307530779818,0.998896093285943,0.0005522582339279403,0
3009,0.6117496503444244,1.0,0.998897995894908,0.0005513058790404225,1
3010,0.6202190342821556,0.951229424500714,0.9989127032546917,0.0005439441406183793,0
3011,0.6288721861187565,0.9048374180359595,0.9989175686805447,0.0005415087856628711,0
3012,0.6376856619033151,0.8607079764250578,0.9988945992088054,0.000553006098628274,0
3013,0.6466203738763383,0.8187307530779818,0.9989131250209281,0.0005437330280026248,0
3014,0.6117467326365328,1.0,0.9989154023385256,0.0005425931315769114,1
3015,0.6202187523874376,0.951229424500714,0.9989143466334826,0.0005431215575069302,0
3016,0.6117488959673704,1.0,0.9989024963092896,0.0005490531944509703,1
3017,0.6202142386974985,0.951229424500714,0.9989406608912174,0.0005299503025173122,0
3018,0.6117524593128428,1.0,0.9988812385979389,0.0005596938413739241,1
3019,0.6117461907096491,1.0,0.9989186354126091,0.0005409748419581114,1
3020,0.6117452590944831,1.0,0.9989241933592586,0.0005381928680362547,1
3021,0.6202181996784255,0.951229424500714,0.9989175688060266,0.0005415087228539287,0
3022,0.6288733844563184,0.9048374180359595,0.9989107176461675,0.0005449380265161324,0
3023,0.6376789695074714,0.8607079764250578,0.9989322484625424,0.0005341609951172911,0
3024,0.646620887306146,0.8187307530779818,0.9989102736505546,0.0005451602664539256,0
3025,0.6556600981549883,0.7788007830714049,0.9989147003816753,0.0005429444912092325,0
3026,0.6647752905462364,0.7408182206817179,0.9989184005875045,0.0005410923816274143,0
3027,0.6739381748301151,0.7046880897187134,0.9989366878023196,0.0005319389575768297,0
3028,0.6831339695003678,0.6703200460356393,0.99891601092509,0.0005422885079934088,0
3029,0.6117426815041074,1.0,0.9989395713128006,0.0005304956697516457,1
3030,0.6117472667038089,1.0,0.9989122161693065,0.0005441879484618089,1
3031,0.620217787483512,0.951229424500714,0.9989199718217803,0.0005403059144649683,0
3032,0.6288681938408276,0.9048374180359595,0.9989403934546571,0.0005300841626185988,0
3033,0.6376795271072598,0.8607079764250578,0.9989291115166532,0.0005357311470567639,0
3034,0.6117461272931751,1.0,0.9989190137490964,0.0005407854689689798,1
3035,0.6117441352790516,1.0,0.9989308980200301,0.0005348369385694796,1
3036,0.6202151778060228,0.951229424500714,0.9989351859225151,0.0005326906973777076,0
3037,0.6117448414002877,1.0,0.9989266853067434,0.0005369455539792034,1
3038,0.6117500924095222,1.0,0.9988953586653386,0.0005526259502897365,1
3039,0.6117465688247877,1.0,0.9989163796190916,0.0005421039609796503,1
3040,0.6202187950815538,0.951229424500714,0.9989140977367483,0.0005432461411441936,0
3041,0.6288725816123533,0.9048374180359595,0.9989153075908873,0.0005426405568356326,0
3042,0.6117422295376396,1.0,0.9989422677899558,0.0005291460017671145,1
3043,0.6202165949261592,0.951229424500714,0.9989269242443811,0.0005368259568092398,0
3044,0.6288711389589297,0.9048374180359595,0.9989235554664909,0.0005385121580162305,0
3045,0.6376807265250118,0.8607079764250578,0.9989223638731706,0.0005391085970652997,0
3046,0.6117428296841962,1.0,0.998938687257943,0.0005309381666124359,1
3047,0.6117489506493334,1.0,0.9989021700901103,0.0005492164832773858,1
3048,0.6202145631039805,0.951229424500714,0.9989387696083352,0.0005308969476718606,0
3049,0.6117486986386148,1.0,0.9989036735255723,0.0005484639399475035,1
3050,0.6202212496353132,0.951229424500714,0.9988997884097253,0.0005504086336679197,0
3051,0.6117458793936544,1.0,0.9989204926954767,0.0005400451961014745,1
3052,0.6202200003360804,0.951229424500714,0.9989070714205753,0.0005467631306933326,0
3053,0.6288717237004189,0.9048374180359595,0.9989202123966741,0.0005401854969782846,0
3054,0.6117414005957341,1.0,0.9989472133686242,0.0005266706002420748,1
3055,0.6202221637428855,0.951229424500714,0.9988944595058961,0.0005530760273871447,0
3056,0.6288715948444747,0.9048374180359595,0.9989209490874397,0.0005398167535667102,0
3057,0.6376788193461146,0.8607079764250578,0.9989330932427438,0.0005337381537055983,0
3058,0.6117450113074085,1.0,0.9989256716462797,0.0005374529290413698,1
3059,0.6202209840867463,0.951229424500714,0.9989013364657315,0.000549633753732663,0
3060,0.6117486710426946,1.0,0.9989038381564147,0.0005483815341894381,1
3061,0.620219255177881,0.951229424500714,0.9989114154881339,0.0005445887251670187,0
3062,0.62887279096122,0.9048374180359595,0.998914110718295,0.0005432396433149155,0
3063,0.6117489369463438,1.0,0.9989022518387705,0.0005491755640265582,1
3064,0.6117475532073144,1.0,0.9989105069365184,0.0005450434962380547,1
3065,0.6202165793099025,0.951229424500714,0.99892701528517,0.0005367803875175924,0
3066,0.6288695460648188,0.9048374180359595,0.9989326623988932,0.0005339538057579649,0
3067,0.6376808891448079,0.8607079764250578,0.9989214490167931,0.0005395665189366557,0
3068,0.611747615620869,1.0,0.9989101345880993,0.0005452298735391282,1
3069,0.6202133469880461,0.951229424500714,0.9989458595646341,0.0005273482160807003,0
3070,0.6288705759412627,0.9048374180359595,0.9989267743517328,0.0005369009836485345,0
3071,0.6376810218980058,0.8607079764250578,0.9989207021828755,0.0005399403392192431,0
3072,0.611743831572807,1.0,0.9989327099370888,0.0005339300112639478,1
3073,0.6202169144554227,0.951229424500714,0.9989250614320523,0.000537758364386102,0
3074,0.6288730502120605,0.9048374180359595,0.9989126285528244,0.0005439815322091954,0
3075,0.611745506260435,1.0,0.998922718781094,0.0005389309516980757,1
3076,0.611746708037904,1.0,0.9989155490908046,0.0005425196757728508,1
3077,0.6117459438589368,1.0,0.9989201081010493,0.0005402377011628167,1
3078,0.6117444765455478,1.0,0.9989288620236942,0.0005358560272846126,1
3079,0.6202201451348794,0.951229424500714,0.9989062272864873,0.0005471856597097544,0
3080,0.6288731875682347,0.9048374180359595,0.9989118432737296,0.0005443745993208505,0
3081,0.6376816417277401,0.8607079764250578,0.9989172151964143,0.0005416857192778237,0
3082,0.6466188175773394,0.8187307530779818,0.9989217681034135,0.0005394068033906067,0
3083,0.6556558897980094,0.7788007830714049,0.9989378435867908,0.0005313604505419668,0
3084,0.664774055116565,0.7408182206817179,0.9989251478041512,0.0005377151318662131,0
3085,0.6117450999734172,1.0,0.9989251426683121,0.0005377177025488582,1
3086,0.6117438753170168,1.0,0.9989324489580224,0.0005340606402332441,1
3087,0.6117483961546579,1.0,0.9989054780767361,0.0005475606749071847,1
3088,0.6117480202254648,1.0,0.9989077207924459,0.0005464380896168837,1
3089,0.6117457203826616,1.0,0.9989214413425728,0.0005395703601898478,1
3090,0.6117471975678541,1.0,0.9989126286236965,0.0005439814967345689,1
3091,0.6117474801032272,1.0,0.9989109430630617,0.0005448251951765292,1
3092,0.611749366600799,1.0,0.9988996886309168,0.0005504585780239594,1
3093,0.6117461051575557,1.0,0.9989191458080902,0.0005407193680222878,1
3094,0.611746134093786,1.0,0.9989189731773062,0.000540805776817011,1
3095,0.6202182877854925,0.951229424500714,0.9989170551601213,0.0005417658241670994,0
3096,0.6117451363382889,1.0,0.99892492571702,0.0005378262949280314,1
3097,0.6117496842315301,1.0,0.9988977937340935,0.0005514070709718657,1
3098,0.6117465986865973,1.0,0.9989162014671304,0.000542193133597445,1
3099,0.6202188040019847,0.951229424500714,0.9989140457327284,0.0005432721714211723,0
3100,0.6117483910675408,1.0,0.9989055084253727,0.0005475454839622969,1
3101,0.6117475504194948,1.0,0.9989105235681704,0.0005450351713422149,1
3102,0.6202195175609297,0.951229424500714,0.998909885863982,0.0005453543712990452,0
3103,0.6117486963167417,1.0,0.9989036873773257,0.0005484570064694469,1
3104,0.6202222359831749,0.951229424500714,0.9988940383738683,0.000553286826492381,0
3105,0.611748347423778,1.0,0.9989057687946473,0.0005474151566998847,1
3106,0.6202167214368601,0.951229424500714,0.9989261867035378,0.0005371951235108845,0
3107,0.6117467209079405,1.0,0.9989154723098058,0.0005425581079515152,1
3108,0.6117489157268808,1.0,0.9989023784288784,0.0005491121994182091,1
3109,0.6202171007354056,0.951229424500714,0.998923975447267,0.0005383019413857723,0
3110,0.6288744426538442,0.9048374180359595,0.9989046678615432,0.000547966226553099,0
3111,0.611744261074277,1.0,0.9989301475248368,0.0005352125879145476,1
3112,0.6117466553822642,1.0,0.9989158632277374,0.0005423624368131792,1
3113,0.6202189105999727,0.951229424500714,0.9989134242917654,0.0005435832297944365,0
3114,0.6288767670378607,0.9048374180359595,0.9988913793801392,0.0005546177971288876,0
3115,0.6117429443541025,1.0,0.9989380031284545,0.0005312805948973306,1
3116,0.6117492144230448,1.0,0.9989005964830892,0.0005500041521341219,1
3117,0.6117449071552034,1.0,0.9989262930148315,0.0005371419107263002,1
3118,0.6202170374607875,0.951229424500714,0.9989243443287555,0.0005381173019990766,0
3119,0.6288701232289544,0.9048374180359595,0.9989293626092549,0.0005356054661814607,0
3120,0.6376842387841992,0.8607079764250578,0.998902605063312,0.000548998757698252,0
3121,0.64662126829665,0.8187307530779818,0.9989081577980937,0.0005462193479137802,0
3122,0.6556611945629094,0.7788007830714049,0.9989086709594643,0.000545962486842645,0
3123,0.6647729110262213,0.7408182206817179,0.9989313962222758,0.000534587570909283,0
3124,0.673942911838483,0.7046880897187134,0.9989109236926461,0.0005448348909436614,0
3125,0.6117436588598222,1.0,0.998933740348139,0.0005334142555436684,1
3126,0.6202180230401411,0.951229424500714,0.9989185985716799,0.0005409932823638516,0
3127,0.6117489917351129,1.0,0.9989019249825328,0.0005493391717722307,1
3128,0.6202189107362636,0.951229424500714,0.9989134234972222,0.0005435836274981877,0
3129,0.6288698827792787,0.9048374180359595,0.9989307373175276,0.0005349173758228534,0
3130,0.6117507909357962,1.0,0.9988911914855431,0.0005547118487032918,1
3131,0.6117457936815582,1.0,0.9989210040469437,0.0005397892441313701,1
3132,0.6202224872134791,0.951229424500714,0.9988925738035295,0.0005540199229751649,0
3133,0.6117480352650322,1.0,0.9989076310693566,0.0005464830002184825,1
3134,0.6117445159162599,1.0,0.9989286271383772,0.0005359735958891618,1
3135,0.6202217462335486,0.951229424500714,0.9988968934234966,0.0005518577231848612,0
3136,0.6288729169624058,0.9048374180359595,0.9989133903553326,0.000543600216468507,0
3137,0.6376823154111761,0.8607079764250578,0.9989134252620891,0.0005435827441048659,0
3138,0.6466195722494797,0.8187307530779818,0.9989175769348823,0.0005415046540219047,0
3139,0.6117515331660299,1.0,0.9988867636107299,0.0005569282485798955,1
3140,0.6202182382904801,0.951229424500714,0.9989173437057198,0.0005416213949798158,0
3141,0.6117496128350697,1.0,0.9988982196651,0.0005511938705231413,1
3142,0.6202197304420097,0.951229424500714,0.9989086448257396,0.0005459755679810031,0
3143,0.628876181780522,0.9048374180359595,0.9988947252682246,0.000552942999172423,0
3144,0.6117472651361842,1.0,0.9989122255215097,0.0005441832672681092,1
3145,0.6202172064935602,0.951229424500714,0.9989233588935954,0.0005386105503875641,0
3146,0.6117488291954307,1.0,0.9989028946545201,0.0005488538030426587,1
3147,0.6202141375706343,0.951229424500714,0.9989412504597259,0.0005296552057424616,0
3148,0.6117504215958058,1.0,0.9988933948441514,0.0005536089477081266,1
3149,0.6202174583909371,0.951229424500714,0.9989218903730627,0.0005393456025810483,0
3150,0.6117468427331596,1.0,0.9989147455165018,0.0005429218992774919,1
3151,0.6202202837716828,0.951229424500714,0.9989054190759602,0.000547590207620207,0
3152,0.6288727003069121,0.9048374180359595,0.998914628999612,0.0005429802210196898,0
3153,0.6376797249124936,0.8607079764250578,0.9989279987066679,0.0005362881488460908,0
3154,0.6466186283721291,0.8187307530779818,0.9989228188821997,0.00053888084717103,0
3155,0.6556583035293646,0.7788007830714049,0.9989245695698414,0.0005380045601974148,0
3156,0.6647752397795921,0.7408182206817179,0.9989186778451453,0.0005409536027230503,0
3157,0.673940495690857,0.7046880897187134,0.9989240647876779,0.0005382572230643035,0
3158,0.6117488193934485,1.0,0.9989029531307939,0.0005488245327940671,1
3159,0.6202226142840801,0.951229424500714,0.9988918330348511,0.0005543907180799009,0
3160,0.6117524929595552,1.0,0.9988810378762871,0.0005597943146154787,1
3161,0.6202185878884889,0.951229424500714,0.9989153056247935,0.0005426415409500263,0
3162,0.611747718266833,1.0,0.9989095222205702,0.000545536391460821,1
3163,0.6117435590465945,1.0,0.9989343358376921,0.000533116193043818,1
3164,0.6117452802492322,1.0,0.9989240671510875,0.000538256040086729,1
3165,0.6202160537721009,0.951229424500714,0.9989300791105401,0.0005352468316998849,0
3166,0.611747183947091,1.0,0.9989127098830879,0.0005439408228128294,1
3167,0.6202125503581775,0.951229424500714,0.9989505039559116,0.0005250235753424587,0
3168,0.6117466592887304,1.0,0.9989158399222455,0.0005423741022061616,1
3169,0.611741870499634,1.0,0.9989444098543825,0.0005280738366384813,1
3170,0.6202162687938291,0.951229424500714,0.9989288255568001,0.0005358742802834978,0
3171,0.6117453024777744,1.0,0.9989239345367475,0.0005383224186799951,1
3172,0.6202196847955447,0.951229424500714,0.9989089109319116,0.0005458423695459227,0
3173,0.628870120231496,0.9048374180359595,0.9989293797464252,0.0005355968884127523,0
3174,0.6376828862896126,0.8607079764250578,0.9989102136913621,0.00054519027875626,0
3175,0.6117476334086707,1.0,0.9989100284692045,0.0005452829908800424,1
3176,0.6117469990385288,1.0,0.9989138130202987,0.0005433886541444792,1
3177,0.6117513102434278,1.0,0.9988880934825638,0.0005562625720502229,1
3178,0.6117491117860206,1.0,0.9989012087890865,0.0005496976622732154,1
3179,0.6117521742934962,1.0,0.9988829389018187,0.0005588427379759597,1
3180,0.6117443478643314,1.0,0.9989296297352586,0.0005354717600466885,1
3181,0.6117512927015358,1.0,0.9988881981309611,0.0005562101896099433,1
3182,0.6117464915329746,1.0,0.9989168407329653,0.0005418731539889104,1
3183,0.6117495181460132,1.0,0.9988987845535393,0.0005509111148486764,1
3184,0.611753838951738,1.0,0.998873008321919,0.0005638136053701832,1
3185,0.6202311709057527,0.951229424500714,0.9988419532957636,0.0005793588792228738,0
3186,0.611751675365591,1.0,0.9988859153033786,0.0005573528751454248,1
3187,0.6117550902052892,1.0,0.9988655440202712,0.0005675499810031259,1
3188,0.6202229925652012,0.951229424500714,0.9988896278181055,0.0005554945509008538,0
3189,0.611754048942242,1.0,0.99887175562636,0.0005644406602281081,1
3190,0.611748436609979,1.0,0.9989052367291182,0.0005476814809555631,1
3191,0.6202221956991446,0.951229424500714,0.9988942732136404,0.0005531692766144275,0
3192,0.6288711876691097,0.9048374180359595,0.9989232769812556,0.0005386515507017587,0
3193,0.6376802688765044,0.8607079764250578,0.9989249384896,0.0005378199017649424,0
3194,0.6117442003758446,1.0,0.9989305096520033,0.000535031330445374,1
3195,0.6117435017957058,1.0,0.9989346773989353,0.0005329452302625478,1
3196,0.6202175558666502,0.951229424500714,0.9989213221064146,0.0005396300426434803,0
3197,0.6117427705507517,1.0,0.9989390400529002,0.0005307615817532049,1
3198,0.611750823541164,1.0,0.9988909969731959,0.0005548092128445173,1
3199,0.6117484891525734,1.0,0.9989049232715963,0.0005478383815100962,1
3200,0.6117463006538932,1.0,0.9989179794964993,0.0005413031551468858,1
3201,0.6117496218125827,1.0,0.9988981661077918,0.0005512206787146797,1
3202,0.6117505207484772,1.0,0.9988928033318266,0.0005539050316060866,1
3203,0.6117562769133531,1.0,0.9988584648392923,0.0005710936041199508,1
3204,0.611751073465595,1.0,0.998889506012362,0.0005555555214763361,1
3205,0.611754792173832,1.0,0.9988673219071011,0.0005666600287676385,1
3206,0.6202237892389469,0.951229424500714,0.9988849835744418,0.0005578192594226754,0
3207,0.6288742281940934,0.9048374180359595,0.9989058939379832,0.0005473525164929631,0
3208,0.6376868526758672,0.8607079764250578,0.9988879004994659,0.0005563591710175616,0
3209,0.6117496708389791,1.0,0.9988978736302285,0.000551367078826346,1
3210,0.6117477467145757,1.0,0.9989093525065071,0.0005456213411352825,1
3211,0.6117491972712473,1.0,0.9989006988062473,0.0005499529342485452,1
3212,0.6117487692313136,1.0,0.9989032523861324,0.000548674740818412,1
3213,0.620221724218422,0.951229424500714,0.9988970217633861,0.000551793482379766,0
3214,0.6288760703935578,0.9048374180359595,0.9988953620638684,0.0005526242491457052,0
3215,0.6376884275173741,0.8607079764250578,0.9988790412932789,0.0005607937254201278,0
3216,0.6117495381383222,1.0,0.9988986652849733,0.0005509708148778917,1
3217,0.6202206127468863,0.951229424500714,0.998903501254004,0.0005485501702756866,0
3218,0.6288746699046563,0.9048374180359595,0.9989033686602317,0.000548616539940477,0
3219,0.6376867367357979,0.8607079764250578,0.998888552719567,0.0005560326980029579,0
3220,0.6466200393074912,0.8187307530779818,0.9989149830791137,0.0005428029889376379,0
3221,0.6556587251492081,0.7788007830714049,0.998922250944794,0.0005391651221702558,0
3222,0.6647759343131836,0.7408182206817179,0.9989148847173627,0.0005428522232356529,0
3223,0.6739413367238365,0.7046880897187134,0.9989194905041239,0.0005405468335505502,0
3224,0.6117466111911904,1.0,0.9989161268662466,0.0005422304745107846,1
3225,0.6202192826153476,0.951229424500714,0.9989112555347647,0.0005446687890142529,0
3226,0.6288749130018116,0.9048374180359595,0.9989019788673261,0.0005493121997590258,0
3227,0.6117503819287423,1.0,0.998893631484992,0.0005534904962228166,1
3228,0.6117450444845232,1.0,0.9989254737128522,0.000537552002202004,1
3229,0.6117486166212927,1.0,0.9989041628219623,0.0005482190233038099,1
3230,0.620221482335572,0.951229424500714,0.9988984318507691,0.000551087660679933,0
3231,0.6117417614383852,1.0,0.9989450605284259,0.0005277481559373794,1
3232,0.6117494551685546,1.0,0.9988991602597159,0.00055072305470099,1
3233,0.6202161334325879,0.951229424500714,0.9989296146981368,0.0005354792866639374,0
3234,0.6288712475434526,0.9048374180359595,0.998922934668551,0.0005388228915700773,0
3235,0.637681549227852,0.8607079764250578,0.9989177355735792,0.0005414252487296165,0
3236,0.6117450483214841,1.0,0.9989254508216895,0.000537563460095295,1
3237,0.6202193929984703,0.951229424500714,0.9989106120299371,0.0005449908922197859,0
3238,0.6117482677158621,1.0,0.9989062443151433,0.0005471771360588725,1
3239,0.6117518809765049,1.0,0.9988846887104349,0.0005579668560204753,1
3240,0.6202187672138233,0.951229424500714,0.9989142601991035,0.0005431648216682346,0
3241,0.6288735065137367,0.9048374180359595,0.9989100198333706,0.0005452873135086081,0
3242,0.6117464942124347,1.0,0.9989168247476162,0.0005418811553302317,1
3243,0.6202243378960758,0.951229424500714,0.9988817851721463,0.000559420248259525,0
3244,0.6117453930342934,1.0,0.9989233942814805,0.0005385928373747909,1
3245,0.6117448686327293,1.0,0.9989265228387622,0.0005370268752597646,1
3246,0.6202183258035454,0.951229424500714,0.9989168335228834,0.0005418767629389226,0
3247,0.6288684843189238,0.9048374180359595,0.9989387327005024,0.0005309154211932625,0
3248,0.6117429661735834,1.0,0.9989378729518313,0.0005313457524101727,1
3249,0.6117402081593031,1.0,0.9989543276687682,0.0005231097139832417,1
3250,0.620214249012022,0.951229424500714,0.9989406007576864,0.0005299804011684039,0
3251,0.6117506974400515,1.0,0.998891749249135,0.0005544326574154793,1
3252,0.6202152866131833,0.951229424500714,0.9989345515834728,0.0005330082050862334,0
3253,0.611746321866686,1.0,0.9989178529432227,0.0005413665003299996,1
3254,0.6202159652468117,0.951229424500714,0.9989305952041856,0.0005349885085584799,0
3255,0.6288762486728543,0.9048374180359595,0.9988943428472057,0.000553134421292558,0
3256,0.6117443088071131,1.0,0.9989298627506247,0.0005353551275372742,1
3257,0.6117496344083361,1.0,0.998898090965091,0.0005512582915095477,1
3258,0.6202190815791009,0.951229424500714,0.99891242752519,0.0005440821554512804,0
3259,0.6117486269981496,1.0,0.9989041009160116,0.0005482500102367473,1
3260,0.6117438459169228,1.0,0.9989326243597186,0.0005339728456676207,1
3261,0.6202225638262594,0.951229424500714,0.998892127182836,0.0005542434809457429,0
3262,0.6288698978964169,0.9048374180359595,0.9989306508891588,0.0005349606362658489,0
3263,0.6117460435165778,1.0,0.9989195135524203,0.000540535296937048,1
3264,0.6117473709240492,1.0,0.9989115944079883,0.0005444991677570148,1
3265,0.6117476352798108,1.0,0.9989100173063125,0.000545288578416383,1
3266,0.6202210840062339,0.951229424500714,0.9989007539693876,0.0005499253223253434,0
3267,0.6288726364259902,0.9048374180359595,0.9989149942145594,0.0005427974151671884,0
3268,0.6117491113457805,1.0,0.9989012114154467,0.0005496963476486424,1
3269,0.6117479290916944,1.0,0.9989082644787823,0.000546165949269427,1
3270,0.6117434129313235,1.0,0.9989352075679754,0.0005326798631111898,1
3271,0.6117452160833892,1.0,0.9989244499613587,0.0005380644288269838,1
3272,0.6117427322480725,1.0,0.9989392685699102,0.0005306472019088591,1
3273,0.6117407908235711,1.0,0.9989508513746126,0.0005248496835233721,1
3274,0.6117463444752228,1.0,0.9989177180631108,0.0005414340134496292,1
3275,0.6117443778589832,1.0,0.9989294507872205,0.0005355613299466948,1
3276,0.6117442866397211,1.0,0.9989299950013223,0.0005352889313538375,1
3277,0.611744355735305,1.0,0.9989295827770406,0.0005354952643145174,1
3278,0.6117474251761804,1.0,0.9989112707486627,0.0005446611737742523,1
3279,0.6202171168151048,0.951229424500714,0.9989238817050743,0.0005383488629730963,0
3280,0.6288724226314675,0.9048374180359595,0.9989162165049873,0.0005421856065112562,0
3281,0.637679087534879,0.8607079764250578,0.9989315844626808,0.00053449335003086,0
3282,0.6466215338685823,0.8187307530779818,0.9989066829324952,0.0005469575872983534,0
3283,0.6117409366390757,1.0,0.9989499814123343,0.0005252851216913129,1
3284,0.6202162043903808,0.951229424500714,0.9989292010217987,0.0005356863465095965,0
3285,0.6117438396358059,1.0,0.9989326618330244,0.0005339540889947003,1
3286,0.6202172765894012,0.951229424500714,0.9989229502459912,0.0005388150944520005,0
3287,0.6288738885524501,0.9048374180359595,0.9989078356893408,0.0005463805783543755,0
3288,0.6376781842539223,0.8607079764250578,0.9989366661649096,0.0005319497877978298,0
3289,0.6466222424631501,0.8187307530779818,0.9989027477339594,0.0005489273440105872,0
3290,0.6117433792805443,1.0,0.9989354083301999,0.0005325793750100522,1
3291,0.6117465448497038,1.0,0.9989165226515901,0.0005420323671549835,1
3292,0.611744705770976,1.0,0.9989274944679978,0.0005365405388071551,1
3293,0.6117444176485776,1.0,0.9989292134026464,0.0005356801494499716,1
3294,0.6117473350874914,1.0,0.9989118082031064,0.0005443921537346849,1
3295,0.6117411482386981,1.0,0.998948718971857,0.0005259170058188926,1
3296,0.6117502942154673,1.0,0.9988941547542514,0.0005532285718768235,1
3297,0.6117458499611114,1.0,0.9989206682876155,0.0005399573051608862,1
3298,0.6117444829777328,1.0,0.9989288236493297,0.0005358752350413925,1
3299,0.6117511860517985,1.0,0.9988888343639489,0.0005558917191412797,1
3300,0.6117412322235588,1.0,0.9989482179041036,0.0005261678034171864,1
3301,0.6117471286651553,1.0,0.9989130396867714,0.0005437757415070804,1
3302,0.6202204288960826,0.951229424500714,0.998904573045712,0.0005480136864553374,0
3303,0.6117470838742182,1.0,0.9989133069028614,0.0005436419880952896,1
3304,0.6202134802885731,0.951229424500714,0.9989450824190172,0.0005277371990829914,0
3305,0.6117459128889479,1.0,0.9989202928653588,0.0005401452191460212,1
3306,0.6117446910859644,1.0,0.998927582078487,0.0005364966865326692,1
3307,0.6202153317925464,0.951229424500714,0.9989342881907374,0.000533140041936692,0
3308,0.6288723236144858,0.9048374180359595,0.9989167825983299,0.000541902252826098,0
3309,0.6376826068103976,0.8607079764250578,0.9989117859460814,0.0005444032943704935,0
3310,0.6466239157897605,0.8187307530779818,0.998893454946178,0.0005535788634043423,0
3311,0.6556617261843545,0.7788007830714049,0.9989057474550599,0.0005474258381817245,0
3312,0.6647775505228223,0.7408182206817179,0.9989060580072191,0.0005472703920289161,0
3313,0.6739452133307646,0.7046880897187134,0.9988984063620294,0.0005511004191042025,0
3314,0.6117524717037679,1.0,0.9988811646790622,0.0005597308422087637,1
3315,0.6202158230346708,0.951229424500714,0.9989314242876406,0.0005345735232156939,0
3316,0.6117489335610748,1.0,0.9989022720344524,0.000549165455088662,1
3317,0.6202100939400718,0.951229424500714,0.9989648251879387,0.0005178554877771336,0
3318,0.6288697146275237,0.9048374180359595,0.9989316986828293,0.0005344361788773602,0
3319,0.637680448878821,0.8607079764250578,0.9989239258404135,0.0005383267715310306,0
3320,0.6117426587785598,1.0,0.9989397068954304,0.0005304278064771546,1
3321,0.6117431952896251,1.0,0.9989365060302567,0.0005320299403596566,1
3322,0.6117477074893893,1.0,0.9989095865168525,0.0005455042082256098,1
3323,0.6202158331004068,0.951229424500714,0.9989313656053107,0.0005346028957682889,0
3324,0.6117500650209864,1.0,0.9988955220569359,0.0005525441641534435,1
3325,0.6117488576672907,1.0,0.998902724798266,0.0005489388244543492,1
3326,0.6202218872245442,0.951229424500714,0.9988960714996981,0.000552269139088784,0
3327,0.6117415889993574,1.0,0.9989460893240987,0.0005272332151344913,1
3328,0.6202203579459611,0.951229424500714,0.9989049866627913,0.0005478066511664941,0
3329,0.6117450357479158,1.0,0.9989255258351197,0.0005375259130354366,1
3330,0.620215724621487,0.951229424500714,0.9989319980278542,0.0005342863463210132,0
3331,0.6288708372722375,0.9048374180359595,0.9989252802682398,0.0005376488285600426,0
3332,0.637679628940257,0.8607079764250578,0.9989285386257676,0.0005360178996617764,0
3333,0.6117445486876221,1.0,0.9989284316247856,0.0005360714575407828,1
3334,0.6117486215290818,1.0,0.9989041335432159,0.0005482336787371873,1
3335,0.620217726553973,0.951229424500714,0.9989203270297784,0.0005401281184728164,0
3336,0.6288762781479417,0.9048374180359595,0.9988941743392716,0.0005532187685258319,0
3337,0.637681704755469,0.8607079764250578,0.9989168606211488,0.0005418631991145129,0
3338,0.6117463470257684,1.0,0.9989177028468308,0.0005414416298327327,1
3339,0.6202190630408717,0.951229424500714,0.9989125355984716,0.0005440280599806858,0
3340,0.6288726697605169,0.9048374180359595,0.9989148036370206,0.0005428928074469328,0
3341,0.6376801601000086,0.8607079764250578,0.9989255504403106,0.0005375135972070831,0
3342,0.6466176998339439,0.8187307530779818,0.9989279756743679,0.0005362996773548407,0
3343,0.6117454634545088,1.0,0.998922974158609,0.0005388031252518406,1
3344,0.6202224270315166,0.951229424500714,0.9988929246395772,0.0005538443105042275,0
3345,0.6288723176742229,0.9048374180359595,0.9989168165596212,0.0005418852537671058,0
3346,0.6376777066945034,0.8607079764250578,0.9989393528449679,0.0005306050196376756,0
3347,0.6466201000134661,0.8187307530779818,0.9989146459427065,0.0005429717402677518,0
3348,0.6556545675899893,0.7788007830714049,0.9989451149934686,0.0005277208946577909,0
3349,0.6647753790195051,0.7408182206817179,0.998917917398597,0.0005413342377309648,0
3350,0.6739421304066212,0.7046880897187134,0.9989151737732259,0.0005427075383251571,0
3351,0.683130365568467,0.6703200460356393,0.9989355830723202,0.0005324919108439379,0
3352,0.6117437900939223,1.0,0.9989329574012618,0.0005338061469937147,1
3353,0.6117444720945118,1.0,0.9989288885785402,0.0005358427356245835,1
3354,0.6117450766981659,1.0,0.9989252815275173,0.0005376481982439091,1
3355,0.6117449018910974,1.0,0.9989263244203251,0.0005371261911014535,1
3356,0.6202173195607942,0.951229424500714,0.9989226997297223,0.0005389404876569236,0
3357,0.6117469329373243,1.0,0.9989142073707791,0.0005431912645411853,1
3358,0.6117450245648562,1.0,0.9989255925528345,0.0005374925182973787,1
3359,0.6202175462838856,0.951229424500714,0.9989213779722642,0.0005396020795563249,0
3360,0.6288749700680936,0.9048374180359595,0.9989016526182539,0.0005494755036328705,0
3361,0.6376787610537326,0.8607079764250578,0.9989334211852224,0.0005335740073643715,0
3362,0.6117461707709769,1.0,0.9989187543647561,0.0005409153015031994,1
3363,0.6117469259621638,1.0,0.9989142489836174,0.0005431704355064861,1
3364,0.6117431895931645,1.0,0.9989365400156863,0.0005320129295542512,1
3365,0.6202187692565267,0.951229424500714,0.9989142482906187,0.0005431707823824116,0
3366,0.6117451571029409,1.0,0.9989248018360123,0.000537888302097995,1
3367,0.6117441136737694,1.0,0.9989310269173803,0.0005347724209225463,1
3368,0.6202156629153746,0.951229424500714,0.9989323577693067,0.0005341062833195034,0
3369,0.628869308161001,0.9048374180359595,0.998934022557966,0.000533273000035024,0
3370,0.6376796998911842,0.8607079764250578,0.9989281394711204,0.0005362176910940271,0
3371,0.6466193754595527,0.8187307530779818,0.9989186698309042,0.0005409576141813371,0
3372,0.6117456103775938,1.0,0.9989220976249589,0.0005392418648030059,1
3373,0.6117450709410348,1.0,0.9989253158743325,0.0005376310063601024,1
3374,0.6117483449237053,1.0,0.9989057837095451,0.0005474076910819208,1
3375,0.6117489657230541,1.0,0.9989020801640183,0.0005492614957414381,1
3376,0.6117490468609671,1.0,0.9989015961154906,0.0005495037860792826,1
3377,0.6117517078551206,1.0,0.9988857214836157,0.0005574498931225324,1
3378,0.6117442982558416,1.0,0.9989299256995248,0.0005353236193701389,1
3379,0.6117495502107719,1.0,0.9988985932640991,0.0005510068650195373,1
3380,0.6117435259576951,1.0,0.9989345332474553,0.0005330173828735056,1
3381,0.611745595967343,1.0,0.9989221835955343,0.0005391988331331988,1
3382,0.6202168434582948,0.951229424500714,0.9989254753352644,0.0005375511901232909,0
3383,0.6288737394262734,0.9048374180359595,0.9989086882541274,0.0005459538300637898,0
3384,0.6376776194156986,0.8607079764250578,0.998939843863878,0.0005303592495676751,0
3385,0.6117522869618169,1.0,0.9988822667701441,0.0005591791797523131,1
3386,0.620216217901142,0.951229424500714,0.9989291222555348,0.0005357257718597513,0
3387,0.6288723374280963,0.9048374180359595,0.9989167036240425,0.0005419417827909308,0
3388,0.6376793719111539,0.8607079764250578,0.9989299846179086,0.0005352941286217929,0
3389,0.6117483205151635,1.0,0.998905929325688,0.0005473348032607705,1
3390,0.6117472550204467,1.0,0.9989122858704164,0.0005441530599569371,1
3391,0.6117462673492864,1.0,0.9989181781883075,0.0005412037016419343,1
3392,0.6202222266217169,0.951229424500714,0.9988940929474144,0.0005532595095085186,0
3393,0.6117476712343203,1.0,0.9989098028080904,0.0005453959445661767,1
3394,0.6202209003135917,0.951229424500714,0.9989018248348661,0.0005493893006533641,0
3395,0.6117530962380232,1.0,0.998877438989595,0.0005615957769712818,1
3396,0.6117491444088308,1.0,0.9989010141697595,0.0005497950789868375,1
3397,0.6117423145807904,1.0,0.9989417604131784,0.000529399958838815,1
3398,0.6117469200911139,1.0,0.9989142840094887,0.0005431529035357684,1
3399,0.6202176400041727,0.951229424500714,0.9989208315994945,0.00053987556099895,0
3400,0.6288740552981236,0.9048374180359595,0.998906882393827,0.000546857747485885,0
3401,0.6117422508537889,1.0,0.9989421406154317,0.000529209656362663,1
3402,0.620219839919346,0.951229424500714,0.9989080066037852,0.0005462950277041352,0
3403,0.6117435135345165,1.0,0.9989346073646757,0.0005329802847378796,1
3404,0.6202176505601277,0.951229424500714,0.9989207700601622,0.0005399063639075685,0
3405,0.6288748563375325,0.9048374180359595,0.9989023028182836,0.0005491500462585472,0
3406,0.6376857710263506,0.8607079764250578,0.9988939853330765,0.0005533133762519686,0
3407,0.6466200500345287,0.8187307530779818,0.9989149235054805,0.0005428328081094468,0
3408,0.6556641584538323,0.7788007830714049,0.9988923719923102,0.0005541209404644028,0
3409,0.6117461885015004,1.0,0.9989186485862048,0.0005409682480298061,1
3410,0.6202211308303562,0.951229424500714,0.9989004810009794,0.000550061956742902,0
3411,0.6288687341197794,0.9048374180359595,0.9989373045138528,0.0005316302736781141,0
3412,0.6376857944975154,0.8607079764250578,0.9988938532952223,0.0005533794682821947,0
3413,0.6117436019637819,1.0,0.9989340797920377,0.0005332443524623436,1
3414,0.6202197357506614,0.951229424500714,0.9989086138777862,0.0005459910588640075,0
3415,0.6117424434713995,1.0,0.998940991438386,0.0005297848536939652,1
3416,0.6202191813110894,0.951229424500714,0.9989118461126996,0.0005443731782895932,0
3417,0.6288719171087073,0.9048374180359595,0.9989191066508512,0.0005407389678267069,0
3418,0.6376786372764675,0.8607079764250578,0.9989341175343593,0.0005332254611652709,0
3419,0.6466229735412204,0.8187307530779818,0.9988986876926346,0.0005509595986945644,0
3420,0.655657868114714,0.7788007830714049,0.9989269640636242,0.0005368060258006129,0
3421,0.6647795085860039,0.7408182206817179,0.9988953644262104,0.0005526230666685065,0
3422,0.6739418182147157,0.7046880897187134,0.9989168717394732,0.0005418576339244828,0
3423,0.611748715196412,1.0,0.9989035747456237,0.0005485133841311672,1
3424,0.6117453985198457,1.0,0.9989233615549881,0.0005386092182570406,1
3425,0.6202216924044561,0.951229424500714,0.998897207226856,0.0005517006482594073,0
3426,0.61174352652009,1.0,0.9989345298921832,0.000533019062298917,1
3427,0.6202222180563551,0.951229424500714,0.9988941428800423,0.0005532345155541921,0
3428,0.62886807861319,0.9048374180359595,0.9989410522481482,0.0005297544165805799,0
3429,0.6376870518494279,0.8607079764250578,0.9988867800511876,0.0005569200191898764,0
3430,0.6466203206540672,0.8187307530779818,0.9989134205953142,0.0005435850800305006,0
3431,0.655659674481601,0.7788007830714049,0.998917030279294,0.0005417782780678076,0
3432,0.6117527744140158,1.0,0.9988793588437597,0.0005606347720247705,1
3433,0.6202206653605811,0.951229424500714,0.9989031945332004,0.0005487036990450821,0
3434,0.6288680577868174,0.9048374180359595,0.9989411713192866,0.0005296948179030693,0
3435,0.6117470655577988,1.0,0.9989134161759348,0.0005435872921238277,1
3436,0.620218558586457,0.951229424500714,0.9989154764490866,0.0005425560360640747,0
3437,0.611744442536775,1.0,0.9989290649197957,0.0005357544704628036,1
3438,0.6117476045885228,1.0,0.9989102004051442,0.0005451969291127296,1
3439,0.6202258728811558,0.951229424500714,0.9988728370385992,0.0005638993436638092,0
3440,0.6117428813273837,1.0,0.9989383791506233,0.0005310923839688558,1
3441,0.6117467627005773,1.0,0.9989152229803185,0.0005426829080598788,1
3442,0.6202152797181982,0.951229424500714,0.9989345917807931,0.0005329880849895269,0
3443,0.6288685219840764,0.9048374180359595,0.9989385173573156,0.000531023207187939,0
3444,0.6117481488490556,1.0,0.9989069534498927,0.0005468221805754789,1
3445,0.6117469089054881,1.0,0.9989143507413877,0.0005431195013220382,1
3446,0.6202138043816778,0.951229424500714,0.9989431929511948,0.0005286829315575044,0
3447,0.6288709756711541,0.9048374180359595,0.9989244890140981,0.0005380448814333877,0
3448,0.6117472763587665,1.0,0.998912158569346,0.0005442167798051747,1
3449,0.6202182044464947,0.951229424500714,0.9989175410091637,0.0005415226363459361,0
3450,0.6117467322286152,1.0,0.9989154047721098,0.0005425919134636816,1
3451,0.6117486678889633,1.0,0.9989038569708448,0.0005483721166513348,1
3452,0.611745978130211,1.0,0.9989199036416132,0.00054034004140772,1
3453,0.6117501262665623,1.0,0.9988951566846856,0.0005527270523079198,1
3454,0.6202168349111901,0.951229424500714,0.998925525163692,0.0005375262491103702,0
3455,0.6117479446316288,1.0,0.9989081717705265,0.0005462123540612792,1
3456,0.6117453618347714,1.0,0.9989235804160824,0.0005384996697777231,1
3457,0.6117470545088114,1.0,0.9989134820925821,0.0005435542979502883,1
3458,0.6117469395046365,1.0,0.9989141681911078,0.0005432108756708579,1
3459,0.611744906430995,1.0,0.9989262973354363,0.0005371397481018742,1
3460,0.611747895654728,1.0,0.9989084639573268,0.000546066100999245,1
3461,0.6117470060696987,1.0,0.9989137710733428,0.0005434096504287407,1
3462,0.6117487314425777,1.0,0.998903477824811,0.0005485618977314059,1
3463,0.6117449700042527,1.0,0.9989259180594486,0.0005373295899653984,1
3464,0.6117502905166323,1.0,0.9988941768203236,0.0005532175266265208,1
3465,0.6117450287020013,1.0,0.9989255678707809,0.0005375048725978532,1
3466,0.6117466764779382,1.0,0.998915737373578,0.0005424254321924506,1
3467,0.6202199479568417,0.951229424500714,0.9989073767762652,0.0005466102858232467,0
3468,0.6117456213895957,1.0,0.9989220319281118,0.0005392747486732432,1
3469,0.6202137281248232,0.951229424500714,0.9989436375293801,0.0005284604073492052,0
3470,0.6288745697125934,0.9048374180359595,0.9989039414616848,0.0005483298248753022,0
3471,0.6376803401143951,0.8607079764250578,0.9989245377224213,0.0005380205010510612,0
3472,0.6466217175554153,0.8187307530779818,0.9989056628210201,0.0005474682015596269,0
3473,0.6556570713383219,0.7788007830714049,0.9989313458263104,0.0005346127958480991,0
3474,0.6117454020361022,1.0,0.9989233405772029,0.0005386197184546171,1
3475,0.611745169507258,1.0,0.9989247278324092,0.0005379253437280767,1
3476,0.6117469491421716,1.0,0.9989141106949195,0.0005432396550153261,1
3477,0.6202150212551414,0.951229424500714,0.9989360986055157,0.0005322338696492634,0
3478,0.6117491948007552,1.0,0.9989007135445617,0.0005499455569815735,1
3479,0.6202175659409822,0.951229424500714,0.9989212633748169,0.0005396594401536297,0
3480,0.6288687578751174,0.9048374180359595,0.9989371686975823,0.0005316982540603984,0
3481,0.6376794644100051,0.8607079764250578,0.9989294642383477,0.000535554597175381,0
3482,0.6466174041265991,0.8187307530779818,0.9989296179414392,0.0005354776632750847,0
3483,0.6556589826255079,0.7788007830714049,0.9989208350017242,0.0005398738580463254,0
3484,0.6647767382545539,0.7408182206817179,0.9989104940895828,0.000545049926711909,0
3485,0.6117451628048508,1.0,0.9989247678186709,0.0005379053290763861,1
3486,0.6117442186372009,1.0,0.9989304007046355,0.0005350858624537343,1
3487,0.6117461042413216,1.0,0.9989191512742556,0.0005407166319823164,1
3488,0.6202179493825952,0.951229424500714,0.9989190279807971,0.00054077834541821,0
3489,0.6288696683100575,0.9048374180359595,0.9989319634914955,0.0005343036329628327,0
3490,0.6376790972997017,0.8607079764250578,0.9989315295276617,0.0005345208469192379,0
3491,0.6466210889040257,0.8187307530779818,0.9989091540645644,0.0005457206704497664,0
3492,0.6117508586447988,1.0,0.9988907875571146,0.0005549140371466343,1
3493,0.6202113277347989,0.951229424500714,0.9989576319701492,0.0005214558366113986,0
3494,0.6117486984080607,1.0,0.9989036749010041,0.0005484632514768039,1
3495,0.6202201629164508,0.951229424500714,0.9989061236252657,0.000547237547076219,0
3496,0.6288719578558652,0.9048374180359595,0.9989188736931056,0.0005408555727505264,0
3497,0.6117478627220432,1.0,0.9989086604274825,0.0005459677585867555,1
3498,0.6202116884686711,0.951229424500714,0.9989555288487466,0.0005225084956777674,0
3499,0.6288721061111718,0.9048374180359595,0.9989180260954242,0.0005412798304471628,0
3500,0.6376771649281102,0.8607079764250578,0.9989424007554378,0.0005290794486351183,0
3501,0.611748333890267,1.0,0.9989058495326756,0.0005473747434659606,1
3502,0.6202179798262402,0.951229424500714,0.9989188505002565,0.0005408671817259487,0
3503,0.6117461458894762,1.0,0.9989189028053591,0.0005408410008699618,1
3504,0.6117505551139062,1.0,0.998892598319069,0.0005540076516159664,1
3505,0.6117450132722998,1.0,0.9989256599238102,0.0005374587965797634,1
3506,0.6202210315403681,0.951229424500714,0.9989010598273307,0.0005497722250856387,0
3507,0.6288731940170388,0.9048374180359595,0.9989118064052872,0.0005443930536235455,0
3508,0.6376814055867075,0.8607079764250578,0.9989185436571038,0.0005410207693771242,0
3509,0.6466188634176185,0.8187307530779818,0.998921513522928,0.0005395342310461037,0
3510,0.6117494457179462,1.0,0.9988992166394617,0.0005506948337621469,1
3511,0.6117439522966044,1.0,0.9989319896960961,0.0005342905166539723,1
3512,0.6117456523713592,1.0,0.9989218470930739,0.0005393672659313926,1
3513,0.6117478299695995,1.0,0.9989088558224111,0.0005458699543944845,1
3514,0.6202164679391486,0.951229424500714,0.9989276645628286,0.0005364554000872629,0
3515,0.61174776847395,1.0,0.9989092226940628,0.0005456863182287303,1
3516,0.620221517912875,0.951229424500714,0.998898224448098,0.0005511914763863729,0
3517,0.611743604229753,1.0,0.9989340662731658,0.0005332511191110373,1
3518,0.6202178944392691,0.951229424500714,0.9989193482898364,0.0005406180176143625,0
3519,0.6288701763663358,0.9048374180359595,0.9989290588104895,0.0005357575283907352,0
3520,0.6376835836151044,0.8607079764250578,0.9989062907899524,0.0005471538732109834,0
3521,0.6466135232332747,0.8187307530779818,0.9989511715288159,0.0005246894383263692,0
3522,0.6556574901839969,0.7788007830714049,0.9989290424390664,0.0005357657228781858,0
3523,0.6117423227808607,1.0,0.9989417114906791,0.0005294244460023271,1
3524,0.6202171075858255,0.951229424500714,0.9989239355103624,0.0005383219313481486,0
3525,0.6288698330855867,0.9048374180359595,0.9989310214285626,0.0005347751682682764,0
3526,0.63768180539375,0.8607079764250578,0.998916294460436,0.0005421465864991712,0
3527,0.6466165517427336,0.8187307530779818,0.9989343518361492,0.0005331081852817321,0
3528,0.6556615617412137,0.7788007830714049,0.9989066517633491,0.0005469731889291862,0
3529,0.6647749786480389,0.7408182206817179,0.9989201039939076,0.0005402397569536709,0
3530,0.6117465886030369,1.0,0.9989162616244327,0.0005421630223126988,1
3531,0.6202167106677192,0.951229424500714,0.9989262494861905,0.0005371636984408709,0
3532,0.6288693474847857,0.9048374180359595,0.998933797733311,0.0005333855323320587,0
3533,0.6117451056944192,1.0,0.9989251085370506,0.0005377347865427605,1
3534,0.6117450347430833,1.0,0.9989255318299127,0.0005375229124148564,1
3535,0.6117454671999192,1.0,0.9989229518137173,0.0005388143097438078,1
3536,0.6117427927186045,1.0,0.9989389077976588,0.0005308277796115536,1
3537,0.6117459912283301,1.0,0.9989198254993928,0.0005403791547656255,1
3538,0.6117459650143199,1.0,0.9989199818898693,0.0005403008749776801,1
3539,0.6117456540528843,1.0,0.9989218370612143,0.0005393722872749972,1
3540,0.6117468130725586,1.0,0.9989149224676905,0.0005428333275681239,1
3541,0.6117508284922328,1.0,0.9988909674368363,0.0005548239974207146,1
3542,0.6117420362070739,1.0,0.9989434212227789,0.0005285686750314084,1
3543,0.6117479604438429,1.0,0.998908077437916,0.0005462595719225348,1
3544,0.6202221855708734,0.951229424500714,0.9988943322574199,0.0005531397220463099,0
3545,0.6117420949704713,1.0,0.9989430706332489,0.0005287441552358298,1
3546,0.6117481392527403,1.0,0.9989070106995551,0.0005467935244225266,1
3547,0.6117458476113214,1.0,0.9989206823062716,0.0005399502882593214,1
3548,0.611748123475949,1.0,0.998907104820689,0.0005467464123648349,1
3549,0.6117476491585292,1.0,0.9989099345083339,0.0005453300225807963,1
3550,0.6117469597386214,1.0,0.9989140474779857,0.0005432712978438035,1
3551,0.6117498520838631,1.0,0.9988967923758162,0.000551908302822335,1
3552,0.6117467940865834,1.0,0.9989150357355103,0.0005427766321424675,1
3553,0.6117466510548731,1.0,0.9989158890444159,0.0005423495144645362,1
3554,0.6117517702965969,1.0,0.9988853489824696,0.0005576363514968317,1
3555,0.6202164874947836,0.951229424500714,0.9989275505558625,0.0005365124647660738,0
3556,0.6117517637400961,1.0,0.99888538809595,0.0005576167729337931,1
3557,0.6202153175842857,0.951229424500714,0.998934371023958,0.0005330985811428093,0
3558,0.6117520975003898,1.0,0.9988833970174845,0.0005586134240378715,1
3559,0.6117471322148649,1.0,0.9989130185097355,0.0005437863415469349,1
3560,0.6117413992646725,1.0,0.9989472213099455,0.0005266666253967979,1
3561,0.6117471054087396,1.0,0.9989131784310868,0.0005437062938673327,1
3562,0.6117438701450232,1.0,0.9989324798142621,0.0005340451956256745,1
3563,0.620218517629793,0.951229424500714,0.9989157152173493,0.0005424365223315482,0
3564,0.6117455637850345,1.0,0.9989223755930373,0.0005391027308102905,1
3565,0.6202191040955084,0.951229424500714,0.9989122962601366,0.0005441478594402073,0
3566,0.6288725211175477,0.9048374180359595,0.998915653447312,0.0005424674408756596,0
3567,0.6117497356202417,1.0,0.9988974871638024,0.0005515605252791886,1
3568,0.6202197135287562,0.951229424500714,0.9989087434252831,0.0005459262143492915,0
3569,0.6288745987575763,0.9048374180359595,0.9989037754104771,0.0005484129415868032,0
3570,0.6117451889572137,1.0,0.9989246117948561,0.0005379834249610466,1
3571,0.6117513617424007,1.0,0.9988877862589554,0.0005564163548702259,1
3572,0.6117487145466788,1.0,0.9989035786217805,0.0005485114439255099,1
3573,0.6117472714898721,1.0,0.9989121876164047,0.0005442022404595618,1
3574,0.6117450343009533,1.0,0.9989255344676433,0.0005375215921309463,1
3575,0.611748876292917,1.0,0.998902613682292,0.0005489944434737902,1
3576,0.6117401826142587,1.0,0.9989544800761413,0.0005230334305350059,1
3577,0.6117442148892114,1.0,0.998930423065163,0.0005350746702188513,1
3578,0.6117434758266901,1.0,0.9989348323312479,0.0005328676814977964,1
3579,0.6117460773995491,1.0,0.9989193114097455,0.0005406364776089994,1
3580,0.6202181579865915,0.951229424500714,0.9989178118608925,0.000541387063748204,0
3581,0.6288688601083015,0.9048374180359595,0.9989365842006163,0.0005319908135702967,0
3582,0.6376800352772469,0.8607079764250578,0.9989262526640944,0.0005371621077809389,0
3583,0.6466137482172398,0.8187307530779818,0.998949922004131,0.0005253148570164433,0
3584,0.6117448287625323,1.0,0.9989267607032509,0.000536907815221317,1
3585,0.620217406218037,0.951229424500714,0.9989221945322891,0.0005391933588555345,0
3586,0.6117439902583055,1.0,0.9989317632158624,0.0005344038778545984,1
3587,0.6117448700911091,1.0,0.9989265141381102,0.0005370312302608158,1
3588,0.6202183391085987,0.951229424500714,0.9989167559572432,0.0005419155878143479,0
3589,0.6288740174399232,0.9048374180359595,0.9989070988314338,0.0005467494102688435,0
3590,0.6376815198597592,0.8607079764250578,0.9989179007899052,0.0005413425510727407,0
3591,0.6117478164471815,1.0,0.9989089364946347,0.0005458295742236364,1
3592,0.6117509693948516,1.0,0.9988901268612339,0.0005552447520292977,1
3593,0.6117467174310152,1.0,0.9989154930526989,0.0005425477252447457,1
3594,0.6202210932111584,0.951229424500714,0.9989007003078594,0.0005499521826162154,0
3595,0.611746141461425,1.0,0.9989189292226831,0.0005408277779128125,1
3596,0.6202145466541304,0.951229424500714,0.9989388655104873,0.0005308489456568988,0
3597,0.6288711256038367,0.9048374180359595,0.9989236318200803,0.0005384739400835252,0
3598,0.6117494010411717,1.0,0.9988994831689478,0.0005505614221796003,1
3599,0.6117433883386239,1.0,0.9989353542892402,0.0005326064242870624,1
3600,0.611746790788634,1.0,0.9989150554106428,0.0005427667838913237,1
3601,0.6202160887797055,0.951229424500714,0.9989298750197866,0.000535348986384469,0
3602,0.628873607696778,0.9048374180359595,0.9989094413616908,0.0005455768650376701,0
3603,0.6376844569619484,0.8607079764250578,0.9989013776840014,0.0005496131219306921,0
3604,0.6117477422400822,1.0,0.9989093792005193,0.0005456079795566198,1
3605,0.6202186905833602,0.951229424500714,0.9989147069369883,0.0005429412099916649,0
3606,0.6117488243906146,1.0,0.9989029233188991,0.0005488394551121621,1
3607,0.6202206717719515,0.951229424500714,0.9989031571569957,0.000548722407667498,0
3608,0.6117491732964293,1.0,0.9989008418337959,0.000549881341777677,1
3609,0.6202102844572929,0.951229424500714,0.9989637144376811,0.0005184114387211295,0
3610,0.6288744144100471,0.9048374180359595,0.998904829332537,0.0005478854025336198,0
3611,0.6376774495446952,0.8607079764250578,0.9989407995363694,0.0005298809064321465,0
3612,0.6466188712233588,0.8187307530779818,0.9989214701726514,0.0005395559295864289,0
3613,0.6117470652330542,1.0,0.9989134181133134,0.000543586322380841,1
3614,0.6202201405193646,0.951229424500714,0.9989062541935548,0.0005471721914449274,0
3615,0.6117469107222924,1.0,0.9989143399025842,0.0005431249266137977,1
3616,0.620222189706572,0.951229424500714,0.9988943081479473,0.0005531517901260001,0
3617,0.6117475601500382,1.0,0.9989104655174247,0.0005450642283728862,1
3618,0.6202215736698025,0.951229424500714,0.9988978994057173,0.0005513541768625287,0
3619,0.6117470995189982,1.0,0.9989132135684112,0.0005436887060906778,1
3620,0.6202148044968738,0.951229424500714,0.9989373622962183,0.0005316013517609557,0
3621,0.6288705374608656,0.9048374180359595,0.9989269943524167,0.0005367908651366666,0
3622,0.6376824016738857,0.8607079764250578,0.9989129399761465,0.0005438256510717105,0
3623,0.6117472910442561,1.0,0.9989120709580314,0.0005442606331699202,1
3624,0.6202140355645912,0.951229424500714,0.9989418451543401,0.0005293575433739831,0
3625,0.6288744181229642,0.9048374180359595,0.9989048081056296,0.0005478960276236517,0
3626,0.6117429325404605,1.0,0.9989380736095195,0.0005312453169009286,1
3627,0.6202176097117346,0.951229424500714,0.9989210081990278,0.0005397871658468728,0
3628,0.6288786972816526,0.9048374180359595,0.9988803443768182,0.0005601414529049258,0
3629,0.6376837592270912,0.8607079764250578,0.9989053028634607,0.0005476483775450751,0
3630,0.611745307425031,1.0,0.9989239050216726,0.0005383371921148551,1
3631,0.620219674745413,0.951229424500714,0.9989089695213927,0.000545813042808103,0
3632,0.6288755007821161,0.9048374180359595,0.9988986185225177,0.0005509942218851713,0
3633,0.6376791296066924,0.8607079764250578,0.9989313477747581,0.0005346118205820322,0
3634,0.6466227150117887,0.8187307530779818,0.9989001234332592,0.0005502409374276669,0
3635,0.6556599138206951,0.7788007830714049,0.9989157140863676,0.0005424370884362443,0
3636,0.6647746069578295,0.7408182206817179,0.9989221339536862,0.0005392236808391422,0
3637,0.6739433774549882,0.7046880897187134,0.9989083912894136,0.0005461024746603733,0
3638,0.6831381274162434,0.6703200460356393,0.998893430693448,0.0005535910032026803,0
3639,0.6923256948327521,0.6376281516217733,0.9989289565802125,0.0005358086983318775,0
3640,0.6117516440028545,1.0,0.9988861024011902,0.0005572592219106768,1
3641,0.611745842499453,1.0,0.9989207128032653,0.0005399350232869265,1
3642,0.6202181442857271,0.951229424500714,0.9989178917341487,0.0005413470838559161,0
3643,0.6288694412528837,0.9048374180359595,0.9989332616361484,0.0005336538670844423,0
3644,0.6117512143125958,1.0,0.9988886657703984,0.0005559761096955989,1
3645,0.6117436743526853,1.0,0.9989336479171697,0.0005334605203607908,1
3646,0.6202203554520046,0.951229424500714,0.9989050012017845,0.0005477993737009692,0
3647,0.6288719588962626,0.9048374180359595,0.9989188677449956,0.0005408585500243344,0
3648,0.6376815215724738,0.8607079764250578,0.9989178911546709,0.0005413473739086751,0
3649,0.6117482888822771,1.0,0.9989061180407744,0.0005472403423795316,1
3650,0.6202210122561637,0.951229424500714,0.9989011722476405,0.0005497159530943768,0
3651,0.6117458837907,1.0,0.9989204664630669,0.0005400583264808883,1
3652,0.6202213062823372,0.951229424500714,0.9988994581776732,0.000550573931583917,0
3653,0.6117482164542942,1.0,0.9989065501309481,0.000547024060752893,1
3654,0.6202176316357771,0.951229424500714,0.9989208803857496,0.0005398511415193003,0
3655,0.628872827820983,0.9048374180359595,0.9989138999868072,0.0005433451236097782,0
3656,0.6376813711213982,0.8607079764250578,0.9989187375490892,0.0005409237184374516,0
3657,0.6117501187963889,1.0,0.99889520124943,0.0005527047452904821,1
3658,0.6202157569717547,0.951229424500714,0.9989318094285845,0.0005343807467846312,0
3659,0.6288765017166612,0.9048374180359595,0.998892896206806,0.0005538585426461523,0
3660,0.6117459817433947,1.0,0.9989198820856782,0.0005403508310292028,1
3661,0.6202154225953913,0.951229424500714,0.9989337588163842,0.0005334050115646402,0
3662,0.6117446557127063,1.0,0.9989277931146943,0.0005363910551592272,1
3663,0.6202178099573644,0.951229424500714,0.9989198408034019,0.0005403714944867353,0
3664,0.6288719943692944,0.9048374180359595,0.9989186649402991,0.0005409600621308754,0
3665,0.6376786317634314,0.8607079764250578,0.998934148549746,0.0005332099369251243,0
3666,0.6466161947704717,0.8187307530779818,0.9989363343655465,0.0005321158641015157,0
3667,0.6556576991021399,0.7788007830714049,0.9989278935232625,0.000536340796990456,0
3668,0.611745813701179,1.0,0.9989208846114629,0.0005398490263801823,1
3669,0.6202201544206827,0.951229424500714,0.9989061731530409,0.0005472127560709364,0
3670,0.6288742201304612,0.9048374180359595,0.9989059400381858,0.0005473294411453464,0
3671,0.637682538228941,0.8607079764250578,0.998912171762447,0.0005442101760708986,0
3672,0.6466173952200233,0.8187307530779818,0.998929667405856,0.0005354529045660133,0
3673,0.6556579934346589,0.7788007830714049,0.9989262748857859,0.0005371509849922515,0
3674,0.6117432077437502,1.0,0.9989364317281965,0.000532067130943112,1
3675,0.6117441267744945,1.0,0.9989309487583079,0.0005348115422800136,1
3676,0.6117471498805302,1.0,0.9989129131190282,0.0005438390942445736,1
3677,0.6117471249951105,1.0,0.9989130615817112,0.0005437647821248388,1
3678,0.6202175208324052,0.951229424500714,0.9989215263499862,0.0005395278105926752,0
3679,0.6288763931588914,0.9048374180359595,0.9988935168264895,0.0005535478889749025,0
3680,0.6376833954105896,0.8607079764250578,0.9989073495586334,0.0005466239095249059,0
3681,0.6466205332404004,0.8187307530779818,0.9989122399797657,0.0005441760302679157,0
3682,0.6556644369627272,0.7788007830714049,0.9988908404379536,0.0005548875673671891,0
3683,0.664773919310707,0.7408182206817179,0.9989258895018615,0.0005373438841122636,0
3684,0.6117434974278971,1.0,0.9989347034574753,0.0005329321870975358,1
3685,0.6117449167294076,1.0,0.9989262358954268,0.0005371705011271211,1
3686,0.6117475903246475,1.0,0.998910285500935,0.000545154334799893,1
3687,0.6202184993779097,0.951229424500714,0.9989158216218037,0.0005423832623581996,0
3688,0.628870931743396,0.9048374180359595,0.9989247401577387,0.0005379191744296406,0
3689,0.6376801032538113,0.8607079764250578,0.9989258702436973,0.0005373535235482623,0
3690,0.6117443365807073,1.0,0.9989296970533525,0.0005354380649346203,1
3691,0.6202211845575095,0.951229424500714,0.9989001677904245,0.0005502187344249802,0
3692,0.628870546449413,0.9048374180359595,0.9989269429629575,0.0005368165874671593,0
3693,0.6376863018023788,0.8607079764250578,0.9988909994395616,0.0005548079782925395,0
3694,0.6466214513431614,0.8187307530779818,0.9989071412408236,0.0005467281823744246,0
3695,0.6117485590286162,1.0,0.9989045064067746,0.000548047042464186,1
3696,0.611750033478856,1.0,0.998895710227653,0.0005524499747736557,1
3697,0.620212684390788,0.951229424500714,0.9989497225370523,0.0005254146954038783,0
3698,0.6288711946887208,0.9048374180359595,0.9989232368488306,0.0005386716385437445,0
3699,0.6376792641715505,0.8607079764250578,0.9989305907392548,0.0005349907434138229,0
3700,0.6466214238029622,0.8187307530779818,0.9989072941865129,0.0005466516258701735,0
3701,0.6556579868397866,0.7788007830714049,0.9989263111532618,0.0005371328317630925,0
3702,0.6117429278595652,1.0,0.9989381015360903,0.0005312313387719972,1
3703,0.6202184912312747,0.951229424500714,0.9989158691148953,0.0005423594900395527,0
3704,0.6117455041778872,1.0,0.998922731205444,0.0005389247328236369,1
3705,0.6202198296239817,0.951229424500714,0.9989080666228272,0.0005462649853780674,0
3706,0.6117441228545746,1.0,0.9989309721445927,0.0005347998366238024,1
3707,0.6117461969049117,1.0,0.9989185984522891,0.0005409933421238296,1
3708,0.6117460073186807,1.0,0.9989197295057962,0.0005404272034672366,1
3709,0.6117465579392087,1.0,0.9989164445611568,0.0005420714547236803,1
3710,0.6202176181542668,0.951229424500714,0.9989209589805601,0.0005398118016631766,0
3711,0.6288718703774481,0.9048374180359595,0.9989193738207105,0.0005406052383676195,0
3712,0.6376796638788245,0.8607079764250578,0.9989283420688805,0.0005361162835294971,0
3713,0.6117455427044395,1.0,0.9989225013584897,0.0005390397802509764,1
3714,0.620218288820173,0.951229424500714,0.9989170491281508,0.000541768843422023,0
3715,0.6117467550623167,1.0,0.9989152685491902,0.0005426600988816808,1
3716,0.6117465429926487,1.0,0.9989165337305612,0.0005420268216610807,1
3717,0.6117453989502184,1.0,0.9989233589874085,0.0005386105034304961,1
3718,0.6117463118837018,1.0,0.9989179125006469,0.0005413366893589371,1
3719,0.6117469639300878,1.0,0.9989140224722861,0.0005432838142860656,1
3720,0.6202209393509729,0.951229424500714,0.9989015972601052,0.0005495032131426521,0
3721,0.6117469993343315,1.0,0.9989138112555821,0.0005433895374622323,1
3722,0.6202210861731765,0.951229424500714,0.9989007413368605,0.0005499316455396935,0
3723,0.6288738235157659,0.9048374180359595,0.9989082075084936,0.0005461944655468023,0
3724,0.6376844377476365,0.8607079764250578,0.9989014857758299,0.0005495590165780587,0
3725,0.6117502794737757,1.0,0.9988942426984945,0.0005531845510770266,1
3726,0.6202154819133383,0.951229424500714,0.9989334129970407,0.0005335781058265659,0
3727,0.6288735275290123,0.9048374180359595,0.9989098996872932,0.0005453474521008047,0
3728,0.611744169037974,1.0,0.9989306966139804,0.000534937749381537,1
3729,0.6202173720724299,0.951229424500714,0.9989223935955037,0.0005390937198667333,0
3730,0.6117447098907148,1.0,0.9989274698897194,0.0005365528411408245,1
3731,0.620219586708959,0.951229424500714,0.9989094827497174,0.000545556148432127,0
3732,0.6117474293301688,1.0,0.9989112459666553,0.0005446735782832679,1
3733,0.6117518698734088,1.0,0.9988847549470331,0.0005579337007440262,1
3734,0.6117505698369569,1.0,0.9988925104862484,0.0005540516167152022,1
3735,0.6117510821397794,1.0,0.9988894542653035,0.0005555814237706297,1
3736,0.6202174449945927,0.951229424500714,0.9989219684714828,0.00053930651122777,0
3737,0.6117464682680362,1.0,0.9989169795289161,0.0005418036807677229,1
3738,0.6202170206169557,0.951229424500714,0.9989244425257895,0.0005380681506145273,0
3739,0.6117426842699341,1.0,0.9989395548116357,0.0005305039290926584,1
3740,0.6202181823286934,0.951229424500714,0.9989176699514062,0.0005414580953659492,0
3741,0.6117417020923992,1.0,0.9989454145948079,0.0005275709358212554,1
3742,0.620218881133342,0.951229424500714,0.9989135960751715,0.0005434972446694859,0
3743,0.6117437550667693,1.0,0.9989331663742975,0.0005337015488761295,1
3744,0.6202160936620978,0.951229424500714,0.9989298465559435,0.0005353632335524664,0
3745,0.6288735267577706,0.9048374180359595,0.9989099040965453,0.0005453452450688028,0
3746,0.6376814452853086,0.8607079764250578,0.9989183203241742,0.0005411325567475866,0
3747,0.6466202039901464,0.8187307530779818,0.9989140684986456,0.0005432607760878838,0
3748,0.6556602628445303,0.7788007830714049,0.9989137947098583,0.0005433978193198314,0
3749,0.6117479886951702,1.0,0.9989079088959959,0.0005463439350076333,1
3750,0.6202216209540337,0.951229424500714,0.9988976237561571,0.0005514921537260382,0
3751,0.6117509991647317,1.0,0.9988899492647068,0.0005553336489650483,1
3752,0.6202183904169893,0.951229424500714,0.9989164568402813,0.0005420653085017302,0
3753,0.6117484256323087,1.0,0.9989053022194951,0.0005476486998806668,1
3754,0.6117506273154412,1.0,0.9988921675888501,0.0005542232555319529,1
3755,0.6202130678814403,0.951229424500714,0.9989474867663578,0.000526533757327587,0
3756,0.6117489917587584,1.0,0.9989019248414692,0.0005493392423815453,1
3757,0.6202194885778429,0.951229424500714,0.9989100548275901,0.000545269797306836,0
3758,0.6288758085829851,0.9048374180359595,0.998896858828546,0.0005518750397624857,0
3759,0.6376838104301652,0.8607079764250578,0.9989050148146061,0.0005477925598289975,0
3760,0.6117492183062778,1.0,0.9989005733167344,0.0005500157480602217,1
3761,0.620219987708321,0.951229424500714,0.9989071450367186,0.0005467262823504269,0
3762,0.6288764802332031,0.9048374180359595,0.9988930190266879,0.0005537970646463873,0
3763,0.6376863889736188,0.8607079764250578,0.9988905090567216,0.0005550534419921268,0
3764,0.611746454227015,1.0,0.9989170632960501,0.0005417617517925355,1
3765,0.6117472002020032,1.0,0.9989126129087669,0.0005439893627527132,1
3766,0.611746759104465,1.0,0.9989152444342579,0.0005426721694412973,1
3767,0.6202229879830505,0.951229424500714,0.9988896545300379,0.0005554811800883084,0
3768,0.6117474218567656,1.0,0.9989112905517435,0.0005446512614420734,1
3769,0.6117469075680966,1.0,0.9989143587200819,0.0005431155076391813,1
3770,0.6117486413568514,1.0,0.9989040152552969,0.0005482928875851895,1
3771,0.6117478550010959,1.0,0.9989087064891992,0.0005459447025670191,1
3772,0.6117477827299089,1.0,0.9989091376456353,0.0005457288888794433,1
3773,0.6202204301659073,0.951229424500714,0.9989045656430319,0.0005480173918543985,0
3774,0.6288700689126723,0.9048374180359595,0.998929673148199,0.0005354500303180918,0
3775,0.637682813402487,0.8607079764250578,0.9989106237291577,0.0005449850362300517,0
3776,0.6117486734397284,1.0,0.9989038238562665,0.0005483886921098481,1
3777,0.6202178337955555,0.951229424500714,0.9989197018312106,0.000540441055724411,0
3778,0.611748640686091,1.0,0.9989040192568994,0.0005482908845886931,1
3779,0.6202214027151887,0.951229424500714,0.9988988960087201,0.0005508553258257216,0
3780,0.628876849496538,0.9048374180359595,0.9988909079690645,0.0005548537643198903,0
3781,0.611744874426278,1.0,0.9989264882746182,0.000537044175903933,1
3782,0.6202218880773581,0.951229424500714,0.99889606652812,0.000552271627625004,0
3783,0.6288692401142734,0.9048374180359595,0.9989344115995741,0.0005330782716928352,0
3784,0.6376798205169252,0.8607079764250578,0.9989274608571336,0.000536557362282843,0
3785,0.6117449915458234,1.0,0.9989257895431871,0.000537393917193036,1
3786,0.6117493004581749,1.0,0.9989000832201401,0.0005502610661266951,1
3787,0.6117444743473396,1.0,0.9989288751381864,0.0005358494630073435,1
3788,0.6202142372517812,0.951229424500714,0.9989406693197304,0.0005299460837917813,0
3789,0.6288709163286816,0.9048374180359595,0.998924828286716,0.0005378750625111696,0
3790,0.6376831483340506,0.8607079764250578,0.998908739521649,0.0005459281682986006,0
3791,0.6117430032405253,1.0,0.9989376518077954,0.0005314564420068382,1
3792,0.6202167738878263,0.951229424500714,0.9989258809214908,0.0005373481789107191,0
3793,0.6117462711479212,1.0,0.998918155526045,0.0005412150450448735,1
3794,0.6202156773474754,0.951229424500714,0.9989322736313542,0.0005341483972601395,0
3795,0.6288710987939526,0.9048374180359595,0.9989237850972771,0.0005383972189107867,0
3796,0.6117467153644082,1.0,0.9989155053818125,0.0005425415539952112,1
3797,0.6202217484647108,0.951229424500714,0.9988968804166635,0.0005518642337833603,0
3798,0.6288753385460042,0.9048374180359595,0.9988995460261649,0.00055052995894626,0
3799,0.6376828831283706,0.8607079764250578,0.9989102314754128,0.0005451813770300501,0
3800,0.6466210800670807,0.8187307530779818,0.9989092031410388,0.0005456961054164941,0
3801,0.6117461637316329,1.0,0.9989187963607914,0.0005408942807574014,1
3802,0.6202197747431812,0.951229424500714,0.9989083865623504,0.0005461048407748177,0
3803,0.6117426378830426,1.0,0.9989398315599608,0.0005303654080552952,1
3804,0.6202157391753902,0.951229424500714,0.998931913179848,0.00053432881568325,0
3805,0.6288686810675206,0.9048374180359595,0.9989376078293472,0.0005314784546164943,0
3806,0.6376796214173226,0.8607079764250578,0.9989285809481894,0.0005359967157535942,0
3807,0.6466145283175346,0.8187307530779818,0.9989455894676603,0.0005274834070962039,0
3808,0.6556656014448518,0.7788007830714049,0.9988844368385119,0.0005580929326125425,0
3809,0.6647726920219138,0.7408182206817179,0.9989325923132593,0.0005339888860186405,0
3810,0.6739402755601253,0.7046880897187134,0.998925262057561,0.0005376579436957419,0
3811,0.6831374688982956,0.6703200460356393,0.9988970068470263,0.0005518009487950329,0
3812,0.6923236938077657,0.6376281516217733,0.9989398348222768,0.0005303637751661259,0
3813,0.611741996526415,1.0,0.9989436579624894,0.0005284501799908519,1
3814,0.6202232788756775,0.951229424500714,0.9988879587553992,0.0005563300106224822,0
3815,0.6288734438441725,0.9048374180359595,0.9989103781205962,0.0005451079744518531,0
3816,0.6376813491201356,0.8607079764250578,0.9989188613219331,0.0005408617650314636,0
3817,0.6466197570634455,0.8187307530779818,0.9989165505501058,0.0005420184027672838,0
3818,0.6556608592347326,0.7788007830714049,0.9989105150087231,0.0005450394557336391,0
3819,0.66478075424491,0.7408182206817179,0.9988885615686438,0.0005560282685414824,0
3820,0.6739451160466297,0.7046880897187134,0.9988989354665483,0.0005508355751644452,0
3821,0.6831376949083475,0.6703200460356393,0.9988957794733258,0.0005524153136625479,0
3822,0.6923270114299398,0.6376281516217733,0.9989217991786419,0.000539391249005396,0
3823,0.6117470336889663,1.0,0.9989136063007603,0.0005434921263144598,1
3824,0.6117452889880441,1.0,0.998924015015782,0.0005382821358174271,1
3825,0.6117442225224567,1.0,0.9989303775251761,0.0005350974645931896,1
3826,0.6202215357463673,0.951229424500714,0.9988981204853806,0.0005512435150826593,0
3827,0.6117513652020461,1.0,0.9988877656200106,0.0005564266858329399,1
3828,0.6117479567709423,1.0,0.9989080993497298,0.0005462486040396856,1
3829,0.6202183678253481,0.951229424500714,0.9989165885447099,0.0005419993848606595,0
3830,0.628874830921891,0.9048374180359595,0.9989024481201235,0.000549077315507572,0
3831,0.6376787701930844,0.8607079764250578,0.9989333697688599,0.0005335997429953562,0
3832,0.6466203859405892,0.8187307530779818,0.9989130580211042,0.0005437665643655656,0
3833,0.655658867790865,0.7788007830714049,0.9989214665132163,0.0005395577612795215,0
3834,0.6647757133354303,0.7408182206817179,0.9989160915641755,0.0005422481446988873,0
3835,0.6739417052984317,0.7046880897187134,0.9989174858754257,0.0005415502330880428,0
3836,0.6831317740793004,0.6703200460356393,0.9989279337194997,0.0005363206773018312,0
3837,0.6923305454893639,0.6376281516217733,0.9989025872558654,0.0005490076712031989,0
3838,0.6117464353960047,1.0,0.99891717563973,0.0005417055190592363,1
3839,0.6202247640921611,0.951229424500714,0.9988793006678184,0.0005606638926300022,0
3840,0.6117454631882207,1.0,0.998922975747267,0.0005388023300664511,1
3841,0.6117479033321652,1.0,0.9989084181552002,0.0005460890270877457,1
3842,0.6202175959015493,0.951229424500714,0.9989210887099691,0.0005397468668955972,0
3843,0.6117443939834888,1.0,0.9989293545884693,0.0005356094808725593,1
3844,0.6202176038490425,0.951229424500714,0.9989210423774865,0.0005397700581588038,0
3845,0.6117473605155963,1.0,0.9989116565031306,0.0005444680863576336,1
3846,0.6202190081412644,0.951229424500714,0.9989128556496744,0.0005438678601933924,0
3847,0.6288731450116128,0.9048374180359595,0.9989120865741374,0.0005442528166130813,0
3848,0.6376859663350178,0.8607079764250578,0.9988928866180586,0.000553863342333558,0
3849,0.6466253626595277,0.8187307530779818,0.9988854198677005,0.0005576008693324184,0
3850,0.6556627102450668,0.7788007830714049,0.99890033591298,0.0005501345805992042,0
3851,0.6117491405314706,1.0,0.998901037301094,0.0005497835005952451,1
3852,0.6117498777478417,1.0,0.9988966392721048,0.000551984939229801,1
3853,0.6202180724239961,0.951229424500714,0.9989183106735903,0.0005411373872645893,0
3854,0.6288747513263302,0.9048374180359595,0.9989029031700634,0.0005488495405946685,0
3855,0.6376804771160602,0.8607079764250578,0.9989237669847034,0.0005384062849546935,0
3856,0.6466181281711507,0.8187307530779818,0.9989255968279656,0.0005374903784327804,0
3857,0.6117457629670108,1.0,0.9989211872875571,0.0005396975248683958,1
3858,0.6117456872679193,1.0,0.9989216389026945,0.0005394714734836406,1
3859,0.6202169558183015,0.951229424500714,0.998924820292433,0.0005378790639549119,0
3860,0.6117454394555499,1.0,0.9989231173349585,0.0005387314598967899,1
3861,0.6117467153734517,1.0,0.9989155053278601,0.0005425415810007139,1
3862,0.6117473967283411,1.0,0.9989114404637912,0.0005445762237296482,1
3863,0.6202176726146894,0.951229424500714,0.9989206414860246,0.0005399707204360411,0
3864,0.6288732014554755,0.9048374180359595,0.9989117638790206,0.000544414339920928,0
3865,0.6376871650419366,0.8607079764250578,0.9988861432889222,0.0005572387552473832,0
3866,0.6117422069087785,1.0,0.9989424027962911,0.0005290784271281188,1
3867,0.6202221230215141,0.951229424500714,0.9988946968953345,0.0005529572013150096,0
3868,0.6117496320010561,1.0,0.998898105326241,0.0005512511030135597,1
3869,0.620214642269922,0.951229424500714,0.9989383080733566,0.0005311279603721455,0
3870,0.6288730892258031,0.9048374180359595,0.9989124055072399,0.0005440931764126091,0
3871,0.6117451580396074,1.0,0.9989247962479013,0.0005378910991608843,1
3872,0.6117475594633064,1.0,0.9989104696143482,0.0005450621776768345,1
3873,0.6117487586437969,1.0,0.9989033155487508,0.0005486431248354652,1
3874,0.6117441831291305,1.0,0.9989306125460259,0.0005349798283557594,1
3875,0.6202190302462192,0.951229424500714,0.9989127267832096,0.0005439323635544025,0
3876,0.61174436153709,1.0,0.9989295481636,0.0005355125895803488,1
3877,0.6202193827667116,0.951229424500714,0.9989106716783974,0.0005449610354649433,0
3878,0.6117463565517843,1.0,0.9989176460156485,0.0005414700762121371,1
3879,0.6202171047281104,0.951229424500714,0.9989239521704059,0.0005383135923532289,0
3880,0.6288725965056057,0.9048374180359595,0.9989152224443116,0.0005426831763543812,0
3881,0.6117487099030489,1.0,0.9989036063245897,0.0005484975773174603,1
3882,0.6202195784566551,0.951229424500714,0.9989095308584001,0.0005455320678310371,0
3883,0.6117482021459709,1.0,0.9989066354914405,0.0005469813337887205,1
3884,0.6202192936747416,0.951229424500714,0.9989111910613543,0.0005447010608562805,0
3885,0.6117509029014999,1.0,0.9988905235371155,0.0005550461937533535,1
3886,0.6202185861175313,0.951229424500714,0.998915315949079,0.0005426363732018512,0
3887,0.6288735013304672,0.9048374180359595,0.9989100494665566,0.0005452724807483895,0
3888,0.6117462621569424,1.0,0.998918209165295,0.0005411881963745199,1
3889,0.620219282032615,0.951229424500714,0.9989112589319455,0.0005446670885724997,0
3890,0.6288705855630754,0.9048374180359595,0.9989267193417765,0.0005369285181782207,0
3891,0.6376828382095459,0.8607079764250578,0.9989104841731878,0.0005450548903172831,0
3892,0.6466244088892048,0.8187307530779818,0.9988907165479416,0.0005549495811602234,0
3893,0.6556612323291112,0.7788007830714049,0.998908463274403,0.000546066442834285,0
3894,0.6117433522970248,1.0,0.9989355693152647,0.0005324987967011556,1
3895,0.6117436914451642,1.0,0.9989335459428512,0.0005335115619508938,1
3896,0.6117493302659208,1.0,0.9988999053950633,0.000550350076577104,1
3897,0.6202143502218188,0.951229424500714,0.9989400107062291,0.0005302757398657708,0
3898,0.6117486722218655,1.0,0.9989038311217542,0.0005483850553795288,1
3899,0.620219751613661,0.951229424500714,0.9989085214009457,0.0005460373478055258,0
3900,0.6117426564751162,1.0,0.9989397206379805,0.0005304209279088535,1
3901,0.6202161049012973,0.951229424500714,0.9989297810325756,0.000535396030335122,0
3902,0.6288746870562,0.9048374180359595,0.9989032706043146,0.0005486656217260365,0
3903,0.6117447748190282,1.0,0.9989270825288342,0.000536746729572147,1
3904,0.6202178585215372,0.951229424500714,0.9989195576833947,0.00054051320758309,0
3905,0.6288752496766052,0.9048374180359595,0.9989000540929016,0.0005502756457825976,0
3906,0.6376837146852599,0.8607079764250578,0.9989055534388057,0.0005475229525858979,0
3907,0.6466204665626842,0.8187307530779818,0.998912610279719,0.0005439906787075695,0
3908,0.6117454284464794,1.0,0.998923183014424,0.0005386985847624882,1
3909,0.6202226522826548,0.951229424500714,0.9988916115191389,0.0005545015988226863,0
3910,0.6288731586270161,0.9048374180359595,0.9989120087335246,0.0005442917793090893,0
3911,0.6117434618901327,1.0,0.9989349154773889,0.0005328260640994821,1
3912,0.6202175680266218,0.951229424500714,0.9989212512159032,0.0005396655261757307,0
3913,0.6117477386330719,1.0,0.9989094007192858,0.0005455972084262041,1
3914,0.6202156848636698,0.951229424500714,0.9989322298125677,0.0005341703300720957,0
3915,0.6288705311817795,0.9048374180359595,0.9989270302513046,0.000536772896412522,0
3916,0.6376782878081597,0.8607079764250578,0.9989360835850123,0.0005322413878997038,0
3917,0.6117457759609118,1.0,0.9989211097669427,0.0005397363270373722,1
3918,0.611746501444455,1.0,0.9989167816022204,0.0005419027514209361,1
3919,0.6202178383628705,0.951229424500714,0.9989196752046225,0.0005404543834164794,0
3920,0.6288672898420264,0.9048374180359595,0.9989455619225802,0.0005274971941736871,0
3921,0.6376805644380289,0.8607079764250578,0.9989232757331563,0.0005386521754240602,0
3922,0.6117454311448085,1.0,0.998923166916351,0.0005387066424757099,1
3923,0.6202184735412503,0.951229424500714,0.9989159722438594,0.0005423078695968165,0
3924,0.6117444810292524,1.0,0.9989288352739482,0.0005358694164995405,1
3925,0.6202184732091269,0.951229424500714,0.9989159741800656,0.0005423069004431731,0
3926,0.6288717811974861,0.9048374180359595,0.9989198836766591,0.0005403500346785668,0
3927,0.6376813363800931,0.8607079764250578,0.9989189329937972,0.0005408258903151517,0
3928,0.6466205285019501,0.8187307530779818,0.9989122662951172,0.0005441628582644024,0
3929,0.6117519292836368,1.0,0.9988844005296246,0.0005581111073315715,1
3930,0.6202180286646221,0.951229424500714,0.9989185657820641,0.0005410096949205654,0
3931,0.6117512543763047,1.0,0.9988884267650809,0.0005560957453237752,1
3932,0.6202163487347847,0.951229424500714,0.9989283595101275,0.000536107553550528,0
3933,0.6288724100410363,0.9048374180359595,0.9989162884861442,0.0005421495768857857,0
3934,0.6117485970613689,1.0,0.9989042795120001,0.0005481606142815412,1
3935,0.6202177431554734,0.951229424500714,0.998920230246069,0.00054017656263368,0
3936,0.6288743273286154,0.9048374180359595,0.9989053271810239,0.0005476362054388427,0
3937,0.6117484580250221,1.0,0.9989051089716798,0.0005477454296875813,1
3938,0.620217962352946,0.951229424500714,0.9989189523661638,0.0005408161936491793,0
3939,0.6117492846435048,1.0,0.9989001775662715,0.0005502138411196485,1
3940,0.611748166539978,1.0,0.9989068479094659,0.000546875008535037,1
3941,0.6117479472043259,1.0,0.9989081564223128,0.0005462200365561623,1
3942,0.6117502782179126,1.0,0.9988942501905747,0.0005531808008901613,1
3943,0.6202110980532493,0.951229424500714,0.9989589710442044,0.000520785601400795,0
3944,0.6117396772507625,1.0,0.9989574951934556,0.0005215242963231124,1
3945,0.6202122916203114,0.951229424500714,0.9989520124170053,0.0005242685529721017,0
3946,0.6117423126956414,1.0,0.9989417716601805,0.0005293943293804602,1
3947,0.620217547437533,0.951229424500714,0.9989213712467004,0.0005396054459692664,0
3948,0.6288679519478455,0.9048374180359595,0.9989417764353709,0.0005293919392559714,0
3949,0.637684334507523,0.8607079764250578,0.998902066562572,0.0005492683039394647,0
3950,0.6466192868510492,0.8187307530779818,0.9989191619291374,0.0005407112987770184,0
3951,0.6556586476984183,0.7788007830714049,0.9989226768714797,0.0005389519291042112,0
3952,0.6647800087733579,0.7408182206817179,0.9988926327706934,0.0005539904067069891,0
3953,0.6117438813143363,1.0,0.9989324131778697,0.000534078549428866,1
3954,0.6202243074981916,0.951229424500714,0.9988819623765385,0.000559331546884163,0
3955,0.6288729225274825,0.9048374180359595,0.9989133585391785,0.0005436161418504186,0
3956,0.6117506913903028,1.0,0.9988917853398798,0.0005544145920224353,1
3957,0.6202209140009163,0.951229424500714,0.9989017450423736,0.0005494292407624595,0
3958,0.6288711006610509,0.9048374180359595,0.9989237744227207,0.0005384025619392304,0
3959,0.6376889105174154,0.8607079764250578,0.9988763242166974,0.0005621537901349839,0
3960,0.6466173580580222,0.8187307530779818,0.9989298737923552,0.0005353496007576095,0
3961,0.6556598857024416,0.7788007830714049,0.9989158687164388,0.0005423596894840449,0
3962,0.6647770597847928,0.7408182206817179,0.9989087380973792,0.0005459288812114923,0
3963,0.673940189112038,0.7046880897187134,0.9989257322408097,0.0005374225991930437,0
3964,0.6117489572099599,1.0,0.998902130951033,0.0005492360743240671,1
3965,0.6117513266386949,1.0,0.9988879956745172,0.0005563115305131307,1
3966,0.6117443124374367,1.0,0.9989298410921109,0.0005353659683954979,1
3967,0.6117477816425713,1.0,0.9989091441324912,0.0005457256419094397,1
3968,0.6117459874078859,1.0,0.9989198482918246,0.0005403677462266569,1
3969,0.6117481437282807,1.0,0.998906983999392,0.0005468068891117253,1
3970,0.6117438845500521,1.0,0.9989323938735122,0.0005340882119232739,1
3971,0.6117495014415432,1.0,0.9988988842077873,0.000550861232796345,1
3972,0.6117438316445211,1.0,0.9989327095092407,0.0005339302254165867,1
3973,0.6117448722796965,1.0,0.9989265010810604,0.0005370377658015361,1
3974,0.6117452535796571,1.0,0.9989242262604373,0.0005381763997304637,1
3975,0.6117456423879517,1.0,0.9989219066533805,0.000539337453636758,1
3976,0.6202180870332115,0.951229424500714,0.9989182255047819,0.0005411800177835946,0
3977,0.6117426218774917,1.0,0.9989399270505294,0.0005303176121015012,1
3978,0.611748746422873,1.0,0.998903388455896,0.0005486066312422424,1
3979,0.6117440756418254,1.0,0.9989312538164333,0.0005346588500047181,1
3980,0.6202180102711757,0.951229424500714,0.9989186730122369,0.0005409560217930399,0
3981,0.6288728226645723,0.9048374180359595,0.9989139294665944,0.0005433303676900114,0
3982,0.611744925231584,1.0,0.9989261851717111,0.0005371958902475868,1
3983,0.6117506604554139,1.0,0.9988919698869452,0.000554322216125972,1
3984,0.611747669081886,1.0,0.9989098156491286,0.0005453895170398453,1
3985,0.6202160450516047,0.951229424500714,0.9989301299501506,0.0005352213846689564,0
3986,0.6117494152709636,1.0,0.9988993982778674,0.0005506039144850897,1
3987,0.6117391854709828,1.0,0.9989604292802183,0.0005200557241026039,1
3988,0.6202145570572623,0.951229424500714,0.998938804860527,0.0005308793028510079,0
3989,0.6288669140986449,0.9048374180359595,0.9989477101856696,0.000526421929984455,0
3990,0.6117445783221122,1.0,0.9989282548257893,0.0005361599518745345,1
3991,0.6202138757269425,0.951229424500714,0.9989427770078801,0.0005288911232766042,0
3992,0.6117451537964328,1.0,0.9989248215624935,0.0005378784282411563,1
3993,0.6117457844412509,1.0,0.9989210591738966,0.0005397616508826782,1
3994,0.6202181084766992,0.951229424500714,0.9989181004935496,0.0005412425910938817,0
3995,0.6117521271537976,1.0,0.9988832201175758,0.000558701972873984,1
3996,0.6202119787291464,0.951229424500714,0.9989538366002167,0.0005233555053365588,0
3997,0.6117447202782155,1.0,0.9989274079181046,0.0005365838602180617,1
3998,0.6202194308854649,0.951229424500714,0.9989103911587717,0.0005451014482531292,0
3999,0.6288714334843504,0.9048374180359595,0.9989218716110247,0.0005393549937248261,0
4000,0.6376837310576787,0.8607079764250578,0.9989054613338157,0.0005475690555402561,0
4001,0.6466165523110581,0.8187307530779818,0.9989343486798293,0.0005331097651252503,0
4002,0.6556651011562767,0.7788007830714049,0.9988871879677371,0.0005567158336533393,0
4003,0.6647734335691409,0.7408182206817179,0.9989285423630275,0.0005360160290274673,0
4004,0.6739456110081591,0.7046880897187134,0.998896243495422,0.0005521830461938196,0
4005,0.6117448502060153,1.0,0.9989266327720153,0.0005369718495673966,1
4006,0.6202197092451035,0.951229424500714,0.9989087683977839,0.0005459137144585123,0
4007,0.6288736425517307,0.9048374180359595,0.9989092420931953,0.0005456766080709809,0
4008,0.6117453262160514,1.0,0.9989237929154354,0.0005383933056200484,1
4009,0.6117420990392549,1.0,0.9989430463584005,0.0005287563055021302,1
4010,0.6202150057158065,0.951229424500714,0.9989361891990456,0.0005321885246437786,0
4011,0.6288738636278324,0.9048374180359595,0.9989079781850555,0.0005463092526027085,0
4012,0.6376813914836892,0.8607079764250578,0.9989186229966506,0.000540981056657729,0
4013,0.6117488570995293,1.0,0.9989027281853934,0.0005489371290303276,1
4014,0.6202213855271789,0.951229424500714,0.9988989962086224,0.0005508051706509668,0
4015,0.6288727835709615,0.9048374180359595,0.998914152969256,0.0005432184948699528,0
4016,0.637683042867968,0.8607079764250578,0.9989093328363458,0.0005456311869543697,0
4017,0.6117459998989816,1.0,0.9989197737710572,0.0005404050469021302,1
4018,0.611751344839321,1.0,0.9988878870963904,0.0005563658800163683,1
4019,0.6202158679663141,0.951229424500714,0.9989311623402644,0.0005347046370259801,0
4020,0.6288779589723382,0.9048374180359595,0.9988845651949835,0.0005580286827060057,0
4021,0.637675869361014,0.8607079764250578,0.9989496895037177,0.0005254312294368086,0
4022,0.6117472553856188,1.0,0.9989122836918566,0.0005441541504229902,1
4023,0.6202148991241169,0.951229424500714,0.9989368106234754,0.0005318774816346141,0
4024,0.6117426795161907,1.0,0.9989395831728866,0.0005304897334136786,1
4025,0.6117427710724119,1.0,0.9989390369406314,0.000530763139540381,1
4026,0.6117452735907863,1.0,0.9989241068750387,0.0005382361567183059,1
4027,0.6117434681979403,1.0,0.9989348778447178,0.0005328449004977622,1
4028,0.611745126611535,1.0,0.9989249837464163,0.0005377972490042018,1
4029,0.6117468613007576,1.0,0.9989146347447138,0.0005429773453476664,1
4030,0.6117478644595592,1.0,0.9989086500617896,0.0005459729470956528,1
4031,0.6117477980460158,1.0,0.9989090462725719,0.0005457746253053169,1
4032,0.6117440076467966,1.0,0.9989316594758186,0.0005344558033478789,1
4033,0.6117508173020244,1.0,0.99889103419374,0.0005547905819110376,1
4034,0.6117435581666538,1.0,0.9989343410874548,0.0005331135653622343,1
4035,0.6117457366031585,1.0,0.9989213445723003,0.000539618797570943,1
4036,0.6117465171658731,1.0,0.9989166878100696,0.0005419496983523333,1
4037,0.6117435000271585,1.0,0.9989346879501664,0.0005329399490207606,1
4038,0.6117511121781946,1.0,0.9988892750669723,0.0005556711225588365,1
4039,0.6117445808957791,1.0,0.9989282394713269,0.0005361676373426347,1
4040,0.6117468728510931,1.0,0.9989145658369775,0.0005430118366526609,1
4041,0.6117447888081017,1.0,0.9989269990703603,0.0005367885036309533,1
4042,0.6117456585012546,1.0,0.9989218105225518,0.000539385570928358,1
4043,0.6117431420920854,1.0,0.9989368234100746,0.0005318710815304838,1
4044,0.6117455588569098,1.0,0.9989224049939054,0.0005390880145178138,1
4045,0.6117444940026349,1.0,0.9989287578748577,0.0005359081575443184,1
4046,0.6117458561203355,1.0,0.9989206315421856,0.0005399756977278748,1
4047,0.6117458488499756,1.0,0.998920674916561,0.0005399539871068673,1
4048,0.6117467207011725,1.0,0.9989154735433569,0.0005425574905063494,1
4049,0.6117467817049365,1.0,0.9989151096027906,0.0005427396583885303,1
4050,0.611750244398394,1.0,0.9988944519471119,0.0005530798109621256,1
4051,0.6202175400604436,0.951229424500714,0.9989214142538502,0.0005395839191754471,0
4052,0.6288778831992017,0.9048374180359595,0.9988849983815021,0.0005578118476282961,0
4053,0.6117456856545076,1.0,0.9989216485281921,0.0005394666555393405,1
4054,0.620218888587639,0.951229424500714,0.9989135526184003,0.0005435189966870189,0
4055,0.6117442194339382,1.0,0.9989303959512957,0.0005350882416683881,1
4056,0.6202180725026691,0.951229424500714,0.998918310214942,0.0005411376168370769,0
4057,0.6288689576853991,0.9048374180359595,0.9989360263242881,0.00053227004875536,0
4058,0.611746789616979,1.0,0.9989150624005826,0.0005427632851255094,1
4059,0.62022019457403,0.951229424500714,0.9989059390711232,0.0005473299252062296,0
4060,0.6288769540680091,0.9048374180359595,0.9988903101409703,0.0005551530103478873,0
4061,0.6376817019993505,0.8607079764250578,0.9989168761262492,0.0005418554381581458,0
4062,0.6117531093148759,1.0,0.9988773609792166,0.0005616348259969018,1
4063,0.6117540056948582,1.0,0.9988720136178608,0.0005643115187912569,1
4064,0.6117521754639449,1.0,0.9988829319194117,0.0005588462330836856,1
4065,0.6117517095963481,1.0,0.9988857110961388,0.0005574550926546898,1
4066,0.6117442607231676,1.0,0.9989301496195574,0.0005352115394325085,1
4067,0.6117479422993406,1.0,0.998908185684508,0.0005462053894664001,1
4068,0.6117456462337373,1.0,0.9989218837096937,0.0005393489378613762,1
4069,0.6117462149259576,1.0,0.998918490940535,0.0005410471561984051,1
4070,0.6117469879394476,1.0,0.9989138792358385,0.0005433555103753154,1
4071,0.6117458956287154,1.0,0.998920395838454,0.0005400936769505583,1
4072,0.6117465405613757,1.0,0.9989165482352494,0.0005420195614508132,1
4073,0.6117442209716015,1.0,0.998930386777587,0.0005350928334341095,1
4074,0.6117455109234845,1.0,0.9989226909616347,0.0005389448764287373,1
4075,0.6117460482396844,1.0,0.9989194853747996,0.000540549400986841,1
4076,0.6202190333861,0.951229424500714,0.998912708478476,0.0005439415258832471,0
4077,0.6117470365840382,1.0,0.9989135890291797,0.0005435007714969413,1
4078,0.6202193363397305,0.951229424500714,0.9989109423355452,0.0005448255593313595,0
4079,0.6117460602594165,1.0,0.9989194136661846,0.0005405852940786188,1
4080,0.6117467850059104,1.0,0.9989150899096123,0.0005427495156718211,1
4081,0.6117495526402216,1.0,0.99889857877068,0.0005510141197195299,1
4082,0.6202205144452053,0.951229424500714,0.9989040743213337,0.0005482633221644258,0
4083,0.6288764020259549,0.9048374180359595,0.9988934661338841,0.0005535732633545664,0
4084,0.6376888180809599,0.8607079764250578,0.9988768442095564,0.0005618935012928983,0
4085,0.6466190707015892,0.8187307530779818,0.9989203623430204,0.0005401104427681077,0
4086,0.655666693256384,0.7788007830714049,0.9988784329051732,0.000561098260937372,0
4087,0.6647796670474416,0.7408182206817179,0.9988944990254636,0.000553056245734346,0
4088,0.6739439999941277,0.7046880897187134,0.9989050054231905,0.000547797260684226,0
4089,0.6831379873227054,0.6703200460356393,0.9988941914856171,0.0005532101858622148,0
4090,0.611747210920037,1.0,0.9989125489666228,0.0005440213686285441,1
4091,0.620223135214061,0.951229424500714,0.9988887962382159,0.0005559108032137353,0
4092,0.6117435857488418,1.0,0.998934176531006,0.0005331959313675035,1
4093,0.6202190975280812,0.951229424500714,0.9989123345466007,0.0005441286953636943,0
4094,0.6117457064472057,1.0,0.9989215244804722,0.0005395287463588813,1
4095,0.6202208227998154,0.951229424500714,0.9989022767142455,0.0005491631126207427,0
4096,0.6117497069466247,1.0,0.9988976582223473,0.0005514749016128787,1
4097,0.6117492090668096,1.0,0.9989006284369918,0.0005499881575985884,1
4098,0.6117473466259926,1.0,0.9989117393662631,0.0005444266096522299,1
4099,0.6202189211547775,0.951229424500714,0.998913362759789,0.0005436140292495415,0
4100,0.611750825549461,1.0,0.9988909849923916,0.0005548152098974378,1
4101,0.6117512794970048,1.0,0.9988882769042886,0.0005561707591088254,1
4102,0.611750122023365,1.0,0.9988951819982883,0.00055271438150747,1
4103,0.6117454976825766,1.0,0.9989227699560603,0.0005389053366208765,1
4104,0.6117491442008347,1.0,0.9989010154106105,0.0005497944578787336,1
4105,0.6117472139728737,1.0,0.9989125307538691,0.00054403048491898,1
4106,0.6117456397918162,1.0,0.9989219221417434,0.0005393297010974161,1
4107,0.6117490276135893,1.0,0.9989017109405084,0.0005494463104422391,1
4108,0.6117456190757482,1.0,0.9989220457323663,0.0005392678390977173,1
4109,0.6117492883857774,1.0,0.9989001552408641,0.0005502250161139879,1
4110,0.611743482025475,1.0,0.9989347953490159,0.0005328861923312862,1
4111,0.6117460312218186,1.0,0.998919586901832,0.0005404985825631205,1
4112,0.6117466095657463,1.0,0.9989161365634487,0.0005422256206488235,1
4113,0.6117534506872817,1.0,0.9988753245145706,0.0005626542037511154,1
4114,0.6117408203416814,1.0,0.9989506752640135,0.0005249378313108324,1
4115,0.6117483093530078,1.0,0.9989059959167333,0.0005473014712716244,1
4116,0.6202162679054947,0.951229424500714,0.99892883073569,0.0005358716880617937,0
4117,0.6117478332616159,1.0,0.9989088361828569,0.000545879784898136,1
4118,0.6202188749814037,0.951229424500714,0.9989136319395051,0.0005434792930002198,0
4119,0.6288664713785981,0.9048374180359595,0.9989502413870232,0.0005251549977312,0
4120,0.6117453606285541,1.0,0.9989235876123084,0.0005384960677875372,1
4121,0.6117503758303324,1.0,0.9988936678661352,0.0005534722855038078,1
4122,0.6117479486909739,1.0,0.9989081475532579,0.0005462244759307176,1
4123,0.6117463128706607,1.0,0.9989179066125544,0.0005413396365943522,1
4124,0.6202173337464243,0.951229424500714,0.9989226170298133,0.0005389818822074503,0
4125,0.6117426439948812,1.0,0.9989397950961809,0.0005303836592949469,1
4126,0.6202168902990786,0.951229424500714,0.9989252022600942,0.0005376878745979442,0
4127,0.6117455811380568,1.0,0.9989222720660589,0.0005391545501439645,1
4128,0.6117444075982299,1.0,0.9989292733629761,0.0005356501371492733,1
4129,0.6117504831881538,1.0,0.9988930274043382,0.0005537928711792221,1
4130,0.6117461583112211,1.0,0.9989188286984375,0.0005408780944338822,1
4131,0.6117506024958327,1.0,0.9988923156543047,0.0005541491407033559,1
4132,0.6202197078646321,0.951229424500714,0.9989087764455477,0.0005459096861808539,0
4133,0.6288687035077418,0.9048374180359595,0.9989374795319332,0.0005315426715511189,0
4134,0.6376836954657766,0.8607079764250578,0.9989056615603091,0.0005474688326057105,0
4135,0.6466218629076128,0.8187307530779818,0.998904855603236,0.0005478722527830438,0
4136,0.65565474785203,0.7788007830714049,0.9989441236491456,0.000528217090494738,0
4137,0.6647752630602897,0.7408182206817179,0.9989185506996168,0.0005410172443084118,0
4138,0.6739402916414445,0.7046880897187134,0.9989251745927611,0.0005377017231490692,0
4139,0.6117466592315532,1.0,0.9989158402633573,0.0005423739314651086,1
4140,0.6202182520647835,0.951229424500714,0.9989172634043922,0.0005416615891617171,0
4141,0.6117442499503557,1.0,0.9989302138901953,0.0005351793696978047,1
4142,0.6117456303183505,1.0,0.998921978659779,0.0005393014115820803,1
4143,0.6117449752559925,1.0,0.9989258867277496,0.0005373452726596784,1
4144,0.6117464499006434,1.0,0.9989170891066923,0.0005417488324808443,1
4145,0.6117446392935935,1.0,0.9989278910708429,0.0005363420245162877,1
4146,0.6202156283833924,0.951229424500714,0.9989325590879429,0.0005340055164285638,0
4147,0.6117479512061516,1.0,0.9989081325481943,0.0005462319866631682,1
4148,0.6117444011864444,1.0,0.9989293116156625,0.0005356309903054216,1
4149,0.6117464334085632,1.0,0.998917187496583,0.0005416995842064252,1
4150,0.6117435386993645,1.0,0.998934457230114,0.0005330554320857857,1
4151,0.6117451728216059,1.0,0.9989247080591582,0.0005379352409958942,1
4152,0.6202174163938234,0.951229424500714,0.9989221352091571,0.0005392230524263595,0
4153,0.6117412653315648,1.0,0.9989480203762952,0.0005262666713186199,1
4154,0.6202168650242874,0.951229424500714,0.9989253496085527,0.0005376141211039695,0
4155,0.6288736830093458,0.9048374180359595,0.9989090107939077,0.0005457923840116983,0
4156,0.6376773648254359,0.8607079764250578,0.9989412761565034,0.0005296423437362524,0
4157,0.6466203671265748,0.8187307530779818,0.998913162506305,0.0005437142649213948,0
4158,0.6556631534976043,0.7788007830714049,0.9988978983918683,0.0005513546843463565,0
4159,0.6117490286661091,1.0,0.9989017046614388,0.0005494494534289185,1
4160,0.6202176777011589,0.951229424500714,0.9989206118328239,0.0005399855630571103,0
4161,0.6288728206969443,0.9048374180359595,0.9989139407157482,0.0005433247369977934,0
4162,0.6117477967941692,1.0,0.9989090537408567,0.0005457708870847304,1
4163,0.6117457023864141,1.0,0.9989215487068567,0.0005395166200889254,1
4164,0.6117468759307577,1.0,0.9989145474641168,0.000543021033065219,1
4165,0.6202173161519217,0.951229424500714,0.9989227196028944,0.0005389305403547429,0
4166,0.6117479339731466,1.0,0.998908235356977,0.0005461805260862954,1
4167,0.6117451929293839,1.0,0.9989245880970714,0.0005379952866094437,1
4168,0.6117477419083748,1.0,0.9989093811794255,0.0005456069890231571,1
4169,0.6202167271234,0.951229424500714,0.9989261535517717,0.0005372117172127488,0
4170,0.6288741040015571,0.9048374180359595,0.9989066039534631,0.0005469971200378158,0
4171,0.6117458707642782,1.0,0.9989205441776227,0.0005400194272114423,1
4172,0.6202182378811472,0.951229424500714,0.998917346092046,0.0005416202005235984,0
4173,0.6288716509154065,0.9048374180359595,0.9989206285205493,0.0005399772101784607,0
4174,0.6117530183271712,1.0,0.9988779037694341,0.0005613631259408708,1
4175,0.6117408528914839,1.0,0.9989504810658223,0.000525035032411398,1
4176,0.6202201139213757,0.951229424500714,0.9989064092518785,0.0005470945773991182,0
4177,0.611745739969111,1.0,0.9989213244912811,0.0005396288489226085,1
4178,0.62021806972361,0.951229424500714,0.9989183264163027,0.0005411295073848655,0
4179,0.6288725486047053,0.9048374180359595,0.9989154962997489,0.0005425460999571192,0
4180,0.6117459896870345,1.0,0.9989198346946256,0.0005403745521776644,1
4181,0.6117462946534468,1.0,0.9989180152945321,0.0005412852367427335,1
4182,0.620219802147946,0.951229424500714,0.998908226800315,0.0005461848090933974,0
4183,0.6288718093674354,0.9048374180359595,0.9989197226245655,0.0005404306478033947,0
4184,0.637682970871443,0.8607079764250578,0.9989097378634678,0.0005454284523183713,0
4185,0.6117482697275078,1.0,0.9989062323140874,0.0005471831431571423,1
4186,0.6202240724474593,0.951229424500714,0.9988833326057253,0.0005586456659199483,0
4187,0.6117461528370866,1.0,0.9989188613565907,0.0005408617476839227,1
4188,0.6117484572434023,1.0,0.998905113634651,0.0005477430956465273,1
4189,0.6202174755662608,0.951229424500714,0.998921790243845,0.0005393957212258012,0
4190,0.6288710321365836,0.9048374180359595,0.9989241661902477,0.0005382064671719566,0
4191,0.611749070108395,1.0,0.9989014574272058,0.000549573206478129,1
4192,0.6117437824518472,1.0,0.998933002994103,0.0005337833262228739,1
4193,0.6117493419107305,1.0,0.9988998359252419,0.0005503848497427928,1
4194,0.6202175479920229,0.951229424500714,0.9989213680141203,0.0005396070640046225,0
4195,0.6288714408410666,0.9048374180359595,0.9989218295513874,0.0005393760462412162,0
4196,0.63767611540274,0.8607079764250578,0.9989483052889991,0.0005261240649679616,0
4197,0.6117443354112471,1.0,0.9989297040303516,0.0005354345726973301,1
4198,0.6117460125100787,1.0,0.9989196985343816,0.0005404427059216119,1
4199,0.6202159723440468,0.951229424500714,0.9989305538279959,0.0005350092188013597,0
4200,0.6288725816681756,0.9048374180359595,0.9989153072717437,0.0005426407165807403,0
4201,0.6376889351018068,0.8607079764250578,0.9988761859195019,0.000562223016525537,0
4202,0.646619724474033,0.8187307530779818,0.9989167315389147,0.0005419278102185808,0
4203,0.65566479373792,0.7788007830714049,0.9988888784916912,0.000555869630726755,0
4204,0.6647804570558807,0.7408182206817179,0.9988901845882423,0.0005552158564555066,0
4205,0.6117452690451705,1.0,0.9989241339939546,0.0005382225826563345,1
4206,0.6202222197727558,0.951229424500714,0.9988941328741132,0.0005532395240574364,0
4207,0.6117454314521128,1.0,0.9989231650829921,0.0005387075601433304,1
4208,0.6117452797395074,1.0,0.9989240701920801,0.0005382545179527024,1
4209,0.611740245555937,1.0,0.9989541045522599,0.0005232213890253845,1
4210,0.6117425606046432,1.0,0.9989402926100286,0.0005301346384198676,1
4211,0.6117378768266424,1.0,0.9989682370574582,0.000516147788163002,1
4212,0.6117394254750869,1.0,0.9989589973513607,0.0005207724341152808,1
4213,0.6117433229364226,1.0,0.9989357444821715,0.0005324111199295687,1
4214,0.6117491340977831,1.0,0.9989010756828223,0.0005497642886182109,1
4215,0.6117448512298096,1.0,0.9989266266640875,0.0005369749068128908,1
4216,0.6117500160681234,1.0,0.9988958140947896,0.0005523979837949895,1
4217,0.6117506806108872,1.0,0.998891849646215,0.0005543824031837114,1
4218,0.6117491051963146,1.0,0.9989012481015909,0.0005496779843995355,1
4219,0.6117473285070291,1.0,0.9989118474610899,0.0005443725033599916,1
4220,0.6117441142005426,1.0,0.9989310237746449,0.0005347739939718456,1
4221,0.6117437178858054,1.0,0.9989333881971046,0.0005335905190345217,1
4222,0.6117419353554133,1.0,0.9989440229164028,0.0005282675101055824,1
4223,0.6117416604654398,1.0,0.9989456629471325,0.0005274466285817855,1
4224,0.6202162425581893,0.951229424500714,0.9989289785076613,0.0005357977228524102,0
4225,0.6117429791757132,1.0,0.9989377953801831,0.0005313845794750928,1
4226,0.6117433410316278,1.0,0.9989356365252147,0.0005324651559189908,1
4227,0.6202205389162745,0.951229424500714,0.9989039316627905,0.0005483347296984779,0
4228,0.6117435916774979,1.0,0.9989341411604097,0.0005332136355354693,1
4229,0.611744006160167,1.0,0.9989316683450761,0.0005344513639764321,1
4230,0.6202144078399245,0.951229424500714,0.998939674793838,0.0005304438743102401,0
4231,0.6117405800378879,1.0,0.9989521089630036,0.0005242202293326653,1
4232,0.6117429734019937,1.0,0.9989378298266106,0.0005313673379476271,1
4233,0.6202178010248875,0.951229424500714,0.9989198928780774,0.0005403454289947835,0
4234,0.6288637345147668,0.9048374180359595,0.9989658892867467,0.0005173228873219505,0
4235,0.6376778408212267,0.8607079764250578,0.998938598266526,0.0005309827095969301,0
4236,0.6117421851018453,1.0,0.9989425328989378,0.0005290133069381042,1
4237,0.6117460498492655,1.0,0.998919475772186,0.0005405542074871635,1
4238,0.6117424678222533,1.0,0.9989408461587564,0.0005298575705217711,1
4239,0.6202189811428674,0.951229424500714,0.9989130130437395,0.0005437890775188987,0
4240,0.611739281263646,1.0,0.998959857755128,0.0005203417841091394,1
4241,0.6117514581355759,1.0,0.998887211213712,0.0005567041977173847,1
4242,0.6117392523287564,1.0,0.9989600303885001,0.0005202553775553958,1
4243,0.6117454392359805,1.0,0.9989231186448969,0.0005387308042214839,1
4244,0.6117448838040047,1.0,0.998926432327376,0.000537072179588057,1
4245,0.6117476629501302,1.0,0.9989098522300921,0.0005453712065966828,1
4246,0.6117486957437726,1.0,0.9989036907955258,0.0005484552954936997,1
4247,0.6117430231205468,1.0,0.99893753320219,0.0005315158078802571,1
4248,0.611745092815981,1.0,0.9989251853692832,0.0005376963290903694,1
4249,0.6117479031091656,1.0,0.9989084194855733,0.0005460883611743022,1
4250,0.6202170016450673,0.951229424500714,0.998924553129093,0.0005380127894217075,0
4251,0.6288711783589387,0.9048374180359595,0.9989233302092405,0.0005386249080232512,0
4252,0.6376807406623153,0.8607079764250578,0.9989222843403616,0.0005391484063713474,0
4253,0.6466173485902378,0.8187307530779818,0.9989299263735706,0.000535323281986217,0
4254,0.611750126389248,1.0,0.9988951559527806,0.0005527274186652457,1
4255,0.611746792304088,1.0,0.9989150463696431,0.0005427713093010345,1
4256,0.6117459045508559,1.0,0.9989203426097122,0.0005401203200862612,1
4257,0.6117485857295079,1.0,0.9989043471153042,0.0005481267755528744,1
4258,0.6202243169832385,0.951229424500714,0.998881907083475,0.0005593592243610689,0
4259,0.6117418579394176,1.0,0.9989444847902871,0.0005280363290949984,1
4260,0.6202185330562661,0.951229424500714,0.9989156252844245,0.0005424815376053731,0
4261,0.6288754190455867,0.9048374180359595,0.9988990858100067,0.0005507603205807173,0
4262,0.6117511118865625,1.0,0.9988892768067431,0.0005556702517061648,1
4263,0.6117484630168641,1.0,0.9989050791914514,0.0005477603361229489,1
4264,0.6117479290017255,1.0,0.9989082650155195,0.000546165680607538,1
4265,0.611750908412296,1.0,0.9988904906616413,0.0005550626497483247,1
4266,0.6117559295132049,1.0,0.9988605372102156,0.0005700562355404927,1
4267,0.6117534343705606,1.0,0.9988754218521899,0.000562605480145619,1
4268,0.6117422679085707,1.0,0.9989420388647192,0.0005292605855974989,1
4269,0.6117481544455164,1.0,0.9989069200625493,0.000546838892514323,1
4270,0.6117476312845492,1.0,0.9989100411413382,0.0005452766478995953,1
4271,0.611745574210957,1.0,0.9989223133926739,0.0005391338645434124,1
4272,0.6117451793005468,1.0,0.9989246694060899,0.0005379545883344479,1
4273,0.6117429095859026,1.0,0.9989382105581371,0.0005311767698048545,1
4274,0.6202167313315768,0.951229424500714,0.9989261290186658,0.0005372239969523991,0
4275,0.6117451766921951,1.0,0.9989246849673982,0.0005379467993045671,1
4276,0.6202127765816325,0.951229424500714,0.9989491850589236,0.0005256837170879156,0
4277,0.6117435443898792,1.0,0.9989344232802639,0.0005330724251179394,1
4278,0.6117448034155113,1.0,0.9989269119229186,0.0005368321241586064,1
4279,0.6117460178229104,1.0,0.9989196668385056,0.0005404585709989329,1
4280,0.6117496660180792,1.0,0.9988979023903433,0.00055135268290306,1
4281,0.6117479001338019,1.0,0.998908437236026,0.0005460794762494034,1
4282,0.6117478008400226,1.0,0.9989090296040453,0.0005457829686709812,1
4283,0.6117500648279021,1.0,0.9988955232088179,0.0005525435875756262,1
4284,0.6117482636381121,1.0,0.9989062686421428,0.0005471649592408065,1
4285,0.6117480485998797,1.0,0.9989075515162994,0.0005465228202468603,1
4286,0.6117485438569004,1.0,0.9989045969178113,0.0005480017373164139,1
4287,0.61174678561208,1.0,0.9989150862932841,0.0005427513257997926,1
4288,0.6202224786632674,0.951229424500714,0.9988926236477301,0.0005539949732454863,0
4289,0.628876617809217,0.9048374180359595,0.9988922325116821,0.0005541907581153316,0
4290,0.63768423620108,0.8607079764250578,0.9989026195949025,0.0005489914839208202,0
4291,0.6466219104206734,0.8187307530779818,0.9989045917382036,0.0005480043299602395,0
4292,0.6117488664263606,1.0,0.9989026725437746,0.000548964980401015,1
4293,0.6117490751146767,1.0,0.9989014275609965,0.0005495881560056977,1
4294,0.6117505643638782,1.0,0.9988925431368129,0.0005540352733331116,1
4295,0.6202182344181747,0.951229424500714,0.9989173662804578,0.0005416100953773567,0
4296,0.6288740212336946,0.9048374180359595,0.9989070771422115,0.0005467602667452016,0
4297,0.6117470079633083,1.0,0.998913759776339,0.0005434153050729295,1
4298,0.6202190856434133,0.951229424500714,0.9989124038312578,0.0005440940153160467,0
4299,0.6288730180188673,0.9048374180359595,0.9989128126046762,0.000543889406116474,0
4300,0.6117477302521526,1.0,0.9989094507183263,0.0005455721816123753,1
4301,0.611749776829996,1.0,0.9988972413183487,0.0005516835836947179,1
4302,0.6117447121412604,1.0,0.9989274564630107,0.0005365595617032272,1
4303,0.6117466068672186,1.0,0.9989161526625367,0.0005422175623707747,1
4304,0.6117468417847752,1.0,0.998914751174436,0.0005429190672369173,1
4305,0.611744315059184,1.0,0.9989298254507636,0.0005353737974475375,1
4306,0.6117469588881391,1.0,0.9989140525518431,0.0005432687581571819,1
4307,0.6117483855409163,1.0,0.9989055413960173,0.0005475289805774511,1
4308,0.6117460537780142,1.0,0.9989194523336329,0.0005405659394404798,1
4309,0.611744362989672,1.0,0.9989295394974982,0.0005355169272745797,1
4310,0.6202193691688078,0.951229424500714,0.9989107509506066,0.000544921356138105,0
4311,0.6117462633538082,1.0,0.9989182020249171,0.0005411917704298418,1
4312,0.6202216175008248,0.951229424500714,0.9988976438870821,0.0005514820771554541,0
4313,0.6117456958893611,1.0,0.9989215874677996,0.0005394972186943553,1
4314,0.6117516450153704,1.0,0.9988860963609161,0.0005572622454156929,1
4315,0.6117366391886684,1.0,0.9989756212728703,0.0005124518808023277,1
4316,0.6117445033825909,1.0,0.9989287019141251,0.0005359361679172676,1
4317,0.6117415445731456,1.0,0.99894635437743,0.0005271005486678572,1
4318,0.6117408284517589,1.0,0.9989506268777739,0.0005249620498442786,1
4319,0.6117478259645295,1.0,0.9989088797159108,0.0005458579945948465,1
4320,0.6117450091914144,1.0,0.9989256842702235,0.0005374466102810348,1
4321,0.6117473832260621,1.0,0.998911521016181,0.0005445359036455817,1
4322,0.6117450149684789,1.0,0.9989256498044679,0.0005374638616926517,1
4323,0.6202229010658382,0.951229424500714,0.9988901612195248,0.000555227553796275,0
4324,0.6288730717584857,0.9048374180359595,0.998912505369684,0.0005440431908289973,0
4325,0.6376869666482029,0.8607079764250578,0.9988872593493737,0.0005566801030748803,0
4326,0.6466193057355607,0.8187307530779818,0.998919057051653,0.000540763794261111,0
4327,0.6556620638608054,0.7788007830714049,0.9989038905024403,0.000548355332455974,0
4328,0.6647761036723664,0.7408182206817179,0.9989139597810529,0.0005433151939812915,0
4329,0.6739435095448646,0.7046880897187134,0.9989076728779065,0.000546462073083812,0
4330,0.6831319902317544,0.6703200460356393,0.998926759842089,0.0005369082462649259,0
4331,0.6117471799560843,1.0,0.9989127336928263,0.0005439289049856302,1
4332,0.6202162893605286,0.951229424500714,0.9989287056552526,0.0005359342953474485,0
4333,0.6117523015333238,1.0,0.9988821798427306,0.00055922269209617,1
4334,0.611743686268807,1.0,0.9989335768251746,0.0005334961043045617,1
4335,0.6202197896207353,0.951229424500714,0.9989082998304093,0.0005461482541378541,0
4336,0.6288724527326556,0.9048374180359595,0.9989160444125512,0.0005422717460933397,0
4337,0.6117486871382464,1.0,0.9989037421340905,0.0005484295980396131,1
4338,0.6202137006486685,0.951229424500714,0.9989437977156921,0.0005283802295027609,0
4339,0.6117418300737196,1.0,0.9989446510407383,0.0005279531160436835,1
4340,0.6202170131330367,0.951229424500714,0.9989244861559285,0.0005380463120568204,0
4341,0.6117427529874451,1.0,0.9989391448370571,0.0005307091340325425,1
4342,0.6117421241679897,1.0,0.9989428964373944,0.0005288313453244177,1
4343,0.6117494089224882,1.0,0.998899436151149,0.0005505849569800393,1
4344,0.6117419610545187,1.0,0.9989438695922732,0.0005283442532152261,1
4345,0.6202168649136666,0.951229424500714,0.9989253502534562,0.0005376137983053537,0
4346,0.6288766180872957,0.9048374180359595,0.9988922309219213,0.0005541915538772474,0
4347,0.6376756825905165,0.8607079764250578,0.998950740264017,0.0005249052971712401,0
4348,0.6117507490586003,1.0,0.9988914413104938,0.0005545867975858139,1
4349,0.6202161632486733,0.951229424500714,0.9989294408735202,0.0005355662921091478,0
4350,0.6288694967369239,0.9048374180359595,0.9989329444193131,0.0005338126449016307,0
4351,0.6376767170190831,0.8607079764250578,0.9989449206450758,0.0005278181714794918,0
4352,0.6117479313283658,1.0,0.9989082511352303,0.0005461726283372761,1
4353,0.6117467669585532,1.0,0.9989151975777874,0.0005426956231186635,1
4354,0.6202142431464399,0.951229424500714,0.9989406349539491,0.0005299632849043338,0
4355,0.628874798784675,0.9048374180359595,0.9989026318494089,0.0005489853499363654,0
4356,0.6117427975217734,1.0,0.9989388791415595,0.0005308421228809013,1
4357,0.6202251603480493,0.951229424500714,0.9988769907073664,0.000561820170030841,0
4358,0.611745782016708,1.0,0.9989210736385318,0.0005397544107535122,1
4359,0.6202176608830497,0.951229424500714,0.9989207098793759,0.0005399364868112403,0
4360,0.6288695800330549,0.9048374180359595,0.9989324681937046,0.0005340510121137056,0
4361,0.6376791028704649,0.8607079764250578,0.9989314981876185,0.0005345365337019578,0
4362,0.6117436518599687,1.0,0.9989337821095168,0.0005333933525671907,1
4363,0.6117468022445544,1.0,0.9989149870661309,0.0005428009932637566,1
4364,0.6117425728368052,1.0,0.998940219631799,0.0005301711662448103,1
4365,0.6202182649663439,0.951229424500714,0.998917188190983,0.0005416992366300437,0
4366,0.611744201913575,1.0,0.9989305004778931,0.0005350359224115442,1
4367,0.6202224832043448,0.951229424500714,0.9988925971751252,0.0005540082242219153,0
4368,0.6288675119891891,0.9048374180359595,0.9989442918285046,0.0005281329119402075,0
4369,0.6117466988923104,1.0,0.998915603652257,0.0005424923654306429,1
4370,0.6117484161032616,1.0,0.9989053590677084,0.0005476202446249673,1
4371,0.6202166050891877,0.951229424500714,0.9989268649952251,0.0005368556132117389,0
4372,0.611744735021323,1.0,0.998927319961039,0.000536627885974518,1
4373,0.6202164381065167,0.951229424500714,0.9989278384834683,0.0005363683464242175,0
4374,0.6117426318672978,1.0,0.9989398674504384,0.0005303474437716348,1
4375,0.6202155591283247,0.951229424500714,0.9989329628395067,0.0005338034249667289,0
4376,0.6117432482511073,1.0,0.9989361900589233,0.00053218809424704,1
4377,0.6117425591725114,1.0,0.9989403011542621,0.0005301303617711489,1
4378,0.6117439584846489,1.0,0.9989319527780991,0.0005343089953883303,1
4379,0.6117501817649148,1.0,0.9988948255987736,0.0005528927783927015,1
4380,0.6117475348969399,1.0,0.9989106161730701,0.0005449888183941121,1
4381,0.6117457120754577,1.0,0.9989214909027363,0.0005395455533530741,1
4382,0.6117460556610789,1.0,0.9989194410994425,0.0005405715626118104,1
4383,0.6117490369195608,1.0,0.998901655423419,0.0005494740995081228,1
4384,0.6117399979975291,1.0,0.9989555815413305,0.0005224821218398133,1
4385,0.6117479454411907,1.0,0.9989081669408365,0.0005462147715457593,1
4386,0.6117384810455517,1.0,0.9989646320890394,0.0005179521372852549,1
4387,0.6117430916739085,1.0,0.9989371242081803,0.000531720522429439,1
4388,0.6202188697618944,0.951229424500714,0.9989136623680016,0.0005434640622059509,0
4389,0.6117414937554155,1.0,0.9989466575636313,0.000526948795696315,1
4390,0.6117453631416893,1.0,0.9989235726190826,0.0005385035724785929,1
4391,0.6117439360775954,1.0,0.9989320864590373,0.0005342420834585473,1
4392,0.6117503556861515,1.0,0.9988937880398262,0.0005534121321122888,1
4393,0.6117483986264133,1.0,0.9989054633307799,0.0005475680559641013,1
4394,0.6117484880253123,1.0,0.9989049299965856,0.0005478350153291958,1
4395,0.6202207680809388,0.951229424500714,0.9989025957071626,0.000549003440912274,0
4396,0.6288723037269471,0.9048374180359595,0.9989168962981032,0.0005418453412951258,0
4397,0.6117455729754999,1.0,0.9989223207633289,0.0005391301752400196,1
4398,0.6202156533045505,0.951229424500714,0.9989324137996204,0.0005340782382212788,0
4399,0.6288711786278636,0.9048374180359595,0.9989233286717474,0.0005386256775983956,0
4400,0.6117466221562479,1.0,0.9989160614500536,0.0005422632180982387,1
4401,0.620214468866406,0.951229424500714,0.9989393190108619,0.0005306219546531104,0
4402,0.6117482355612959,1.0,0.9989064361425513,0.0005470811173430818,1
4403,0.6202150824860626,0.951229424500714,0.9989357416324821,0.0005324125462922996,0
4404,0.6288740207943383,0.9048374180359595,0.9989070796540382,0.0005467590094577093,0
4405,0.6376808608338026,0.8607079764250578,0.9989216082870161,0.0005394867978482476,0
4406,0.6117513389833116,1.0,0.9988879220311502,0.0005563483931895123,1
4407,0.6117472963804192,1.0,0.9989120391233267,0.0005442765678583218,1
4408,0.6117458760024355,1.0,0.9989205129272083,0.0005400350693038105,1
4409,0.6117447356645831,1.0,0.9989273161233629,0.0005366298068730218,1
4410,0.6117462797483768,1.0,0.9989181042166213,0.0005412407275418172,1
4411,0.6117447213352718,1.0,0.9989274016117288,0.0005365870167917542,1
4412,0.6117485177815728,1.0,0.9989047524773662,0.0005479238722513874,1
4413,0.6202166110533156,0.951229424500714,0.9989268302251249,0.0005368730169386897,0
4414,0.6117490847599311,1.0,0.9989013700198556,0.0005496169582182996,1
4415,0.6117461306156895,1.0,0.9989189939272956,0.0005407953905946598,1
4416,0.6202160939880941,0.951229424500714,0.998929844655419,0.0005353641848327605,0
4417,0.6117469087894831,1.0,0.9989143514334576,0.0005431191549109681,1
4418,0.6202155697799202,0.951229424500714,0.9989329007415327,0.0005338345071204836,0
4419,0.6288719534188346,0.9048374180359595,0.998918899060286,0.0005408428754331053,0
4420,0.6376818179698651,0.8607079764250578,0.9989162237110222,0.0005421819995847133,0
4421,0.61174241071912,1.0,0.9989411868418113,0.0005296870484142042,1
4422,0.611743198197318,1.0,0.998936488682785,0.0005320386233299201,1
4423,0.6117448025206196,1.0,0.9989269172618206,0.0005368294518399928,1
4424,0.6202143207060252,0.951229424500714,0.9989401827827709,0.0005301896103058735,0
4425,0.6288716058529422,0.9048374180359595,0.9989208861501798,0.0005398482561905565,0
4426,0.6117470784654961,1.0,0.9989133391705022,0.0005436258367235448,1
4427,0.6117443610854816,1.0,0.9989295508578948,0.0005355112409893643,1
4428,0.620218230669291,0.951229424500714,0.9989173881356725,0.0005415991559267316,0
4429,0.6288747472796791,0.9048374180359595,0.9989029263048835,0.00054883796048023,0
4430,0.6117493367306828,1.0,0.9988998668280203,0.0005503693813360483,1
4431,0.61174853154269,1.0,0.9989046703816233,0.0005479649651313844,1
4432,0.6117478278721857,1.0,0.99890886833519,0.0005458636911709799,1
4433,0.6202178675159457,0.951229424500714,0.9989195052476953,0.0005405394537909391,0
4434,0.6117485129264754,1.0,0.9989047814417925,0.0005479093741594089,1
4435,0.6202166337703328,0.951229424500714,0.9989266977878459,0.0005369393067227215,0
4436,0.6117512350724753,1.0,0.9988885419246003,0.000556038101492036,1
4437,0.6202142794118486,0.951229424500714,0.998940423527143,0.0005300691104264652,0
4438,0.6288776117309384,0.9048374180359595,0.9988865503371894,0.0005570350042057499,0
4439,0.6117456100329582,1.0,0.9989220996810304,0.0005392408356579622,1
4440,0.6117504668372391,1.0,0.9988931249485304,0.0005537440450362832,1
4441,0.6202160723565242,0.951229424500714,0.9989299707652463,0.0005353010623722323,0
4442,0.6117489646776104,1.0,0.9989020864008762,0.0005492583738849468,1
4443,0.6202209131786653,0.951229424500714,0.9989017498358189,0.0005494268414047078,0
4444,0.6117417786570218,1.0,0.9989449577996881,0.0005277995745524709,1
4445,0.6202222671606787,0.951229424500714,0.9988938566215542,0.0005533778032744975,0
4446,0.6288712275356036,0.9048374180359595,0.9989230490571102,0.0005387656356253521,0
4447,0.6117438356431937,1.0,0.9989326856530542,0.000533942166254383,1
4448,0.6117444658087211,1.0,0.9989289260795201,0.0005358239650295942,1
4449,0.6202167133500962,0.951229424500714,0.9989262338482904,0.0005371715257956422,0
4450,0.6288702951319884,0.9048374180359595,0.9989283798000896,0.0005360973976860849,0
4451,0.6376833025295742,0.8607079764250578,0.9989078720732538,0.0005463623665079232,0
4452,0.611746958754529,1.0,0.9989140533489427,0.0005432683591740867,1
4453,0.6117484840693236,1.0,0.9989049535971365,0.0005478232021176244,1
4454,0.6202180924995148,0.951229424500714,0.9989181936373279,0.0005411959687662024,0
4455,0.6288795398880476,0.9048374180359595,0.9988755273353744,0.0005625526791772992,0
4456,0.6117459277615463,1.0,0.9989202041366999,0.0005401896314296842,1
4457,0.6117425255273692,1.0,0.9989405018843895,0.0005300298902479472,1
4458,0.6202186802373443,0.951229424500714,0.9989147672518913,0.0005429110197758042,0
4459,0.6117418700794109,1.0,0.9989444123614887,0.0005280725817607365,1
4460,0.6117498030878523,1.0,0.9988970846716333,0.0005517619935256657,1
4461,0.6202146982987594,0.951229424500714,0.9989379814271594,0.0005312914570806033,0
4462,0.6288695667992206,0.9048374180359595,0.9989325438549508,0.0005340131410635203,0
4463,0.61174999684071,1.0,0.9988959287997102,0.0005523405679401523,1
4464,0.611746576119645,1.0,0.9989163360988469,0.0005421257447077766,1
4465,0.6202149364456849,0.951229424500714,0.9989365930404643,0.0005319863889410564,0
4466,0.6288690475405904,0.9048374180359595,0.9989355125966928,0.0005325271862065472,0
4467,0.6117446352127514,1.0,0.9989279154170793,0.0005363298383333491,1
4468,0.6202191828447281,0.951229424500714,0.9989118371719744,0.0005443776535219153,0
4469,0.6288698788568243,0.9048374180359595,0.9989307597431578,0.0005349061510055604,0
4470,0.6376774847219764,0.8607079764250578,0.9989406016333978,0.0005299799628483018,0
4471,0.6466184971936768,0.8187307530779818,0.9989235474017021,0.000538516194755973,0
4472,0.6556661218183826,0.7788007830714049,0.9988815752697956,0.0005595253169353059,0
4473,0.6117412679651489,1.0,0.998948004663902,0.0005262745357885717,1
4474,0.6202216552066322,0.951229424500714,0.9988974240762585,0.0005515921038679972,0
4475,0.6288732968757524,0.9048374180359595,0.9989112183522296,0.0005446874005453476,0
4476,0.6376762546511218,0.8607079764250578,0.9989475218877736,0.0005265161781176619,0
4477,0.6117476642781402,1.0,0.9989098443074205,0.0005453751722556333,1
4478,0.611744965138897,1.0,0.9989259470859945,0.0005373150610875042,1
4479,0.6202288090530661,0.951229424500714,0.998855721061271,0.0005724670628663503,0
4480,0.628873739960415,0.9048374180359595,0.9989086852004014,0.0005459553585948398,0
4481,0.6376809971065273,0.8607079764250578,0.9989208416530356,0.0005398705287978743,0
4482,0.6117489382151491,1.0,0.99890224426939,0.0005491793528760278,1
4483,0.6202160667173808,0.951229424500714,0.9989300036408755,0.0005352846069501135,0
4484,0.6117398599345217,1.0,0.9989564052576666,0.0005220698332397412,1
4485,0.6202145986308053,0.951229424500714,0.998938562488013,0.0005310006178616152,0
4486,0.6288627236581794,0.9048374180359595,0.9989716688992897,0.0005144300979455405,0
4487,0.6117418143516824,1.0,0.9989447448405165,0.0005279061666086983,1
4488,0.6117443948054933,1.0,0.9989293496843935,0.0005356119355385368,1
4489,0.6117391121288045,1.0,0.9989608668599396,0.0005198367066057167,1
4490,0.620217159572044,0.951229424500714,0.9989236324387044,0.000538473630438138,0
4491,0.628871602695777,0.9048374180359595,0.9989209042002238,0.0005398392214191231,0
4492,0.6117461697014471,1.0,0.9989187607454655,0.0005409121076951972,1
4493,0.6117464766230176,1.0,0.9989169296840533,0.0005418286302204892,1
4494,0.6202217978398195,0.951229424500714,0.9988965925784833,0.0005520083118294902,0
4495,0.6288731588794666,0.9048374180359595,0.9989120072902397,0.00054429250173752,0
4496,0.6117445226660875,1.0,0.9989285868689743,0.0005359937521858423,1
4497,0.6202190472318806,0.951229424500714,0.9989126277609849,0.0005439819285599144,0
4498,0.611747172421212,1.0,0.9989127786447287,0.0005439064045709946,1
4499,0.6202136779083354,0.951229424500714,0.9989439302921354,0.0005283138711977191,0
4500,0.6288708371608549,0.9048374180359595,0.9989252809050364,0.0005376485098191537,0
4501,0.6376798117327394,0.8607079764250578,0.9989275102750182,0.0005365326268113467,0
4502,0.6117460621792981,1.0,0.9989194022123488,0.0005405910271916863,1
4503,0.6202267001562912,0.951229424500714,0.9988680145189778,0.0005663133302515216,0
4504,0.6288751082896871,0.9048374180359595,0.9989008624032447,0.0005498710457363921,0
4505,0.6376781635243496,0.8607079764250578,0.9989367827862875,0.0005318914150425964,0
4506,0.6117506504876424,1.0,0.998892029351303,0.0005542924509672762,1
4507,0.620216082277482,0.951229424500714,0.9989299129270797,0.0005353300124337803,0
4508,0.6288733638793929,0.9048374180359595,0.9989108352862921,0.000544879142315778,0
4509,0.6376774850932034,0.8607079764250578,0.9989405995449209,0.0005299810081942539,0
4510,0.6117415086148694,1.0,0.9989465689098854,0.0005269931693118276,1
4511,0.6202154614293893,0.951229424500714,0.9989335324169638,0.0005335183321147273,0
4512,0.6288695341357258,0.9048374180359595,0.9989327306006145,0.0005339196684624678,0
4513,0.6376770935242468,0.8607079764250578,0.9989428024656032,0.0005288783809437852,0
4514,0.6466224615305796,0.8187307530779818,0.9989015311410875,0.0005495363090052003,0
4515,0.6117447685460856,1.0,0.9989271199530615,0.0005367279973607478,1
4516,0.6202176974932664,0.951229424500714,0.9989204964484132,0.0005400433176053834,0
4517,0.6288792558465346,0.9048374180359595,0.998877151150222,0.0005617398584187235,0
4518,0.6376803251225689,0.8607079764250578,0.9989246220627996,0.0005379782854623653,0
4519,0.646623631931529,0.8187307530779818,0.9988950313400449,0.0005527897939519161,0
4520,0.6556555050459714,0.7788007830714049,0.9989399595020415,0.0005303013691269334,0
4521,0.6647773827547565,0.7408182206817179,0.9989069742457716,0.0005468117712582258,0
4522,0.6117468451368783,1.0,0.9989147311762393,0.0005429290771986362,1
4523,0.6117472344664514,1.0,0.9989124084923526,0.0005440916822311713,1
4524,0.6117467701735027,1.0,0.998915178397818,0.0005427052235179739,1
4525,0.6117447959647337,1.0,0.9989269563740704,0.0005368098747076126,1
4526,0.6117437164678171,1.0,0.998933396656869,0.000533586284635923,1
4527,0.6117446537011648,1.0,0.998927805115516,0.0005363850483077912,1
4528,0.6117453472045462,1.0,0.9989236676992046,0.000538455981191304,1
4529,0.6117469698465496,1.0,0.9989139871755077,0.0005433014818621659,1
4530,0.6117498565638387,1.0,0.9988967656496033,0.0005519216806875719,1
4531,0.6117494490681799,1.0,0.9988991966528833,0.0005507048380640143,1
4532,0.6202199850411965,0.951229424500714,0.9989071605852752,0.0005467184995667763,0
4533,0.6117441746221544,1.0,0.9989306632987139,0.0005349544248461405,1
4534,0.6202213830751862,0.951229424500714,0.9988990105028576,0.0005507980156557625,0
4535,0.6288725070309262,0.9048374180359595,0.9989157339823246,0.0005424271296596725,0
4536,0.6117430369915782,1.0,0.9989374504466548,0.0005315572296588205,1
4537,0.6202200335358903,0.951229424500714,0.9989068778754321,0.0005468600091555915,0
4538,0.6288671265299406,0.9048374180359595,0.9989464956370626,0.0005270298443592324,0
4539,0.6376792527079969,0.8607079764250578,0.9989306552309314,0.0005349584630556529,0
4540,0.6466179931486878,0.8187307530779818,0.9989263466983332,0.000537115040125005,0
4541,0.6556601877123583,0.7788007830714049,0.9989142078816378,0.0005431910088341722,0
4542,0.6647835179652677,0.7408182206817179,0.9988734683781046,0.000563583317798188,0
4543,0.6739417856626448,0.7046880897187134,0.9989170487856145,0.000541769014875873,0
4544,0.6831294886368012,0.6703200460356393,0.9989403455501146,0.0005301081402973636,0
4545,0.6923287203500985,0.6376281516217733,0.9989125090694609,0.0005440413389265759,0
4546,0.6117475457161287,1.0,0.9989105516276449,0.00054502112630347,1
4547,0.6202164455318484,0.951229424500714,0.9989277951946777,0.000536390014051253,0
4548,0.6288732055973901,0.9048374180359595,0.9989117401992931,0.0005444261926834353,0
4549,0.6376819168521732,0.8607079764250578,0.9989156674293382,0.0005424604422736878,0
4550,0.6466239699188644,0.8187307530779818,0.9988931543429912,0.0005537293315200579,0
4551,0.6556526282544581,0.7788007830714049,0.9989557803690066,0.000522382604073472,0
4552,0.6117505325975605,1.0,0.9988927326441164,0.0005539404146384302,1
4553,0.6202158573216098,0.951229424500714,0.9989312243979094,0.0005346735750042,0
4554,0.6117480729702302,1.0,0.9989074061276444,0.0005465955940813069,1
4555,0.6202207429817533,0.951229424500714,0.9989027420271452,0.0005489302005520273,0
4556,0.611741920955173,1.0,0.9989441088300822,0.0005282245078583203,1
4557,0.6117501413195935,1.0,0.9988950668829663,0.0005527720028329279,1
4558,0.6202189024642955,0.951229424500714,0.9989134717208127,0.0005435594894757684,0
4559,0.6288671279379183,0.9048374180359595,0.9989464875871374,0.0005270338735666273,0
4560,0.6117481411096549,1.0,0.9989069996215802,0.0005467990694706987,1
4561,0.6117425893686197,1.0,0.9989401210014512,0.0005302205337398133,1
4562,0.6117460047019193,1.0,0.99891974511716,0.000540419389344059,1
4563,0.6202189412600454,0.951229424500714,0.9989132455509223,0.0005436726974373529,0
4564,0.6288729328721193,0.9048374180359595,0.9989132993977597,0.0005436457447284243,0
4565,0.6376864122830935,0.8607079764250578,0.9988903779290492,0.0005551190786558769,0
4566,0.6117429697665632,1.0,0.9989378515158527,0.0005313564817956122,1
4567,0.6202240556092621,0.951229424500714,0.9988834307641656,0.0005585965318357098,0
4568,0.6288712401918277,0.9048374180359595,0.998922976699143,0.000538801853615281,0
4569,0.6117495545271067,1.0,0.9988985675140497,0.0005510197542406696,1
4570,0.6202182162566197,0.951229424500714,0.9989174721585683,0.0005415570989492275,0
4571,0.6117462430286907,1.0,0.9989183232824801,0.0005411310759929212,1
4572,0.6117406497031854,1.0,0.998951693326024,0.0005244282658653577,1
4573,0.6117487031412634,1.0,0.9989036466638215,0.0005484773855638425,1
4574,0.6202211544498007,0.951229424500714,0.9989003433078428,0.0005501308790973851,0
4575,0.628875152780016,0.9048374180359595,0.998900608051519,0.000549998361552992,0
4576,0.6376792220712392,0.8607079764250578,0.998930827587271,0.0005348721926404399,0
4577,0.6117484265376039,1.0,0.9989052968187021,0.0005476514032365555,1
4578,0.6202200396380605,0.951229424500714,0.9989068423015773,0.0005468778155478225,0
4579,0.6288777208689251,0.9048374180359595,0.9988859264063334,0.0005573473174763124,0
4580,0.6117450918676333,1.0,0.9989251910270872,0.0005376934971445594,1
4581,0.6117451240590565,1.0,0.998924998974395,0.0005377896268208935,1
4582,0.6117425216482372,1.0,0.9989405250276655,0.0005300183063369769,1
4583,0.6202129166772676,0.951229424500714,0.9989483682937941,0.000526092529405716,0
4584,0.6288674555491873,0.9048374180359595,0.998944614515794,0.0005279713978097784,0
4585,0.611744826934927,1.0,0.9989267716066953,0.0005369023576419076,1
4586,0.6117418507259819,1.0,0.9989445278265975,0.0005280147882034847,1
4587,0.6117451869614965,1.0,0.9989246237012137,0.0005379774653734411,1
4588,0.611749063489005,1.0,0.9989014969168115,0.0005495534399612971,1
4589,0.6117446319946256,1.0,0.9989279346163654,0.0005363202283877011,1
4590,0.6117479264849145,1.0,0.99890828003033,0.0005461581649972429,1
4591,0.6117457003593569,1.0,0.9989215608001313,0.0005395105669235938,1
4592,0.6117420445536832,1.0,0.9989433714258876,0.0005285935998126619,1
4593,0.6117472272311107,1.0,0.9989124516572739,0.0005440700762725067,1
4594,0.6117434417793883,1.0,0.9989350354590322,0.0005327660093180619,1
4595,0.6202151772225104,0.951229424500714,0.9989351893243578,0.0005326889946432785,0
4596,0.6117479109628565,1.0,0.9989083726319533,0.0005461118135850427,1
4597,0.6202182461345012,0.951229424500714,0.9989172979767056,0.0005416442842687053,0
4598,0.6288713886677803,0.9048374180359595,0.9989221278352689,0.000539226743348768,0
4599,0.6117448336174565,1.0,0.9989267317389036,0.00053692231295475,1
4600,0.6202177981998751,0.951229424500714,0.9989199093473743,0.0005403371854424486,0
4601,0.6288711425932356,0.9048374180359595,0.998923534688478,0.0005385225582179737,0
4602,0.637680408963119,0.8607079764250578,0.9989241503963153,0.0005382143726431344,0
4603,0.6466249636777683,0.8187307530779818,0.9988876355738857,0.0005564917813010294,0
4604,0.6117452338555697,1.0,0.9989243439333795,0.0005381174998999587,1
4605,0.6117478476271202,1.0,0.9989087504809512,0.0005459226826613162,1
4606,0.6202216240812772,0.951229424500714,0.9988976055254886,0.0005515012791199745,0
4607,0.6117519636893692,1.0,0.9988841952790163,0.0005582138472628752,1
4608,0.6202153863121747,0.951229424500714,0.9989339703449991,0.0005332991343777652,0
4609,0.6117483021404261,1.0,0.9989060389454648,0.0005472799333437603,1
4610,0.6117494789096594,1.0,0.9988990186267974,0.0005507939492087263,1
4611,0.6117473187712814,1.0,0.9989119055430038,0.0005443434307684721,1
4612,0.6202196472540976,0.951229424500714,0.9989091297881637,0.0005457328219055881,0
4613,0.6288727027330119,0.9048374180359595,0.9989146151293101,0.0005429871637060962,0
4614,0.6376803313796559,0.8607079764250578,0.9989245868619451,0.0005379959048374606,0
4615,0.6466228057387797,0.8187307530779818,0.9988996195815293,0.0005504931407486943,0
4616,0.6556556119168016,0.7788007830714049,0.9989393717733251,0.000530595545410374,0
4617,0.6117501090016675,1.0,0.9988952596817127,0.000552675496836313,1
4618,0.6117410317057366,1.0,0.9989494142276584,0.0005255690122000805,1
4619,0.6117493229385218,1.0,0.9988999491083711,0.000550328195852821,1
4620,0.6202202136908661,0.951229424500714,0.9989058276257557,0.0005473857089238778,0
4621,0.6117466368797135,1.0,0.9989159736116654,0.0005423071849516474,1
4622,0.6117530480876331,1.0,0.9988777262323477,0.0005614519942106883,1
4623,0.6117459492646343,1.0,0.9989200758511246,0.0005402538435574603,1
4624,0.6202211909646046,0.951229424500714,0.9989001304393049,0.000550237430547715,0
4625,0.6117464585453608,1.0,0.9989170375332893,0.0005417746471379686,1
4626,0.6202209666460787,0.951229424500714,0.9989014381388918,0.0005495828612414216,0
4627,0.6117448396309866,1.0,0.9989266958623462,0.0005369402705070569,1
4628,0.61174380424871,1.0,0.9989328729533972,0.0005338484160306551,1
4629,0.6202177626330312,0.951229424500714,0.998920116695488,0.0005402333992979274,0
4630,0.6288734466204975,0.9048374180359595,0.9989103622481068,0.0005451159193536192,0
4631,0.637679912481565,0.8607079764250578,0.9989269434846216,0.0005368163263549153,0
4632,0.6466196939836698,0.8187307530779818,0.9989169008704637,0.000541843052636,0
4633,0.6117549239309273,1.0,0.9988665359183297,0.0005670534689489986,1
4634,0.6202175298360285,0.951229424500714,0.9989214738604184,0.0005395540837121344,0
4635,0.6288740254610692,0.9048374180359595,0.9989070529740547,0.0005467723640451339,0
4636,0.6376825740705016,0.8607079764250578,0.9989119701297762,0.0005443111022067733,0
4637,0.6466216592908013,0.8187307530779818,0.9989059863955245,0.0005473062370898773,0
4638,0.6556589525552701,0.7788007830714049,0.998921000367289,0.0005397910859460262,0
4639,0.6647803686810128,0.7408182206817179,0.998890667224869,0.0005549742700841742,0
4640,0.6739437771782251,0.7046880897187134,0.9989062172730553,0.0005471906719079758,0
4641,0.6117463678921368,1.0,0.9989175783603366,0.0005415039405224097,1
4642,0.6117474506810687,1.0,0.9989111185907326,0.0005447373356647884,1
4643,0.6202109122041298,0.951229424500714,0.998960054571221,0.0005202432736073954,0
4644,0.6117412275273344,1.0,0.998948245922556,0.0005261537794409966,1
4645,0.6117486826767702,1.0,0.99890376875022,0.0005484162753699496,1
4646,0.611744789394466,1.0,0.9989269955721253,0.000536790254627315,1
4647,0.6117383272286291,1.0,0.998965549809459,0.0005174928017049431,1
4648,0.6202186666542574,0.951229424500714,0.9989148464381841,0.0005428713836165556,0
4649,0.628866926149017,0.9048374180359595,0.9989476412891645,0.0005264564145259147,0
4650,0.6117496209765343,1.0,0.9988981710954205,0.0005512181821495689,1
4651,0.6117463012840805,1.0,0.9989179757368682,0.000541305036998607,1
4652,0.6202216072822274,0.951229424500714,0.9988977034577143,0.0005514522589699652,0
4653,0.6288754046519756,0.9048374180359595,0.998899168098269,0.000550719131105248,0
4654,0.6376807863661883,0.8607079764250578,0.9989220272222604,0.0005392771041380333,0
4655,0.6117463179734559,1.0,0.998917876169819,0.0005413548744510632,1
4656,0.6202169979885894,0.951229424500714,0.9989245744458203,0.0005380021195832941,0
4657,0.6117486689939621,1.0,0.998903850378678,0.000548375416351667,1
4658,0.6202169698324321,0.951229424500714,0.9989247385920911,0.0005379199580960867,0
4659,0.6117450048637848,1.0,0.998925710088705,0.000537433687156933,1
4660,0.6117477208146024,1.0,0.9989095070210395,0.0005455439995226025,1
4661,0.6202144176130999,0.951229424500714,0.9989396178164398,0.0005304723932495268,0
4662,0.6117440590585619,1.0,0.998931352752415,0.0005346093290910693,1
4663,0.6117509772916012,1.0,0.998890079752027,0.0005552683328049386,1
4664,0.6202107997530353,0.951229424500714,0.9989607101780401,0.0005199151290529317,0
4665,0.6288738267854459,0.9048374180359595,0.998908188815506,0.0005462038222563111,0
4666,0.611744591133946,1.0,0.9989281783905638,0.0005361982104922298,1
4667,0.6202215196430984,0.951229424500714,0.9988982143615298,0.0005511965252331461,0
4668,0.6288673460296744,0.9048374180359595,0.9989452406776724,0.000527657986198621,0
4669,0.6376795834867652,0.8607079764250578,0.9989287943374378,0.000535889906703548,0
4670,0.6466159720437026,0.8187307530779818,0.998937571333478,0.0005314967219584638,0
4671,0.6556522170209225,0.7788007830714049,0.9989580419648664,0.000521250625389276,0
4672,0.664774769604012,0.7408182206817179,0.9989212456725055,0.000539668300867826,0
4673,0.6117415664962155,1.0,0.9989462235811487,0.000527166015791887,1
4674,0.6202154511173931,0.951229424500714,0.9989335925351545,0.0005334882409290354,0
4675,0.6117460465357925,1.0,0.9989194955400621,0.0005405443128578269,1
4676,0.620221491768166,0.951229424500714,0.9988983768621881,0.0005511151852914695,0
4677,0.6117473566126179,1.0,0.9989116797876683,0.0005444564314043795,1
4678,0.6202152884771389,0.951229424500714,0.9989345407167307,0.0005330136442524369,0
4679,0.6288753235324993,0.9048374180359595,0.9988996318584128,0.000550486995544915,0
4680,0.6117428674868747,1.0,0.9989384617241759,0.0005310510533167866,1
4681,0.6202184626800211,0.951229424500714,0.9989160355624521,0.0005422761759446706,0
4682,0.6288694300414946,0.9048374180359595,0.9989333257346221,0.0005336217836239159,0
4683,0.6117450560275928,1.0,0.9989254048473432,0.0005375864719964114,1
4684,0.6202184061128863,0.951229424500714,0.9989163653365788,0.0005421111099829126,0
4685,0.6288744992251866,0.9048374180359595,0.9989043444408687,0.0005481281142372966,0
4686,0.6117515506663057,1.0,0.9988866592108232,0.0005569805067116031,1
4687,0.6117449083625262,1.0,0.9989262858119807,0.0005371455160227295,1
4688,0.6202164586002774,0.951229424500714,0.9989277190073146,0.0005364281486222955,0
4689,0.6288739105552908,0.9048374180359595,0.9989077098976443,0.0005464435429743245,0
4690,0.6376788260094656,0.8607079764250578,0.9989330557559363,0.0005337569171285419,0
4691,0.6466208631734665,0.8187307530779818,0.99891040767295,0.0005450931821572031,0
4692,0.6556597750084002,0.7788007830714049,0.9989164774539331,0.0005420549904959181,0
4693,0.664771979572809,0.7408182206817179,0.998936483361654,0.000532041286727923,0
4694,0.6117428771312414,1.0,0.9989384041851336,0.0005310798534111659,1
4695,0.6117428078283552,1.0,0.9989388176516526,0.0005308729004941362,1
4696,0.6117484499766237,1.0,0.9989051569866518,0.0005477213958878007,1
4697,0.6117405264004174,1.0,0.9989524289749651,0.0005240600555328572,1
4698,0.6117485874391952,1.0,0.9989043369156979,0.0005481318809497474,1
4699,0.6117495547591005,1.0,0.998898566130039,0.0005510204470090427,1
4700,0.6117448365079903,1.0,0.9989267144940568,0.0005369309446423249,1
4701,0.6117517953567033,1.0,0.9988851994838468,0.0005577111842262057,1
4702,0.6117442870079741,1.0,0.9989299928043239,0.0005352900310296814,1
4703,0.6117504890202743,1.0,0.9988929926118247,0.0005538102867147808,1
4704,0.6202160768133584,0.951229424500714,0.9989299447823595,0.0005353140677318978,0
4705,0.6117534653657213,1.0,0.9988752369501536,0.0005626980352578155,1
4706,0.6117459437917141,1.0,0.9989201085020939,0.000540237500423742,1
4707,0.6117445614726787,1.0,0.9989283553492923,0.0005361096361999967,1
4708,0.6202201272332413,0.951229424500714,0.9989063316476774,0.0005471334219811941,0
4709,0.6288721423405368,0.9048374180359595,0.998917818966894,0.000541383506898247,0
4710,0.6376778023951057,0.8607079764250578,0.9989388144465061,0.000530874504769788,0
4711,0.611743658255915,1.0,0.9989337439510707,0.00053341245215491,1
4712,0.6202171437862951,0.951229424500714,0.998923724467179,0.0005384275666213895,0
4713,0.6288679842421168,0.9048374180359595,0.9989415917983874,0.000529484355553331,0
4714,0.6376819902073383,0.8607079764250578,0.9989152547558279,0.0005426670030520581,0
4715,0.6466202440260006,0.8187307530779818,0.9989138461559546,0.0005433720683014725,0
4716,0.611748141061202,1.0,0.9989069999106402,0.0005467989247825724,1
4717,0.6117449627087822,1.0,0.9989259615839772,0.0005373078043020521,1
4718,0.611747139322464,1.0,0.998912976106864,0.0005438075660537757,1
4719,0.6202154482096356,0.951229424500714,0.9989336094871709,0.0005334797558723225,0
4720,0.6288683752191988,0.9048374180359595,0.9989393564573241,0.0005306032115418376,0
4721,0.6376817718387398,0.8607079764250578,0.9989164832307895,0.0005420520989346269,0
4722,0.646615351583727,0.8187307530779818,0.9989410172205739,0.0005297719489338905,0
4723,0.6117472655141547,1.0,0.9989122232665967,0.000544184395952386,1
4724,0.6117494095794972,1.0,0.9988994322316117,0.0005505869189079214,1
4725,0.6202174229453076,0.951229424500714,0.9989220970151031,0.0005392421700599211,0
4726,0.6117496487507603,1.0,0.9988980054022553,0.0005513011201225127,1
4727,0.6202197335055,0.951229424500714,0.9989086269664489,0.0005459845073825056,0
4728,0.6117472596375544,1.0,0.9989122583254733,0.0005441668474255055,1
4729,0.6117414882769603,1.0,0.9989466902489249,0.0005269324358172338,1
4730,0.6117508767917459,1.0,0.9988906792987633,0.0005549682264326423,1
4731,0.6117454656028377,1.0,0.9989229613418084,0.0005388095405616833,1
4732,0.6117463465686371,1.0,0.9989177055740265,0.000541440264757504,1
4733,0.6117465089394486,1.0,0.9989167368879592,0.0005419251327959103,1
4734,0.6117464852919771,1.0,0.9989168779660371,0.0005418545172667606,1
4735,0.6117413553447464,1.0,0.9989474833431464,0.000526535470736684,1
4736,0.6117461705930352,1.0,0.9989187554263387,0.000540914770137359,1
4737,0.611746232757071,1.0,0.9989183845619167,0.0005411004030973901,1
4738,0.6117419641761697,1.0,0.9989438509681092,0.000528353575142506,1
4739,0.6202230267895119,0.951229424500714,0.9988894283053903,0.0005555944181582857,0
4740,0.6288681567034996,0.9048374180359595,0.99894060578065,0.0005299778870230791,0
4741,0.6376862903065874,0.8607079764250578,0.9988910641092953,0.0005547756075275888,0
4742,0.6117454036633547,1.0,0.9989233308691071,0.0005386245777343262,1
4743,0.611750144683958,1.0,0.9988950468122116,0.0005527820493109807,1
4744,0.611743829206816,1.0,0.9989327240526535,0.0005339229459409126,1
4745,0.620222832291923,0.951229424500714,0.9988905621417523,0.0005550268699961084,0
4746,0.6288722941118294,0.9048374180359595,0.9989169512690503,0.0005418178260204106,0
4747,0.611750606647022,1.0,0.9988922908897001,0.000554161536736681,1
4748,0.61174638266261,1.0,0.9989174902413065,0.0005415480477820511,1
4749,0.6117454953804397,1.0,0.9989227836904659,0.0005388984620125803,1
4750,0.6117489842721386,1.0,0.998901969504781,0.000549316886177345,1
4751,0.611751558796572,1.0,0.9988866107087911,0.0005570047847579778,1
4752,0.6117394934055604,1.0,0.9989585920604936,0.0005209752907641974,1
4753,0.611748935652303,1.0,0.9989022595586994,0.0005491716998202167,1
4754,0.6117439650515974,1.0,0.9989319135995556,0.0005343286056051084,1
4755,0.6117405181810223,1.0,0.9989524780135478,0.0005240355105294622,1
4756,0.6117413550587975,1.0,0.9989474850491634,0.000526534616829418,1
4757,0.6202114623051205,0.951229424500714,0.9989568474084223,0.0005218485269567664,0
4758,0.6288695753921681,0.9048374180359595,0.9989324947268512,0.0005340377313629891,0
4759,0.6117421574345278,1.0,0.9989426979653414,0.000528930686374559,1
4760,0.6117436912705788,1.0,0.9989335469844333,0.000533511040603878,1
4761,0.6202199845090763,0.951229424500714,0.9989071636873805,0.0005467169468172104,0
4762,0.6117435272047876,1.0,0.9989345258072481,0.0005330211069450346,1
4763,0.6202117913612158,0.951229424500714,0.9989549289741231,0.0005228087466830854,0
4764,0.6117456354437987,1.0,0.9989219480817114,0.0005393167171158276,1
4765,0.6202221846971753,0.951229424500714,0.9988943373507316,0.0005531371725715815,0
4766,0.6288689971079534,0.9048374180359595,0.9989358009343274,0.0005323828637806621,0
4767,0.6376787551558442,0.8607079764250578,0.9989334543656916,0.0005335573994163377,0
4768,0.6466227178927779,0.8187307530779818,0.9989001074336996,0.000550248946016011,0
4769,0.6556575742442964,0.7788007830714049,0.9989285801611428,0.0005359971096989215,0
4770,0.6647775954245004,0.7408182206817179,0.9989058127840186,0.0005473931379210852,0
4771,0.6117477659891155,1.0,0.9989092375181293,0.0005456788981018117,1
4772,0.6202201354370647,0.951229424500714,0.9989062838218417,0.000547157361081095,0
4773,0.6117431601197,1.0,0.998936715856192,0.0005319249157099529,1
4774,0.6117513808443887,1.0,0.998887672303677,0.0005564733959545036,1
4775,0.6202167086257133,0.951229424500714,0.9989262613908125,0.0005371577397317454,0
4776,0.6117485933112736,1.0,0.998904301884214,0.0005481494159044366,1
4777,0.6202188445295449,0.951229424500714,0.9989138094666091,0.0005433904329213235,0
4778,0.628873877299594,0.9048374180359595,0.9989079000226725,0.0005463483765199037,0
4779,0.6117379836525424,1.0,0.9989675996976422,0.0005164667973145163,1
4780,0.6117497076812642,1.0,0.9988976538396983,0.0005514770953556354,1
4781,0.620213722080314,0.951229424500714,0.9989436727689387,0.0005284427689376189,0
4782,0.6288697627562777,0.9048374180359595,0.9989314235186741,0.000534573908110183,0
4783,0.637682442354133,0.8607079764250578,0.9989127111224138,0.0005439402024754413,0
4784,0.6466197595264641,0.8187307530779818,0.9989165368714685,0.0005420252495040574,0
4785,0.6556624161696505,0.7788007830714049,0.9989019530875537,0.0005493251038143239,0
4786,0.664774259243036,0.7408182206817179,0.9989240329775726,0.0005382731452484658,0
4787,0.6117527884918689,1.0,0.9988792748616402,0.0005606768101959713,1
4788,0.6117423792952251,1.0,0.9989413743200127,0.0005295932099649125,1
4789,0.6202240586580317,0.951229424500714,0.9988834129913314,0.0005586054281862842,0
4790,0.6288700625662254,0.9048374180359595,0.9989297094323355,0.0005354318688114612,0
4791,0.637680695757624,0.8607079764250578,0.9989225369625572,0.0005390219590151904,0
4792,0.6117466578311082,1.0,0.9989158486182385,0.0005423697494906419,1
4793,0.620219861422189,0.951229424500714,0.9989078812483515,0.0005463577739434201,0
4794,0.6117452052123966,1.0,0.9989245148171886,0.0005380319659976516,1
4795,0.6202189283599683,0.951229424500714,0.9989133207552612,0.0005436350543605853,0
4796,0.6288702811068263,0.9048374180359595,0.9989284599851171,0.0005360572621638999,0
4797,0.6376784654805064,0.8607079764250578,0.9989350840292774,0.0005327416983056608,0
4798,0.6466164108536618,0.8187307530779818,0.9989351342961622,0.0005327165380703469,0
4799,0.6556528366272332,0.7788007830714049,0.9989546344165814,0.0005229561795534783,0
4800,0.6117427830285315,1.0,0.998938965609432,0.0005307988430214012,1
4801,0.6202174663251326,0.951229424500714,0.9989218441180496,0.0005393687550490369,0
4802,0.6117446121082469,1.0,0.9989280532581896,0.0005362608438149725,1
4803,0.6117469124742744,1.0,0.998914329450501,0.0005431301583353118,1
4804,0.6202210635764825,0.951229424500714,0.9989008730677919,0.0005498657075954996,0
4805,0.6288749670470424,0.9048374180359595,0.9989016698896598,0.0005494668584345786,0
4806,0.6376884285057907,0.8607079764250578,0.9988790357330142,0.0005607965086724146,0
4807,0.6117452631153683,1.0,0.9989241693708578,0.0005382048751541238,1
4808,0.6202230021997727,0.951229424500714,0.9988895716527757,0.0005555226647834499,0
4809,0.6117404265098718,1.0,0.9989530249425075,0.0005237617593641575,1
4810,0.6202197699730247,0.951229424500714,0.9989084143710181,0.0005460909212464012,0
4811,0.6288655994502138,0.9048374180359595,0.998955226563502,0.0005226597963521342,0
4812,0.637676554121982,0.8607079764250578,0.9989458370892705,0.0005273594656212405,0
4813,0.6466194164874157,0.8187307530779818,0.9989184419777167,0.0005410716641136889,0
4814,0.6117424371180028,1.0,0.9989410293433914,0.0005297658810995133,1
4815,0.6202190061437887,0.951229424500714,0.9989128672944688,0.000543862031459534,0
4816,0.6288742434615426,0.9048374180359595,0.9989058066531934,0.0005473962066915037,0
4817,0.611737680105916,1.0,0.9989694107621148,0.0005155603300619895,1
4818,0.6117485559380291,1.0,0.9989045248445194,0.0005480378134815696,1
4819,0.6117421040403738,1.0,0.9989430165211308,0.0005287712399222201,1
4820,0.6202188105023623,0.951229424500714,0.9989140078370548,0.0005432911398572144,0
4821,0.6117410781953827,1.0,0.9989491368623026,0.0005257078407485146,1
4822,0.611746107040998,1.0,0.9989191345716518,0.0005407249923204928,1
4823,0.6202175482453854,0.951229424500714,0.9989213665370611,0.0005396078033316709,0
4824,0.6117538014964481,1.0,0.9988732317612008,0.0005637017596926612,1
4825,0.6202174228140543,0.951229424500714,0.9989220977802872,0.0005392417870550657,0
4826,0.6288741769059595,0.9048374180359595,0.9989061871549495,0.0005472057474504306,0
4827,0.6376790861024648,0.8607079764250578,0.9989315925211688,0.0005344893164773735,0
4828,0.6466193824214317,0.8187307530779818,0.9989186311672646,0.000540976966928157,0
4829,0.6556490892333806,0.7788007830714049,0.9989752435575414,0.000512640932162712,0
4830,0.6117423622338436,1.0,0.9989414761099988,0.0005295422610386276,1
4831,0.6117466816096524,1.0,0.9989157067584153,0.0005424407563894705,1
4832,0.6117409955130867,1.0,0.9989496301594141,0.000525460932787202,1
4833,0.6117465780060379,1.0,0.9989163248448528,0.0005421313778092733,1
4834,0.611744169311382,1.0,0.9989306949828263,0.0005349385658316396,1
4835,0.6117441548650593,1.0,0.9989307811697162,0.0005348954262591598,1
4836,0.6117468733129243,1.0,0.9989145630817545,0.0005430132157610524,1
4837,0.6117495728265411,1.0,0.9988984583447382,0.0005510743990870179,1
4838,0.6117522545331611,1.0,0.9988824602257564,0.0005590823437187001,1
4839,0.6117479729089803,1.0,0.9989080030733273,0.0005462967948628359,1
4840,0.6117472901678902,1.0,0.9989120761862915,0.0005442580161927496,1
4841,0.6117450054020773,1.0,0.9989257068772716,0.0005374352946005475,1
4842,0.6117445474626544,1.0,0.998928438932929,0.0005360677995493139,1
4843,0.6117425834542806,1.0,0.9989401562869485,0.0005302028722724955,1
4844,0.6117429986145734,1.0,0.9989376794065523,0.0005314426279532006,1
4845,0.6202231491144667,0.951229424500714,0.9988887152050387,0.0005559513648762552,0
4846,0.6288704402786773,0.9048374180359595,0.9989275499641224,0.0005365127609537748,0
4847,0.6376769102732658,0.8607079764250578,0.9989438334161225,0.0005283623604144927,0
4848,0.6466217640803691,0.8187307530779818,0.998905404443208,0.0005475975320135411,0
4849,0.655657263989833,0.7788007830714049,0.9989302863636433,0.0005351430941680367,0
4850,0.6117500712481942,1.0,0.9988954849073222,0.0005525627594987947,1
4851,0.6202169532921658,0.951229424500714,0.998924835019438,0.0005378716925268873,0
4852,0.6117454362141191,1.0,0.9989231366731426,0.0005387217803811233,1
4853,0.611745316264718,1.0,0.9989238522845638,0.0005383635890755783,1
4854,0.620220304727294,0.951229424500714,0.9989052969111823,0.000547651356945764,0
4855,0.6288711829551603,0.9048374180359595,0.998923303931783,0.0005386380609135063,0
4856,0.6117482582425635,1.0,0.9989063008308532,0.0005471488472636937,1
4857,0.6202093218706004,0.951229424500714,0.9989693265122425,0.0005156024984581938,0
4858,0.6117511851778613,1.0,0.9988888395775377,0.0005558891094471219,1
4859,0.6202138822706641,0.951229424500714,0.998942738857957,0.0005289102184263697,0
4860,0.6288682031565817,0.9048374180359595,0.9989403401935187,0.0005301108214363544,0
4861,0.611743379312526,1.0,0.998935408139396,0.0005325794705136942,1
4862,0.6117450499420616,1.0,0.9989254411533873,0.0005375682994465369,1
4863,0.6202189552830503,0.951229424500714,0.9989131638001947,0.0005437136172727001,0
4864,0.6117423574448813,1.0,0.998941504681451,0.0005295279601748855,1
4865,0.6202174716547695,0.951229424500714,0.9989218130471732,0.0005393843072552036,0
4866,0.6117489269480223,1.0,0.9989023114862996,0.0005491457074879482,1
4867,0.6202202839956686,0.951229424500714,0.9989054177701916,0.0005475908612199381,0
4868,0.6117459103038956,1.0,0.9989203082875624,0.0005401374997095607,1
4869,0.6117443001256994,1.0,0.9989299145439503,0.0005353292031324456,1
4870,0.6117518662575766,1.0,0.9988847765176324,0.0005579229034028316,1
4871,0.6117447936109444,1.0,0.9989269704167194,0.000536802845840857,1
4872,0.6117453329094338,1.0,0.9989237529830741,0.0005384132933120385,1
4873,0.611741275599477,1.0,0.9989479591162541,0.0005262973335961987,1
4874,0.6117452838484253,1.0,0.998924045678485,0.0005382667879520286,1
4875,0.6117399420723438,1.0,0.9989559152040014,0.0005223151161083399,1
4876,0.611742510837899,1.0,0.9989405895231893,0.0005299860243741697,1
4877,0.611745740577645,1.0,0.9989213208608132,0.0005396306661166955,1
4878,0.6117531134557068,1.0,0.9988773362769607,0.0005616471910064625,1
4879,0.6117445918110818,1.0,0.9989281743507806,0.0005362002325510675,1
4880,0.6117434838158199,1.0,0.998934784667737,0.0005328915386656837,1
4881,0.6117502140370803,1.0,0.9988946330731457,0.000552989147720862,1
4882,0.6117448379369022,1.0,0.9989267059692071,0.0005369352116469341,1
4883,0.6117509394294749,1.0,0.9988903056240724,0.0005551552713057357,1
4884,0.6117420687234982,1.0,0.9989432272258393,0.0005286657761055563,1
4885,0.6117436576676644,1.0,0.9989337474605955,0.0005334106955194963,1
4886,0.611745115241589,1.0,0.9989250515790337,0.0005377632961968431,1
4887,0.6117537964731249,1.0,0.9988732617278072,0.0005636867594879336,1
4888,0.620214818997785,0.951229424500714,0.9989372777565039,0.0005316436665853228,0
4889,0.6288778206161307,0.9048374180359595,0.9988853561620872,0.0005576327576822043,0
4890,0.6117435937052151,1.0,0.9989341290629692,0.000533219690709718,1
4891,0.6202190369646826,0.951229424500714,0.9989126876162197,0.0005439519683655211,0
4892,0.6288687971688991,0.9048374180359595,0.9989369440435032,0.000531810700624269,0
4893,0.6376779399989182,0.8607079764250578,0.9989380403069887,0.0005312619858678051,0
4894,0.6117432396166543,1.0,0.9989362415725701,0.0005321623099947999,1
4895,0.6117393141507969,1.0,0.9989596615415515,0.0005204399930582573,1
4896,0.6117483315947598,1.0,0.9989058632271803,0.0005473678887134828,1
4897,0.6202114006579926,0.951229424500714,0.9989572068187432,0.0005216686341729724,0
4898,0.6288741818851877,0.9048374180359595,0.9989061586884341,0.0005472199962939122,0
4899,0.6376818737016313,0.8607079764250578,0.9989159101810674,0.0005423389346692278,0
4900,0.6466177615154164,0.8187307530779818,0.9989276331149776,0.0005364711408924203,0
4901,0.6556583442163644,0.7788007830714049,0.9989243458184838,0.0005381165563328787,0
4902,0.6647797374534714,0.7408182206817179,0.9988941145193699,0.0005532487115893478,0
4903,0.6117445427316631,1.0,0.9989284671579681,0.0005360536718913224,1
4904,0.6117478219039144,1.0,0.9989089039407825,0.0005458458689286446,1
4905,0.6117478656337602,1.0,0.9989086430567286,0.0005459764534529003,1
4906,0.6117523737548038,1.0,0.9988817490002592,0.0005594383544500758,1
4907,0.6117488067535849,1.0,0.998903028537194,0.0005487867881878293,1
4908,0.6117442334542857,1.0,0.9989303123058256,0.0005351301091868327,1
4909,0.6117530687149573,1.0,0.9988776031793446,0.0005615135898431925,1
4910,0.6117406049089469,1.0,0.9989519605773037,0.0005242945000157015,1
4911,0.6117477447139692,1.0,0.9989093644417605,0.0005456153669929193,1
4912,0.6117447927301872,1.0,0.9989269756712948,0.0005368002157309277,1
4913,0.620218121499956,0.951229424500714,0.9989180245705851,0.0005412805936925424,0
4914,0.6117498976691715,1.0,0.9988965204273631,0.0005520444272409256,1
4915,0.620221989082202,0.951229424500714,0.9988954777089512,0.0005525663626640661,0
4916,0.628875145427841,0.9048374180359595,0.9989006500839837,0.0005499773221906332,0
4917,0.6376842304352255,0.8607079764250578,0.9989026520312823,0.0005489752479141372,0
4918,0.6466211090481265,0.8187307530779818,0.9989090421931692,0.0005457766672343052,0
4919,0.6117485811290031,1.0,0.9989043745608709,0.0005481130377177587,1
4920,0.6202233309611951,0.951229424500714,0.9988876551204305,0.0005564819971451613,0
4921,0.6288691260900503,0.9048374180359595,0.9989350635074611,0.0005327519701525582,0
4922,0.6376764196080567,0.8607079764250578,0.9989465938531306,0.0005269806845375744,0
4923,0.6117462028895465,1.0,0.9989185627485558,0.0005410112133167484,1
4924,0.6202159641891288,0.951229424500714,0.9989306013703737,0.0005349854221638031,0
4925,0.6117431014311371,1.0,0.9989370659959127,0.0005317496595331657,1
4926,0.6202201985383793,0.951229424500714,0.9989059159601651,0.0005473414933416772,0
4927,0.6288714148610806,0.9048374180359595,0.9989219780835359,0.0005393017000146081,0
4928,0.6117501728189877,1.0,0.9988948789673816,0.000552866064566012,1
4929,0.6117450661028421,1.0,0.9989253447387995,0.0005376165586000738,1
4930,0.6202241906793761,0.951229424500714,0.9988826433719572,0.0005589906681756369,0
4931,0.6288736188147687,0.9048374180359595,0.9989093777992611,0.000545608680950616,0
4932,0.6376900090416853,0.8607079764250578,0.998870144595225,0.0005652470862908049,0
4933,0.6117491706142004,1.0,0.9989008578352796,0.0005498733322321439,1
4934,0.6117499899825091,1.0,0.9988959697136629,0.0005523200883532965,1
4935,0.6202166917175232,0.951229424500714,0.9989263599633159,0.0005371084005050375,0
4936,0.6117462529837233,1.0,0.9989182638917753,0.0005411608035017629,1
4937,0.6202222705430966,0.951229424500714,0.9988938369034206,0.0005533876732590143,0
4938,0.6117426573381624,1.0,0.99893971548897,0.0005304235051467394,1
4939,0.6117519988174094,1.0,0.9988839857194792,0.0005583187440867448,1
4940,0.6202145598526975,0.951229424500714,0.9989387885632203,0.0005308874601609509,0
4941,0.6288799988038366,0.9048374180359595,0.9988729038029331,0.0005638659238283296,0
4942,0.6117473151856465,1.0,0.9989119269343295,0.0005443327234551491,1
4943,0.620220309153745,0.951229424500714,0.9989052711063345,0.0005476642735096583,0
4944,0.6288730416368797,0.9048374180359595,0.9989126775780246,0.0005439569929263483,0
4945,0.6117519104019321,1.0,0.9988845131702229,0.0005580547241345081,1
4946,0.6117472627580787,1.0,0.9989122397089144,0.0005441761658410705,1
4947,0.6117443072230343,1.0,0.9989298722012405,0.000535350397167224,1
4948,0.6202188394655931,0.951229424500714,0.9989138389882498,0.0005433756560507113,0
4949,0.6288692625131604,0.9048374180359595,0.9989342835390356,0.0005331423702689206,0
4950,0.6376809544391819,0.8607079764250578,0.9989210816880515,0.000539750381646551,0
4951,0.6117440006350616,1.0,0.9989317013079508,0.0005344348649128319,1
4952,0.620215734474957,0.951229424500714,0.9989319405829687,0.0005343150994729933,0
4953,0.6288696065366381,0.9048374180359595,0.998932316665902,0.0005341268569876117,0
4954,0.6376887916155041,0.8607079764250578,0.9988769930886311,0.0005618189780598402,0
4955,0.6466169398915439,0.8187307530779818,0.9989321961659364,0.0005341871713706522,0
4956,0.6556573747920749,0.7788007830714049,0.9989296770212958,0.000535448091694761,0
4957,0.6117507941196931,1.0,0.9988911724915124,0.0005547213562607933,1
4958,0.6117483215439021,1.0,0.9989059231884525,0.0005473378752394648,1
4959,0.620221799177024,0.951229424500714,0.9988965847830888,0.0005520122138322281,0
4960,0.6288688245423213,0.9048374180359595,0.9989367875416578,0.0005318890348267641,0
4961,0.6376870645795517,0.8607079764250578,0.9988867084380961,0.0005569558656418445,0
4962,0.6466121686835327,0.8187307530779818,0.9989586945203165,0.0005209240074485642,0
4963,0.6117441500346003,1.0,0.9989308099882803,0.0005348810015541136,1
4964,0.6117429815505703,1.0,0.9989377812116148,0.000531391671292249,1
4965,0.6202137994367454,0.951229424500714,0.9989432217801891,0.0005286685018111032,0
4966,0.6288710763678325,0.9048374180359595,0.998923913311688,0.0005383330426419784,0
4967,0.6376777983283649,0.8607079764250578,0.9989388373254248,0.0005308630531583243,0
4968,0.6466184690638607,0.8187307530779818,0.9989237036250019,0.0005384379989380823,0
4969,0.6556571535731617,0.7788007830714049,0.9989308935860287,0.0005348391579429076,0
4970,0.6647728676722932,0.7408182206817179,0.9989316329994213,0.000534469055704775,0
4971,0.6739358980729995,0.7046880897187134,0.9989490711037897,0.000525740754593948,0
4972,0.6831337969869077,0.6703200460356393,0.9989169477982879,0.0005418195632831621,0
4973,0.6117479224403202,1.0,0.9989083041596036,0.0005461460871750187,1
4974,0.6202196452972011,0.951229424500714,0.9989091411963306,0.0005457271115930035,0
4975,0.6288652154909543,0.9048374180359595,0.998957421828653,0.0005215610170072277,0
4976,0.6117489622604746,1.0,0.9989021008209111,0.0005492511559428103,1
4977,0.6117471267132618,1.0,0.9989130513314768,0.0005437699128188368,1
4978,0.6117472507444673,1.0,0.9989123113802414,0.0005441402911558144,1
4979,0.6117468115837927,1.0,0.9989149313494705,0.0005428288818541806,1
4980,0.6117481949187172,1.0,0.9989066786077432,0.0005469597520411074,1
4981,0.611748252048606,1.0,0.9989063377827054,0.0005471303511086887,1
4982,0.6117452757706363,1.0,0.9989240938701642,0.0005382426661590861,1
4983,0.6117463441309015,1.0,0.9989177201172951,0.0005414329852446808,1
4984,0.61174811601248,1.0,0.9989071493462344,0.0005467241252351406,1
4985,0.6117472851678525,1.0,0.9989121060157269,0.0005442430852315566,1
4986,0.6117462435095793,1.0,0.9989183204135482,0.0005411325120121364,1
4987,0.6202171024860114,0.951229424500714,0.9989239652415014,0.0005383070497653621,0
4988,0.6288795867038826,0.9048374180359595,0.9988752596979099,0.0005626866485724196,0
4989,0.6117424284849916,1.0,0.9989410808488097,0.0005297401010906967,1
4990,0.611751534445672,1.0,0.9988867559768774,0.0005569320697600505,1
4991,0.6117478556498446,1.0,0.9989087026188861,0.0005459466398377156,1
4992,0.61174832443751,1.0,0.9989059059258046,0.0005473465160171586,1
4993,0.6117480515147504,1.0,0.9989075341267599,0.0005465315245256219,1
4994,0.6117480584289546,1.0,0.9989074928779929,0.0005465521714656546,1
4995,0.6117549751385507,1.0,0.9988662304426821,0.0005672063801155198,1
4996,0.6117415836532099,1.0,0.9989461212199977,0.0005272172503597692,1
4997,0.6117500834785741,1.0,0.9988954119446289,0.0005525992811855134,1
4998,0.6117414235421874,1.0,0.9989470764665104,0.0005267391234440168,1
4999,0.6202184666716432,0.951229424500714,0.998916012292167,0.0005422878237131528,0
5000,0.6288779919780191,0.9048374180359595,0.9988843765052896,0.0005581231329149253,0
5001,0.6376812355158686,0.8607079764250578,0.9989195004275334,0.0005405418664788028,0
5002,0.646619320488269,0.8187307530779818,0.998918975120661,0.0005408048040880886,0
5003,0.6556683580747229,0.7788007830714049,0.9988692780560713,0.0005656808461415183,0
5004,0.6647788410513098,0.7408182206817179,0.9988990100227575,0.0005507982559704203,0
5005,0.673952932765322,0.7046880897187134,0.9988564231965594,0.0005721155931661052,0
5006,0.683143254515157,0.6703200460356393,0.9988655878630835,0.0005675280347003007,0
5007,0.6923428546376831,0.6376281516217733,0.9988356747796291,0.0005825017867902761,0
5008,0.7015076526280472,0.6065306597126334,0.9988840903598804,0.0005582663654336253,0
5009,0.6117559084878681,1.0,0.9988606626343663,0.0005699934519295248,1
5010,0.6117518633361543,1.0,0.998884793945663,0.0005579141796586868,1
5011,0.6202222347619488,0.951229424500714,0.9988940454931262,0.0005532832629222463,0
5012,0.6288739164087754,0.9048374180359595,0.9989076764328892,0.0005464602936487332,0
5013,0.6117487142449427,1.0,0.9989035804218671,0.0005485105428943005,1
5014,0.6117521664779951,1.0,0.9988829855258261,0.0005588193999027116,1
5015,0.6117405995048705,1.0,0.998951992819099,0.0005242783622052872,1
5016,0.6117470942375385,1.0,0.9989132450768198,0.0005436729347465201,1
5017,0.611749589759256,1.0,0.9988983573289096,0.0005511249627017718,1
5018,0.6117472189642835,1.0,0.9989125009758879,0.0005440453901187647,1
5019,0.6117528711801863,1.0,0.998878781580665,0.0005609237274708996,1
5020,0.6117523003738763,1.0,0.998882186759501,0.0005592192298407969,1
5021,0.6117472542278677,1.0,0.998912290598819,0.000544150693181253,1
5022,0.6117534003014385,1.0,0.9988756250920421,0.000562503745821678,1
5023,0.6117536149345307,1.0,0.9988743446961852,0.0005631446647936461,1
5024,0.6202257502325037,0.951229424500714,0.9988735520097651,0.0005635414548097418,0
5025,0.6288807186079466,0.9048374180359595,0.9988687888414443,0.0005659257304109856,0
5026,0.6376880500481633,0.8607079764250578,0.9988811647215811,0.0005597308209254729,0
5027,0.64662930253221,0.8187307530779818,0.9988635404937529,0.0005685528830151197,0
5028,0.6556635335542113,0.7788007830714049,0.9988958084014564,0.0005524008336082457,0
5029,0.6647765534650321,0.7408182206817179,0.9989115032931309,0.0005445447748267255,0
5030,0.6739515566865132,0.7046880897187134,0.9988639070466433,0.0005683693980803354,0
5031,0.6117556245064807,1.0,0.9988623566939295,0.000569145456713572,1
5032,0.6117561426169849,1.0,0.9988592659662489,0.0005706925830226586,1
5033,0.620231940093432,0.951229424500714,0.9988374695877965,0.0005816033374255889,0
5034,0.6117555374070796,1.0,0.9988628762766377,0.0005688853695405752,1
5035,0.6202317746657431,0.951229424500714,0.9988384338876733,0.0005811206265538387,0
5036,0.6117548382723523,1.0,0.9988670469091351,0.0005667976836882664,1
5037,0.6117559871789255,1.0,0.9988601932123272,0.0005702284307243147,1
5038,0.6202296607197912,0.951229424500714,0.9988507564750073,0.0005749522058637855,0
5039,0.6288834925276181,0.9048374180359595,0.9988529311688497,0.0005738636090635199,0
5040,0.6376950900886402,0.8607079764250578,0.9988415623934987,0.0005795545569975693,0
5041,0.646626192277814,0.8187307530779818,0.9988808126829768,0.0005599070374158709,0
5042,0.6117559685410403,1.0,0.9988603043943601,0.0005701727762756557,1
5043,0.6202264595124003,0.951229424500714,0.9988694173256197,0.0005656111325454724,0
5044,0.6288756159273059,0.9048374180359595,0.9988979602383207,0.0005513237270029688,0
5045,0.611753305259046,1.0,0.9988761920691698,0.0005622199382321433,1
5046,0.6117503670041443,1.0,0.9988937205203262,0.000553445929250218,1
5047,0.6117473583972238,1.0,0.998911669140998,0.0005444617605392908,1
5048,0.6117549996847504,1.0,0.9988660840140215,0.0005672796775535616,1
5049,0.6202213817205702,0.951229424500714,0.9988990183997813,0.0005507940628419165,0
5050,0.6288789264488497,0.9048374180359595,0.9988790342627248,0.0005607972446420484,0
5051,0.6376816935861982,0.8607079764250578,0.9989169234561345,0.0005418317475562636,0
5052,0.6117515035781883,1.0,0.9988869401204367,0.0005568398953762917,1
5053,0.6202233401575332,0.951229424500714,0.9988876015099594,0.0005565088322313155,0
5054,0.611747564535165,1.0,0.9989104393565154,0.0005450773230948611,1
5055,0.6202216223317518,0.951229424500714,0.998897615724572,0.0005514961739503754,0
5056,0.6288686197922254,0.9048374180359595,0.9989379581585336,0.0005313031037626364,0
5057,0.6376830282338334,0.8607079764250578,0.998909415162822,0.0005455899787735673,0
5058,0.6117461961405254,1.0,0.9989186030125414,0.000540991059529278,1
5059,0.6202190346167152,0.951229424500714,0.9989127013042918,0.0005439451168798139,0
5060,0.6288732673665919,0.9048374180359595,0.9989113870588618,0.000544602955293927,0
5061,0.6376816934865208,0.8607079764250578,0.9989169240168896,0.0005418314668747073,0
5062,0.6466162088514956,0.8187307530779818,0.998936256163178,0.0005321550069221257,0
5063,0.6117502766859544,1.0,0.9988942593297507,0.0005531762262437333,1
5064,0.6202130302275882,0.951229424500714,0.9989477062899818,0.0005264238798802531,0
5065,0.6117500320985132,1.0,0.9988957184623584,0.0005524458528692117,1
5066,0.6117456764092855,1.0,0.9989217036845199,0.0005394390476051307,1
5067,0.6117456307238258,1.0,0.9989219762407409,0.0005393026224064827,1
5068,0.6117479933408771,1.0,0.9989078811806168,0.0005463578078478103,1
5069,0.6117522160445046,1.0,0.9988826898328352,0.0005589674117514028,1
5070,0.6117450640811871,1.0,0.9989253567999136,0.0005376105215553394,1
5071,0.6117473049667915,1.0,0.9989119878983919,0.0005443022082221014,1
5072,0.6117455119398358,1.0,0.9989226848981467,0.0005389479114423946,1
5073,0.6117494462204373,1.0,0.9988992136417378,0.000550696334275849,1
5074,0.6117419728100354,1.0,0.9989437994573783,0.0005283793577388359,1
5075,0.6202257302817028,0.951229424500714,0.9988736683115393,0.0005634832383481804,0
5076,0.6288667002413947,0.9048374180359595,0.9989489328890111,0.0005258099346914378,0
5077,0.6117536070219587,1.0,0.9988743918986692,0.0005631210369553869,1
5078,0.6202165806349055,0.951229424500714,0.9989270075605705,0.0005367842539659852,0
5079,0.6117524496317829,1.0,0.9988812963509435,0.0005596649325303438,1
5080,0.6202173384603772,0.951229424500714,0.9989225895482393,0.0005389956378147133,0
5081,0.6117454265916209,1.0,0.9989231940804008,0.0005386930458096357,1
5082,0.6117491649754451,1.0,0.9989008914746371,0.0005498564940460932,1
5083,0.6202130957163945,0.951229424500714,0.9989473244873864,0.0005266149823102358,0
5084,0.6117458929864242,1.0,0.9989204116021423,0.0005400857865880466,1
5085,0.6202170073281175,0.951229424500714,0.9989245199977496,0.0005380293729283772,0
5086,0.6117507425543227,1.0,0.9988914801127855,0.0005545673749091237,1
5087,0.6117428848555259,1.0,0.9989383581014555,0.0005311029197378708,1
5088,0.6202217464383943,0.951229424500714,0.9988968922293231,0.0005518583209310056,0
5089,0.6288684812800339,0.9048374180359595,0.9989387500747678,0.00053090672483141,0
5090,0.6117473664766351,1.0,0.9989116209405388,0.0005444858870270954,1
5091,0.6202170257055599,0.951229424500714,0.9989244128599825,0.0005380829994890955,0
5092,0.6288804877094357,0.9048374180359595,0.9988701088348493,0.0005652649867039149,0
5093,0.61174077067235,1.0,0.9989509716006155,0.0005247895073918229,1
5094,0.6202213595713103,0.951229424500714,0.9988991475220083,0.0005507294305736908,0
5095,0.6117445796803505,1.0,0.9989282467225573,0.0005361640078374706,1
5096,0.6117495072304769,1.0,0.9988988496726079,0.0005508785194208645,1
5097,0.6202172060319655,0.951229424500714,0.9989233615846195,0.0005386092034253453,0
5098,0.6288722099366162,0.9048374180359595,0.9989174325104665,0.0005415769444838636,0
5099,0.611749240525642,1.0,0.9989004407618206,0.0005500820984689137,1
5100,0.6202117379208929,0.951229424500714,0.9989552405369007,0.0005226528023456947,0
5101,0.6288707300123161,0.9048374180359595,0.9989258934951349,0.00053734188532865,0
5102,0.6117508928933888,1.0,0.9988905832419972,0.0005550163081560244,1
5103,0.6117396279489414,1.0,0.99895778934043,0.0005213770693727423,1
5104,0.6117441661598406,1.0,0.9989307137849494,0.0005349291547067778,1
5105,0.6117469499531808,1.0,0.998914105856552,0.0005432420768288586,1
5106,0.6117394170343323,1.0,0.9989590477111142,0.0005207472279995361,1
5107,0.6117440921366766,1.0,0.9989311554079352,0.0005347081068993084,1
5108,0.6202157033809877,0.951229424500714,0.9989321218581597,0.0005342243649758583,0
5109,0.6117464737777047,1.0,0.9989169466588637,0.0005418201336130116,1
5110,0.6202151356325675,0.951229424500714,0.9989354317913157,0.0005325676319507215,0
5111,0.6288752174528638,0.9048374180359595,0.998900238316257,0.0005501834326839904,0
5112,0.6376741409962801,0.8607079764250578,0.9989594132408095,0.0005205642727376405,0
5113,0.6466147726487971,0.8187307530779818,0.9989442325005953,0.0005281626072453347,0
5114,0.6117407368296195,1.0,0.9989511735128054,0.0005246884452900764,1
5115,0.611744872238878,1.0,0.998926501324583,0.0005370376439093545,1
5116,0.6117505199031116,1.0,0.9988928083749987,0.0005539025072250443,1
5117,0.611748148486503,1.0,0.9989069556128066,0.0005468210979351147,1
5118,0.6202198079978184,0.951229424500714,0.9989081926972166,0.0005462018792796234,0
5119,0.6288774274571263,0.9048374180359595,0.9988876038131754,0.0005565076793408496,0
5120,0.6376843235359677,0.8607079764250578,0.9989021282840896,0.0005492374092612782,0
5121,0.6466186385783181,0.8187307530779818,0.998922762200603,0.0005389092185312574,0
5122,0.6556652177691104,0.7788007830714049,0.9988865467031033,0.0005570368232742815,0
5123,0.6117473135667909,1.0,0.9989119365921639,0.0005443278892780553,1
5124,0.620217637467809,0.951229424500714,0.9989208463860422,0.0005398681597379938,0
5125,0.6288667098497416,0.9048374180359595,0.9989488779543892,0.0005258374309034513,0
5126,0.6376826986679323,0.8607079764250578,0.998911269186576,0.0005446619556688606,0
5127,0.6117384177873341,1.0,0.9989650095074245,0.0005177632325424676,1
5128,0.6117497704059608,1.0,0.9988972796422755,0.0005516644005772957,1
5129,0.6202122017012808,0.951229424500714,0.998952536652434,0.0005240061603422507,0
5130,0.6288741843235416,0.9048374180359595,0.9989061447482342,0.0005472269740264448,0
5131,0.6376786471004627,0.8607079764250578,0.9989340622662659,0.0005332531246987962,0
5132,0.6466179687319741,0.8187307530779818,0.9989264823008078,0.0005370471660190371,0
5133,0.6556656110573656,0.7788007830714049,0.9988843839785708,0.0005581193921009787,0
5134,0.6117413929612157,1.0,0.9989472589173569,0.0005266478018744183,1
5135,0.6202241228917932,0.951229424500714,0.9988830385400524,0.0005587928631483195,0
5136,0.6288753489754968,0.9048374180359595,0.9988994864007337,0.000550559804506428,0
5137,0.6376780552069747,0.8607079764250578,0.9989373921634097,0.0005315864022796143,0
5138,0.6117489282548203,1.0,0.9989023036902638,0.0005491496097893716,1
5139,0.6202092393770083,0.951229424500714,0.9989698074686135,0.0005153617722203676,0
5140,0.6288681987528063,0.9048374180359595,0.998940365371307,0.0005300982191882348,0
5141,0.6117502471281385,1.0,0.9988944356623182,0.0005530879623708044,1
5142,0.620211935266824,0.951229424500714,0.9989540899897816,0.0005232286778879204,0
5143,0.6288675916212585,0.9048374180359595,0.998943836544269,0.0005283607946875916,0
5144,0.6117394053181094,1.0,0.9989591176131764,0.0005207122405494318,1
5145,0.6117418057037791,1.0,0.9989447964350702,0.0005278803420810692,1
5146,0.6202177161910893,0.951229424500714,0.9989203874435006,0.0005400978789637881,0
5147,0.6117466888519615,1.0,0.9989156635517107,0.000542462383192075,1
5148,0.6117466252673603,1.0,0.9989160428895378,0.0005422725084264003,1
5149,0.6202149940793541,0.951229424500714,0.9989362570389773,0.000532154568556239,0
5150,0.6288738993374654,0.9048374180359595,0.998907774030692,0.0005464114413872986,0
5151,0.6376805348164165,0.8607079764250578,0.9989234423769011,0.0005385687637472746,0
5152,0.6117419958117492,1.0,0.9989436622262748,0.0005284480458437522,1
5153,0.6117489226872541,1.0,0.9989023369049974,0.0005491329841729802,1
5154,0.6117414173278247,1.0,0.9989471135423633,0.0005267205659783134,1
5155,0.6202192596482224,0.951229424500714,0.9989113894271909,0.0005446017698388885,0
5156,0.628869992507441,0.9048374180359595,0.9989301099750757,0.000535231382903328,0
5157,0.611746393880563,1.0,0.9989174233162332,0.0005415815465825992,1
5158,0.620219385527057,0.951229424500714,0.9989106555863102,0.0005449690902829332,0
5159,0.6288751418047446,0.9048374180359595,0.9989006707972652,0.0005499669541518678,0
5160,0.6376856736609354,0.8607079764250578,0.9988945330658479,0.0005530392067058233,0
5161,0.6466186411858379,0.8187307530779818,0.9989227477193529,0.00053891646696468,0
5162,0.6117425468833824,1.0,0.9989403744723712,0.000530093663829186,1
5163,0.6202172235714233,0.951229424500714,0.9989232593323478,0.0005386603846674724,0
5164,0.6117434663992758,1.0,0.9989348885756333,0.0005328395293190738,1
5165,0.611742785911634,1.0,0.9989389484086043,0.0005308074525703718,1
5166,0.6202150226126848,0.951229424500714,0.9989360906911073,0.0005322378310680484,0
5167,0.6288675751412325,0.9048374180359595,0.9989439307662857,0.0005283136338718943,0
5168,0.6376784503936396,0.8607079764250578,0.998935168905487,0.000532699214961496,0
5169,0.6466169091423531,0.8187307530779818,0.9989323669381559,0.0005341016939951508,0
5170,0.6117458212675355,1.0,0.998920839471181,0.0005398716209037025,1
5171,0.6202208365638072,0.951229424500714,0.9989021964747578,0.0005492032764549655,0
5172,0.6117506510427329,1.0,0.998892026039821,0.000554294108544805,1
5173,0.6202161650496818,0.951229424500714,0.998929430373833,0.000535571547579069,0
5174,0.6288759494427771,0.9048374180359595,0.9988960535361618,0.0005522781307831514,0
5175,0.6376777665395676,0.8607079764250578,0.9989390161648016,0.0005307735384882554,0
5176,0.6466229070326417,0.8187307530779818,0.9988990570471226,0.0005507747178731992,0
5177,0.6556524049243097,0.7788007830714049,0.9989570085816658,0.0005217678561895715,0
5178,0.6647748996429932,0.7408182206817179,0.9989205354739916,0.0005400237837296568,0
5179,0.6739422932223447,0.7046880897187134,0.9989142882434581,0.0005431507842501259,0
5180,0.6117430533356516,1.0,0.9989373529367928,0.0005316060364519154,1
5181,0.6202169568630691,0.951229424500714,0.9989248142015901,0.0005378821126543098,0
5182,0.628873212762751,0.9048374180359595,0.9989116992342312,0.0005444466975294041,0
5183,0.6117449073536527,1.0,0.9989262918308884,0.0005371425033341088,1
5184,0.6117509265020191,1.0,0.9988903827447158,0.0005551166681478878,1
5185,0.6117513896298858,1.0,0.9988876198927109,0.0005564996306198189,1
5186,0.6117455109055835,1.0,0.9989226910684308,0.0005389448229731085,1
5187,0.6117441275462929,1.0,0.9989309441537504,0.0005348138470226328,1
5188,0.6202226868506742,0.951229424500714,0.998891410002183,0.00055460246911427,0
5189,0.6117409844316926,1.0,0.9989496962729868,0.0005254278412435494,1
5190,0.6202170232834225,0.951229424500714,0.9989244269806833,0.0005380759315364978,0
5191,0.6117470921456603,1.0,0.9989132575566563,0.000543666688039691,1
5192,0.6117493006344652,1.0,0.9989000821684391,0.0005502615925562335,1
5193,0.6117464038994572,1.0,0.9989173635446171,0.0005416114647802654,1
5194,0.6117482629505595,1.0,0.9989062727439373,0.000547162906097987,1
5195,0.6117465127600491,1.0,0.9989167140947017,0.000541936541783762,1
5196,0.6117470101857705,1.0,0.998913746517447,0.0005434219417279497,1
5197,0.6117532268339158,1.0,0.9988766599160802,0.0005619857516509637,1
5198,0.6117467316167696,1.0,0.9989154084223022,0.0005425900863858143,1
5199,0.6117539567613567,1.0,0.9988723055299152,0.0005641653979630421,1
5200,0.6117455359453465,1.0,0.998922541682801,0.0005390195963476092,1
5201,0.6117448034572557,1.0,0.9989269116738729,0.0005368322488151902,1
5202,0.611743392269625,1.0,0.9989353308366901,0.0005326181630599408,1
5203,0.6202226887648199,0.951229424500714,0.9988913988435236,0.000554608054636017,0
5204,0.6117462687511631,1.0,0.9989181698248559,0.0005412078878965297,1
5205,0.6117432806367291,1.0,0.9989359968444628,0.0005322848043678311,1
5206,0.611747125588902,1.0,0.9989130580392394,0.0005437665552881058,1
5207,0.6117505392276763,1.0,0.9988926930910426,0.0005539602130978909,1
5208,0.611749591486442,1.0,0.9988983470250027,0.0005511301203371573,1
5209,0.620220567441247,0.951229424500714,0.9989037653713186,0.000548417966674703,0
5210,0.6117507294025726,1.0,0.9988915585716285,0.0005545281019543559,1
5211,0.6202218300463936,0.951229424500714,0.9988964048264192,0.0005521022915683161,0
5212,0.6288726881910958,0.9048374180359595,0.998914698267184,0.0005429455496035454,0
5213,0.6376792946790486,0.8607079764250578,0.9989304191101563,0.0005350766498395241,0
5214,0.6466174645673529,0.8187307530779818,0.9989292822719296,0.0005356456778979129,0
5215,0.6556553012784787,0.7788007830714049,0.9989410801083481,0.0005297404717139571,0
5216,0.6117402976950149,1.0,0.9989537934792259,0.0005233770884118868,1
5217,0.6117423182700541,1.0,0.9989417384026348,0.0005294109757692869,1
5218,0.6117423848598013,1.0,0.9989413411211727,0.0005296098269764012,1
5219,0.6202151149012298,0.951229424500714,0.9989355526538443,0.0005325071362883337,0
5220,0.6288697961403347,0.9048374180359595,0.9989312326537089,0.000534669442687931,0
5221,0.6117453541046414,1.0,0.9989236265336131,0.0005384765861652371,1
5222,0.6202176069957966,0.951229424500714,0.9989210240324656,0.0005397792405767474,0
5223,0.6117468260524858,1.0,0.998914845031171,0.0005428720878873127,1
5224,0.6202199343904681,0.951229424500714,0.9989074558642892,0.0005465706985588384,0
5225,0.6117474393165601,1.0,0.9989111863895006,0.0005447033993292657,1
5226,0.6202157973421956,0.951229424500714,0.9989315740724682,0.0005344985506936277,0
5227,0.6117481775782678,1.0,0.9989067820572932,0.0005469079706550672,1
5228,0.6202202341351795,0.951229424500714,0.9989057084416167,0.0005474453662723117,0
5229,0.6288760108462284,0.9048374180359595,0.998895702494235,0.0005524538457573548,0
5230,0.6376818915765291,0.8607079764250578,0.9989158096223595,0.000542389268592194,0
5231,0.6466265949223056,0.8187307530779818,0.9988785766549306,0.0005610263053607905,0
5232,0.6117478222949575,1.0,0.9989089016078921,0.0005458470366478754,1
5233,0.6202166950577701,0.951229424500714,0.9989263404901187,0.0005371181475685574,0
5234,0.6117486361363748,1.0,0.9989040463994595,0.0005482772984186271,1
5235,0.6202182350386062,0.951229424500714,0.9989173626634708,0.0005416119058309573,0
5236,0.6288759654481875,0.9048374180359595,0.998895962033633,0.0005523239326124906,0
5237,0.6376815719265049,0.8607079764250578,0.9989176078776019,0.000541489165897641,0
5238,0.6466246917965153,0.8187307530779818,0.9988891454432919,0.0005557360064714912,0
5239,0.6556583937748388,0.7788007830714049,0.9989240732800135,0.0005382529723229902,0
5240,0.6117480000038021,1.0,0.9989078414309112,0.0005463777044304524,1
5241,0.6117468935545596,1.0,0.9989144423229195,0.0005430736607915081,1
5242,0.6202165651381423,0.951229424500714,0.9989270979047375,0.0005367390333631695,0
5243,0.6117485533195216,1.0,0.9989045404659451,0.0005480299942029806,1
5244,0.6202242637156984,0.951229424500714,0.998882217606555,0.0005592037890541241,0
5245,0.6288726103303898,0.9048374180359595,0.9989151434063109,0.0005427227382721856,0
5246,0.6376825591793602,0.8607079764250578,0.9989120539023664,0.0005442691702902903,0
5247,0.646620392436051,0.8187307530779818,0.9989130219480185,0.000543784620534763,0
5248,0.6556591754938909,0.7788007830714049,0.9989197743594229,0.0005404047524011632,0
5249,0.6117492541190205,1.0,0.9989003596672938,0.0005501226903671561,1
5250,0.6202219059906744,0.951229424500714,0.9988959621003793,0.0005523238992023821,0
5251,0.6117461954074259,1.0,0.9989186073861399,0.0005409888703626836,1
5252,0.6202196491599558,0.951229424500714,0.9989091186775362,0.0005457383832861256,0
5253,0.6117450036151922,1.0,0.9989257175377634,0.0005374299586222528,1
5254,0.6202185241492321,0.951229424500714,0.9989156772104603,0.0005424555464039439,0
5255,0.6288751081429877,0.9048374180359595,0.998900863241927,0.0005498706259338476,0
5256,0.6376776933409956,0.8607079764250578,0.9989394279700011,0.0005305674172396494,0
5257,0.6466183749784182,0.8187307530779818,0.9989242261433294,0.0005381764583474633,0
5258,0.6556555033233976,0.7788007830714049,0.9989399689752193,0.0005302966275117676,0
5259,0.6117516891898669,1.0,0.9988858328331757,0.000557394156239217,1
5260,0.6117475276769184,1.0,0.998910659246484,0.0005449672582002435,1
5261,0.6202164703723146,0.951229424500714,0.9989276503777667,0.0005364625002320153,0
5262,0.611747494900731,1.0,0.9989108547836494,0.0005448693830076905,1
5263,0.6202182766726255,0.951229424500714,0.9989171199458077,0.0005417333962072775,0
5264,0.6288708606269822,0.9048374180359595,0.9989251467444581,0.0005377156622828978,0
5265,0.611751693001078,1.0,0.9988858100969881,0.0005574055370132022,1
5266,0.6202165089271119,0.951229424500714,0.9989274256080249,0.0005365750057607625,0
5267,0.6288753161905323,0.9048374180359595,0.9988996738324611,0.0005504659854023021,0
5268,0.6117449742974284,1.0,0.9989258924465101,0.0005373424102048108,1
5269,0.6117517538926991,1.0,0.9988854468416146,0.000557587367326489,1
5270,0.6202168426665013,0.951229424500714,0.9989254799513095,0.0005375488796180507,0
5271,0.6288713312446217,0.9048374180359595,0.9989224561337358,0.000539062417019542,0
5272,0.6117464962467869,1.0,0.9989168126109057,0.0005418872302657455,1
5273,0.6202194358891634,0.951229424500714,0.9989103619885376,0.00054511604927977,0
5274,0.6288746721379403,0.9048374180359595,0.9989033558924758,0.0005486229308269003,0
5275,0.6376882678233169,0.8607079764250578,0.9988799396410197,0.0005603440476815297,0
5276,0.6466188775699524,0.8187307530779818,0.998921434925953,0.0005395735719638026,0
5277,0.6556642067621794,0.7788007830714049,0.998892106338625,0.0005542539146105471,0
5278,0.6647765845684466,0.7408182206817179,0.9989113334258647,0.0005446298010178162,0
5279,0.6117456159238742,1.0,0.9989220645362299,0.0005392584270202332,1
5280,0.6117424393107715,1.0,0.9989410162611112,0.0005297724291738019,1
5281,0.6202171016465607,0.951229424500714,0.9989239701353706,0.0005383046001949172,0
5282,0.6117432235238572,1.0,0.9989363375831403,0.000532114253591614,1
5283,0.6202187603523324,0.951229424500714,0.9989143001999983,0.0005431447994823076,0
5284,0.6117476421518091,1.0,0.9989099763091848,0.0005453090993480856,1
5285,0.6202171928894598,0.951229424500714,0.9989234382033646,0.0005385708527644823,0
5286,0.6117426065572792,1.0,0.9989400184523199,0.0005302718627106242,1
5287,0.6117517309057084,1.0,0.9988855839729028,0.0005575187251817287,1
5288,0.611742448407012,1.0,0.9989409619920258,0.0005297995924827946,1
5289,0.6202182986283268,0.951229424500714,0.9989169919486751,0.0005417974641555287,0
5290,0.6288709522849563,0.9048374180359595,0.9989246227175843,0.0005379779577175794,0
5291,0.6117498280086903,1.0,0.998896936001214,0.0005518364108167869,1
5292,0.6117414251047353,1.0,0.998947067144107,0.0005267437895588014,1
5293,0.6117452577120857,1.0,0.998924201606573,0.0005381887399380058,1
5294,0.6117437667853557,1.0,0.9989330964608557,0.0005337365429310673,1
5295,0.6202215581336672,0.951229424500714,0.9988979899756565,0.0005513088419313133,0
5296,0.6288672617619454,0.9048374180359595,0.9989457224665135,0.0005274168374823341,0
5297,0.6376873996361963,0.8607079764250578,0.9988848235851243,0.0005578993433827126,0
5298,0.6466197812698278,0.8187307530779818,0.9989164161173838,0.0005420856920373009,0
5299,0.655652547573242,0.7788007830714049,0.9989562240782248,0.0005221605176065847,0
5300,0.6647763110198568,0.7408182206817179,0.9989128273771268,0.0005438820118522424,0
5301,0.673940296912399,0.7046880897187134,0.9989251459245313,0.0005377160726873811,0
5302,0.6831298811888322,0.6703200460356393,0.9989382136590267,0.0005311752177120889,0
5303,0.6923274541504205,0.6376281516217733,0.9989193924335871,0.0005405959218617146,0
5304,0.6117448026483208,1.0,0.9989269164999584,0.0005368298331802965,1
5305,0.6117444003567667,1.0,0.9989293165655162,0.0005356285127258522,1
5306,0.6202229670423718,0.951229424500714,0.9988897766050395,0.0005554200747431314,0
5307,0.6288750562513279,0.9048374180359595,0.9989011599072577,0.0005497221300732563,0
5308,0.6376847674292909,0.8607079764250578,0.9988996311243139,0.0005504873629987087,0
5309,0.6466137895273527,0.8187307530779818,0.9989496925746297,0.000525429692366347,0
5310,0.6556645616371614,0.7788007830714049,0.9988901548389338,0.0005552307476364227,0
5311,0.6117438521770172,1.0,0.9989325870118345,0.0005339915395634611,1
5312,0.6202169470909609,0.951229424500714,0.9989248711715638,0.0005378535970086245,0
5313,0.6288703044300197,0.9048374180359595,0.9989283266411453,0.0005361240056726369,0
5314,0.6376813275812053,0.8607079764250578,0.9989189824938461,0.0005408011135059204,0
5315,0.6466126951168885,0.8187307530779818,0.9989557707702884,0.0005223874084494059,0
5316,0.6117516520921433,1.0,0.998886054143654,0.0005572833775864,1
5317,0.6117426967469474,1.0,0.9989394803726829,0.0005305411880815596,1
5318,0.6117450051600825,1.0,0.9989257083210042,0.0005374345719578865,1
5319,0.6117421768654844,1.0,0.9989425820380119,0.0005289887113926494,1
5320,0.6202168909059436,0.951229424500714,0.9989251987221575,0.0005376896454696318,0
5321,0.6288692615347152,0.9048374180359595,0.9989342891330726,0.0005331395702663865,0
5322,0.6117441521648131,1.0,0.9989307972794101,0.0005348873627906088,1
5323,0.6202215418749826,0.951229424500714,0.9988980847578054,0.0005512613985760917,0
5324,0.6117484110327123,1.0,0.9989053893175002,0.0005476051031548284,1
5325,0.6202232771790809,0.951229424500714,0.9988879686457912,0.0005563250599211323,0
5326,0.6288692578557433,0.9048374180359595,0.998934310166756,0.0005331290422049039,0
5327,0.6117523891855471,1.0,0.9988816569470781,0.0005594844325696221,1
5328,0.6202134567487134,0.951229424500714,0.9989452196569627,0.0005276685076512239,0
5329,0.611744157684471,1.0,0.99893076434908,0.000534903845579393,1
5330,0.6202218346182383,0.951229424500714,0.9988963781743095,0.0005521156323461342,0
5331,0.6117431396193735,1.0,0.9989368381624303,0.0005318636975021819,1
5332,0.6202160216255737,0.951229424500714,0.998930266521558,0.0005351530258348407,0
5333,0.611743566822313,1.0,0.9989342894474375,0.0005331394129162848,1
5334,0.6202160588482408,0.951229424500714,0.9989300495171599,0.0005352616442384221,0
5335,0.6117491882795876,1.0,0.9989007524481543,0.0005499260837789855,1
5336,0.6202169585727529,0.951229424500714,0.9989248042343813,0.0005378871016227158,0
5337,0.6288712375139377,0.9048374180359595,0.9989229920091335,0.0005387941903665676,0
5338,0.6376833385449111,0.8607079764250578,0.9989076694640995,0.0005464637818538525,0
5339,0.646618087952604,0.8187307530779818,0.9989258201884791,0.0005373785780698272,0
5340,0.6556579387030133,0.7788007830714049,0.998926575874018,0.0005370003291359172,0
5341,0.6647750404447146,0.7408182206817179,0.9989197664961799,0.0005404086882743494,0
5342,0.6117446957253146,1.0,0.9989275544002142,0.0005365105405265699,1
5343,0.6202224678580162,0.951229424500714,0.9988926866378853,0.0005539634432532996,0
5344,0.6288699858973132,0.9048374180359595,0.9989301477667601,0.0005352124668233483,0
5345,0.6376856173274028,0.8607079764250578,0.9988948499724114,0.0005528805780905135,0
5346,0.6117452605537413,1.0,0.9989241846533963,0.0005381972256553842,1
5347,0.6202188602577937,0.951229424500714,0.9989137177746488,0.0005434363287552553,0
5348,0.6288702043039527,0.9048374180359595,0.998928899084688,0.0005358374769181002,0
5349,0.6117481266756635,1.0,0.998907085731841,0.0005467559672314296,1
5350,0.6117445385890727,1.0,0.9989284918726151,0.000536041301312509,1
5351,0.6117535757926227,1.0,0.9988745781974461,0.0005630277826077838,1
5352,0.620218771356315,0.951229424500714,0.9989142360493429,0.0005431769096730481,0
5353,0.6288685630956437,0.9048374180359595,0.9989382823099949,0.0005311408557440325,0
5354,0.6376821770595795,0.8607079764250578,0.9989142035838018,0.0005431931600879909,0
5355,0.6466189399606298,0.8187307530779818,0.9989210884306469,0.0005397470067075738,0
5356,0.6117510538813971,1.0,0.9988896228446456,0.0005554970403951445,1
5357,0.6202148649594892,0.951229424500714,0.9989370098017304,0.0005317777865222673,0
5358,0.6117415752726875,1.0,0.9989461712194242,0.0005271922242727367,1
5359,0.6202189908923754,0.951229424500714,0.9989129562064835,0.000543817527072007,0
5360,0.6288681607978355,0.9048374180359595,0.9989405823720184,0.0005299896037516653,0
5361,0.6376816339504382,0.8607079764250578,0.998917258949214,0.0005416638191653438,0
5362,0.6466178845273804,0.8187307530779818,0.9989269499458648,0.0005368130922629184,0
5363,0.6556526316970288,0.7788007830714049,0.9989557614364721,0.0005223920802359852,0
5364,0.6647741590111201,0.7408182206817179,0.9989245803890278,0.0005379991447804125,0
5365,0.6739392745293441,0.7046880897187134,0.9989307065868388,0.0005349327576146091,0
5366,0.6117482467923003,1.0,0.9989063691407244,0.0005471146549331144,1
5367,0.6202163390084962,0.951229424500714,0.9989284162132662,0.0005360791715666391,0
5368,0.6288758740632466,0.9048374180359595,0.9988964844791977,0.0005520624211799103,0
5369,0.6376809741067596,0.8607079764250578,0.998920971043537,0.0005398057636594762,0
5370,0.6466161275258046,0.8187307530779818,0.9989367078251585,0.0005319289355008707,0
5371,0.6556608800845033,0.7788007830714049,0.9989104003507683,0.0005450968472415346,0
5372,0.6647759574047658,0.7408182206817179,0.9989147586052033,0.0005429153478167867,0
5373,0.6117485581151307,1.0,0.9989045118564227,0.000548044314651852,1
5374,0.6202182764138673,0.951229424500714,0.9989171214543138,0.0005417326411365734,0
5375,0.628874692104354,0.9048374180359595,0.998903241743861,0.0005486800677964415,0
5376,0.6376868588729646,0.8607079764250578,0.9988878656377511,0.000556376621281643,0
5377,0.6117412695677009,1.0,0.9989479951028151,0.000526279321366423,1
5378,0.6202200444793903,0.951229424500714,0.9989068140780524,0.0005468919427537583,0
5379,0.6117505583988476,1.0,0.9988925787222009,0.0005540174609129084,1
5380,0.6202134515967477,0.951229424500714,0.9989452496930495,0.0005276534737505513,0
5381,0.6288715266750122,0.9048374180359595,0.9989213388238413,0.0005396216749041406,0
5382,0.6117439664829616,1.0,0.9989319050600092,0.0005343328799436823,1
5383,0.6117482002461375,1.0,0.9989066468254539,0.0005469756605791177,1
5384,0.6117458816927225,1.0,0.9989204789794272,0.000540052061537559,1
5385,0.6202184369261301,0.951229424500714,0.9989161857020316,0.0005422010246993096,0
5386,0.6288711917436175,0.9048374180359595,0.9989232536865346,0.0005386632106169538,0
5387,0.6117491048027178,1.0,0.9989012504496891,0.0005496768090590305,1
5388,0.6117449986623894,1.0,0.9989257470860073,0.0005374151686118242,1
5389,0.6202152867903852,0.951229424500714,0.9989345505503967,0.0005330087221752411,0
5390,0.6288716461441838,0.9048374180359595,0.9989206557984219,0.0005399635565049794,0
5391,0.6376808124690433,0.8607079764250578,0.9989218803744268,0.0005393506072946902,0
5392,0.6117472697306836,1.0,0.9989121981114462,0.0005441969872242957,1
5393,0.611745236330023,1.0,0.9989243291709112,0.0005381248890823674,1
5394,0.620221315383863,0.951229424500714,0.998899405119021,0.0005506004901395301,0
5395,0.6288706271496933,0.9048374180359595,0.9989264815822543,0.0005370475256819265,0
5396,0.6117528842061529,1.0,0.9988787038736923,0.0005609626245709088,1
5397,0.6202170651890635,0.951229424500714,0.9989241826770608,0.0005381982148873401,0
5398,0.6288709134363624,0.9048374180359595,0.9989248448226792,0.0005378667856305772,0
5399,0.6376825502806109,0.8607079764250578,0.9989121039637637,0.0005442441123304886,0
5400,0.6466175815289519,0.8187307530779818,0.9989286327032805,0.0005359708104532548,0
5401,0.6556565661536689,0.7788007830714049,0.9989341240317662,0.0005332222089954365,0
5402,0.6647747646447656,0.7408182206817179,0.9989212727570829,0.0005396547439547101,0
5403,0.6739477288785705,0.7046880897187134,0.9988847250180484,0.000557948681944357,0
5404,0.6831273223443501,0.6703200460356393,0.9989521104410658,0.0005242194895263229,0
5405,0.692327641381728,0.6376281516217733,0.9989183745965884,0.0005411053911567083,0
5406,0.7015029376974943,0.6065306597126334,0.9989098088115518,0.0005453929395594331,0
5407,0.7106353028527328,0.5769498103804866,0.9989082439372039,0.0005461762312839724,0
5408,0.719699669411692,0.5488116360940264,0.998942162392363,0.0005291987563665265,0
5409,0.6117447280097649,1.0,0.9989273617918442,0.0005366069481127542,1
5410,0.6202152840703007,0.951229424500714,0.9989345664083149,0.000533000784759251,0
5411,0.6288692284261452,0.9048374180359595,0.9989344784237952,0.0005330448239418465,0
5412,0.6376805397643808,0.8607079764250578,0.9989234145408957,0.0005385826967498332,0
5413,0.6117495341650987,1.0,0.99889868898812,0.0005509589502377559,1
5414,0.6117467639953426,1.0,0.9989152152559169,0.0005426867744549213,1
5415,0.6202159374422508,0.951229424500714,0.9989307573020931,0.0005349073728443614,0
5416,0.6288750030825809,0.9048374180359595,0.9989014638738372,0.0005495699796175919,0
5417,0.6376814025824968,0.8607079764250578,0.9989185605579334,0.0005410123098137295,0
5418,0.6117481328341225,1.0,0.9989070489917241,0.0005467743573890315,1
5419,0.6202174615945577,0.951229424500714,0.9989218716964982,0.0005393549509419948,0
5420,0.6288722183679267,0.9048374180359595,0.9989173843074758,0.0005416010720995634,0
5421,0.6117453952529966,1.0,0.9989233810448233,0.0005385994628364459,1
5422,0.6117465842463132,1.0,0.9989162876161207,0.000542150012369459,1
5423,0.6117486434455021,1.0,0.9989040027948881,0.0005482991246253234,1
5424,0.6202167968316933,0.951229424500714,0.998925747161888,0.0005374151306307576,0
5425,0.611748837135477,1.0,0.9989028472861133,0.0005488775132591983,1
5426,0.6202184699259151,0.951229424500714,0.9989159933204727,0.0005422973198540902,0
5427,0.6288739538316519,0.9048374180359595,0.9989074624838873,0.0005465673851397037,0
5428,0.6376802120475588,0.8607079764250578,0.9989252581956801,0.0005376598767136473,0
5429,0.6466212443467284,0.8187307530779818,0.9989082908051856,0.0005461527716815079,0
5430,0.6117445919508306,1.0,0.998928173517041,0.0005362006498682148,1
5431,0.6202194700144076,0.951229424500714,0.998910163047451,0.0005452156283381279,0
5432,0.6288736298658222,0.9048374180359595,0.9989093146195223,0.0005456403053112639,0
5433,0.6376848326249895,0.8607079764250578,0.9988992643610253,0.0005506709466864337,0
5434,0.6466220052730142,0.8187307530779818,0.9989040649734894,0.0005482680012144918,0
5435,0.6556647483505683,0.7788007830714049,0.9988891280815103,0.0005557446970162734,0
5436,0.6647733725489811,0.7408182206817179,0.9989288756231237,0.0005358492202786559,0
5437,0.6117479643213531,1.0,0.9989080543054425,0.0005462711508026308,1
5438,0.6117490979109133,1.0,0.9989012915644396,0.0005496562290719603,1
5439,0.6117482048222299,1.0,0.9989066195254327,0.0005469893255305745,1
5440,0.6202142040766095,0.951229424500714,0.9989408627305644,0.0005298492758324907,0
5441,0.6288723738331612,0.9048374180359595,0.9989164954913842,0.0005420459619878766,0
5442,0.6376827952784989,0.8607079764250578,0.9989107256884883,0.0005449340009707597,0
5443,0.6466179546220344,0.8187307530779818,0.9989265606628268,0.0005370079429043786,0
5444,0.6117403448552232,1.0,0.9989535121113321,0.0005235179197171687,1
5445,0.6117480245477378,1.0,0.9989076950066171,0.0005464509966295257,1
5446,0.6117494535147251,1.0,0.9988991701260106,0.0005507181161170899,1
5447,0.6117510681606988,1.0,0.9988895376594634,0.0005555396803344081,1
5448,0.6117440064330578,1.0,0.9989316667170046,0.0005344521788827526,1
5449,0.6117538443903526,1.0,0.9988729758779062,0.0005638298456795316,1
5450,0.6117441525397127,1.0,0.9989307950427556,0.0005348884823148714,1
5451,0.6117472942826857,1.0,0.9989120516380726,0.0005442703036701912,1
5452,0.611750696036275,1.0,0.9988917576235885,0.0005544284655430989,1
5453,0.6117525287974835,1.0,0.9988808240828612,0.000559901331087265,1
5454,0.6117532491384424,1.0,0.9988765268578821,0.0005620523555733354,1
5455,0.6117535363690371,1.0,0.9988748133791379,0.0005629100592873269,1
5456,0.6117564602312011,1.0,0.9988573712828336,0.0005716410075288709,1
5457,0.6117454826733141,1.0,0.99892285950039,0.0005388605161761573,1
5458,0.6117535628226475,1.0,0.9988746555699195,0.0005629890527852127,1
5459,0.6117524458442788,1.0,0.9988813189455512,0.00055965362257414,1
5460,0.6117469771347036,1.0,0.9989139436954101,0.0005433232455470654,1
5461,0.6202147475955047,0.951229424500714,0.9989376940289538,0.000531435308977422,0
5462,0.6288747867549407,0.9048374180359595,0.99890270062372,0.0005489509250051173,0
5463,0.6376813952865956,0.8607079764250578,0.9989186016025857,0.000540991765270306,0
5464,0.6117470382471462,1.0,0.9989135791073176,0.0005435057378234576,1
5465,0.6117529513092083,1.0,0.9988783035676326,0.0005611630023236222,1
5466,0.6117444606001167,1.0,0.9989289571540172,0.000535808411121886,1
5467,0.6202216264579152,0.951229424500714,0.9988975916705729,0.0005515082142230684,0
5468,0.6288693453398961,0.9048374180359595,0.9989338099962202,0.0005333793943331861,0
5469,0.6117492701666909,1.0,0.9989002639311187,0.0005501706111526197,1
5470,0.6202189353878576,0.951229424500714,0.9989132797843602,0.000543655562096839,0
5471,0.6117518748314156,1.0,0.9988847253695612,0.0005579485059916769,1
5472,0.6202197192617417,0.951229424500714,0.9989087100035776,0.0005459429434580789,0
5473,0.628874353507921,0.9048374180359595,0.9989051775127136,0.0005477111216082927,0
5474,0.6117475678635091,1.0,0.9989104195001893,0.0005450872620871015,1
5475,0.6117460531978529,1.0,0.9989194557948217,0.0005405642069741103,1
5476,0.6202216022342096,0.951229424500714,0.998897732885787,0.0005514375286967438,0
5477,0.6288727153897239,0.9048374180359595,0.9989145427693821,0.0005430233829832873,0
5478,0.6376837055098832,0.8607079764250578,0.9989056050559838,0.0005474971157204849,0
5479,0.6117476549824634,1.0,0.998909899763775,0.0005453474138181341,1
5480,0.6202193821947328,0.951229424500714,0.9989106750128834,0.0005449593664037764,0
5481,0.6117495196715965,1.0,0.9988987754523321,0.0005509156704690801,1
5482,0.6202211601888884,0.951229424500714,0.9989003098509643,0.0005501476259526849,0
5483,0.6288760712643586,0.9048374180359595,0.9988953570855261,0.0005526267410695358,0
5484,0.6117464057239169,1.0,0.9989173526600928,0.0005416169129408436,1
5485,0.6202259242969539,0.951229424500714,0.998872537314258,0.0005640493749666614,0
5486,0.6288692623423221,0.9048374180359595,0.9989342845157647,0.0005331418813833164,0
5487,0.6117505710721407,1.0,0.9988925031175531,0.0005540553051477848,1
5488,0.6202179333392994,0.951229424500714,0.9989191215101149,0.0005407315301555419,0
5489,0.6288710656426262,0.9048374180359595,0.9989239746297472,0.0005383023505859594,0
5490,0.6117456796102616,1.0,0.9989216845877269,0.0005394486063088399,1
5491,0.6117452316281858,1.0,0.9989243572218445,0.0005381108485128748,1
5492,0.611745024112442,1.0,0.9989255952519205,0.0005374911673028852,1
5493,0.6202189053295593,0.951229424500714,0.9989134550170115,0.0005435678504608928,0
5494,0.6117467878847616,1.0,0.9989150727347639,0.0005427581124228123,1
5495,0.6117458975402147,1.0,0.9989203844346093,0.0005400993850354623,1
5496,0.6202133713117534,0.951229424500714,0.9989457177567097,0.0005274191948695849,0
5497,0.6117487678241322,1.0,0.9989032607810427,0.0005486705387546667,1
5498,0.6117446506061348,1.0,0.9989278235804118,0.0005363758059503986,1
5499,0.6202162408113243,0.951229424500714,0.998928988691691,0.0005357926253780387,0
5500,0.6288751892199268,0.9048374180359595,0.9989003997241935,0.0005501026398693453,0
5501,0.6376798473802098,0.8607079764250578,0.9989273097302619,0.000536633006856175,0
5502,0.6117485583940024,1.0,0.9989045101927375,0.0005480451474067094,1
5503,0.6117433367881018,1.0,0.9989356618423151,0.0005324524838813116,1
5504,0.6202200728073319,0.951229424500714,0.9989066489345281,0.0005469746048878534,0
5505,0.6117483809914862,1.0,0.9989055685369316,0.0005475153952519132,1
5506,0.6202216084997965,0.951229424500714,0.998897696359738,0.0005514558118745168,0
5507,0.6288702638294986,0.9048374180359595,0.9989285587635229,0.0005360078199842194,0
5508,0.6117479669686141,1.0,0.9989080385123972,0.000546279055957362,1
5509,0.6202174632789501,0.951229424500714,0.998921861876776,0.0005393598661022577,0
5510,0.6288741353566952,0.9048374180359595,0.9989064246943697,0.0005470868477003712,0
5511,0.6117503157479707,1.0,0.9988940262982061,0.0005532928710084784,1
5512,0.6117477347825669,1.0,0.9989094236906978,0.0005455857101804109,1
5513,0.6202200444695757,0.951229424500714,0.9989068141352689,0.0005468919141141783,0
5514,0.6288733481429415,0.9048374180359595,0.9989109252530053,0.000544834109913473,0
5515,0.6117433701916482,1.0,0.9989354625550174,0.0005325522337076525,1
5516,0.6202151771934077,0.951229424500714,0.9989351894940249,0.0005326889097192833,0
5517,0.6288734868482808,0.9048374180359595,0.9989101322624347,0.0005452310376401039,0
5518,0.6376815639378284,0.8607079764250578,0.9989176528195547,0.0005414666705729414,0
5519,0.611747773127779,1.0,0.9989091949301746,0.0005457002153316647,1
5520,0.6202194533647357,0.951229424500714,0.9989102601105972,0.0005451670438181315,0
5521,0.6288729758659721,0.9048374180359595,0.9989130535972552,0.0005437687786968955,0
5522,0.6117509459966672,1.0,0.998890266446522,0.0005551748818430392,1
5523,0.6117466322385365,1.0,0.9989160013003564,0.0005422933255824463,1
5524,0.6117456588139986,1.0,0.9989218086567436,0.0005393865048393945,1
5525,0.6117496916950931,1.0,0.9988977492086122,0.0005514293582782277,1
5526,0.611744069398024,1.0,0.9989312910670385,0.0005346402047754835,1
5527,0.6117474670860289,1.0,0.9989110207214811,0.000544786323635053,1
5528,0.6117484717657378,1.0,0.9989050269976042,0.0005477864616525976,1
5529,0.6117437582611952,1.0,0.9989331473162548,0.0005337110880743299,1
5530,0.6117496143681052,1.0,0.9988982105194429,0.0005511984483954958,1
5531,0.6117424329505361,1.0,0.9989410542069188,0.0005297534361570974,1
5532,0.6117474517808431,1.0,0.9989111120296618,0.0005447406197762331,1
5533,0.611745200972275,1.0,0.9989245401135561,0.0005380193041964571,1
5534,0.611752694386629,1.0,0.9988798362512383,0.0005603958005411953,1
5535,0.6117465232232902,1.0,0.9989166516722284,0.0005419677868687397,1
5536,0.611750856109078,1.0,0.998890802684341,0.0005549064651345104,1
5537,0.61174379135138,1.0,0.9989329498992334,0.0005338099020146834,1
5538,0.6117478695975399,1.0,0.9989086194095675,0.0005459882899513861,1
5539,0.6117444315296824,1.0,0.9989291305880464,0.0005357216011375773,1
5540,0.6202190034035571,0.951229424500714,0.9989128832693495,0.0005438540353264368,0
5541,0.628873667607251,0.9048374180359595,0.998909098848856,0.0005457483084535231,0
5542,0.6376759742534704,0.8607079764250578,0.9989490993852898,0.0005257265989676127,0
5543,0.6466182702348535,0.8187307530779818,0.9989248078536118,0.0005378852900597125,0
5544,0.6117427954269739,1.0,0.9989388916393052,0.0005308358673703208,1
5545,0.6117486897922925,1.0,0.9989037263006693,0.0005484375234386071,1
5546,0.6117431626365252,1.0,0.998936700840656,0.0005319324314693695,1
5547,0.6202186944280383,0.951229424500714,0.9989146845233969,0.0005429524289633172,0
5548,0.6288697335252325,0.9048374180359595,0.9989315906398772,0.0005344902581292253,0
5549,0.6376787787630666,0.8607079764250578,0.9989333215556732,0.0005336238753295679,0
5550,0.6117446517867138,1.0,0.9989278165370982,0.0005363793313870851,1
5551,0.6117496981063479,1.0,0.9988977109609024,0.0005514485032360103,1
5552,0.6202138282669398,0.951229424500714,0.998943053699949,0.0005287526308439813,0
5553,0.6288775390022542,0.9048374180359595,0.9988869661200306,0.0005568268810938725,0
5554,0.6376778711152494,0.8607079764250578,0.998938427836635,0.0005310680150931334,0
5555,0.6466170909870307,0.8187307530779818,0.998931357025296,0.0005346071903649775,0
5556,0.6117445621321645,1.0,0.9989283514148083,0.0005361116055524236,1
5557,0.620218136117523,0.951229424500714,0.9989179393531237,0.0005413232485765935,0
5558,0.6117458977694217,1.0,0.9989203830671797,0.0005401000694892182,1
5559,0.6117421797331664,1.0,0.9989425649290916,0.0005289972749080654,1
5560,0.611747433271611,1.0,0.998911222452664,0.000544685348093509,1
5561,0.6202180563664483,0.951229424500714,0.998918404285899,0.0005410905304279363,0
5562,0.6288754229984721,0.9048374180359595,0.9988990632113667,0.000550771632354155,0
5563,0.6376797971369702,0.8607079764250578,0.998927592387591,0.0005364915264469389,0
5564,0.6117503493789642,1.0,0.9988938256664773,0.0005533932979524806,1
5565,0.6117430678293858,1.0,0.9989372664661932,0.000531649317746295,1
5566,0.611747132099124,1.0,0.9989130192002283,0.0005437859959248486,1
5567,0.6202190440466329,0.951229424500714,0.9989126463301943,0.0005439726338484867,0
5568,0.6288739732037538,0.9048374180359595,0.9989073517323535,0.000546622821476013,0
5569,0.6117444785101942,1.0,0.9989288503026286,0.0005358618941016197,1
5570,0.6202214457915297,0.951229424500714,0.9988986448892407,0.0005509810239878749,0
5571,0.611743529500429,1.0,0.998934512111354,0.000533027962196191,1
5572,0.6202151195980701,0.951229424500714,0.9989355252715284,0.0005325208420355059,0
5573,0.611749082237243,1.0,0.9989013850695724,0.0005496094250838108,1
5574,0.6117466915034663,1.0,0.9989156477331669,0.0005424703010496563,1
5575,0.6202187434797459,0.951229424500714,0.998914398563258,0.0005430955644003216,0
5576,0.6288737229260974,0.9048374180359595,0.9989087825868485,0.0005459066121760424,0
5577,0.6117467207441849,1.0,0.9989154732867505,0.0005425576189488328,1
5578,0.6117490878839054,1.0,0.9989013513830184,0.0005496262868857289,1
5579,0.6202151669333066,0.951229424500714,0.9989352493098118,0.0005326589699465485,0
5580,0.6288765105123828,0.9048374180359595,0.9988928459221008,0.0005538837128653985,0
5581,0.6117460372528855,1.0,0.9989195509210367,0.0005405165924192375,1
5582,0.6117497424524723,1.0,0.9988974464046887,0.0005515809273300233,1
5583,0.6117447191649629,1.0,0.9989274145597461,0.0005365805358316315,1
5584,0.6202240477446808,0.951229424500714,0.9988834766108267,0.0005585735828816626,0
5585,0.6288720090698323,0.9048374180359595,0.9989185808951138,0.0005410021302150642,0
5586,0.6117496283884141,1.0,0.9988981268782411,0.0005512403151264779,1
5587,0.611742449372076,1.0,0.9989409562343569,0.0005298024743692489,1
5588,0.620218880786253,0.951229424500714,0.9989135980986182,0.0005434962318457765,0
5589,0.6288729365227153,0.9048374180359595,0.9989132785269046,0.0005436561915086092,0
5590,0.6376778738701089,0.8607079764250578,0.9989384123381868,0.000531075772552372,0
5591,0.6466212815024901,0.8187307530779818,0.9989080844588077,0.0005462560576393446,0
5592,0.655658148624023,0.7788007830714049,0.9989254214464206,0.0005375781635295439,0
5593,0.6117459750997163,1.0,0.998919921721278,0.0005403309918009824,1
5594,0.6202212473590644,0.951229424500714,0.9988998016794517,0.0005504019914969238,0
5595,0.6117464731625625,1.0,0.9989169503287318,0.000541818296689425,1
5596,0.6202192180715558,0.951229424500714,0.9989116318085183,0.0005444804471167154,0
5597,0.6288728774236053,0.9048374180359595,0.9989136164030296,0.0005434870696863967,0
5598,0.6376817379926643,0.8607079764250578,0.9989166736386357,0.0005419567917537233,0
5599,0.6466240402532699,0.8187307530779818,0.9988927637446625,0.0005539248471282216,0
5600,0.6556536560673389,0.7788007830714049,0.9989501278956321,0.0005252118030618206,0
5601,0.6117480430822901,1.0,0.9989075844331445,0.000546506343824926,1
5602,0.6202188673983351,0.951229424500714,0.9989136761469896,0.0005434571652195425,0
5603,0.6117429572146299,1.0,0.9989379264016014,0.0005313189991104729,1
5604,0.6202206274061606,0.951229424500714,0.9989034157951686,0.0005485929465993827,0
5605,0.6117439442476081,1.0,0.9989320377165717,0.0005342664807461708,1
5606,0.611751370543712,1.0,0.9988877337536394,0.0005564426367599854,1
5607,0.6117458852001608,1.0,0.9989204580543408,0.0005400625353876087,1
5608,0.620217466284597,0.951229424500714,0.9989218443543656,0.0005393686367635138,0
5609,0.6288723120909981,0.9048374180359595,0.9989168484796793,0.000541869276431869,0
5610,0.6376826780578853,0.8607079764250578,0.998911385131719,0.0005446039199154679,0
5611,0.6466177170789518,0.8187307530779818,0.9989278799010336,0.0005363476154150466,0
5612,0.6556605614640154,0.7788007830714049,0.9989121525239251,0.000544219805807448,0
5613,0.6117445193792627,1.0,0.9989286064781374,0.0005359839370883843,1
5614,0.6117466143728776,1.0,0.9989161078846891,0.0005422399755876299,1
5615,0.6117465647128921,1.0,0.9989164041501696,0.0005420916821352395,1
5616,0.6117491881461308,1.0,0.9989007532443233,0.0005499256852564335,1
5617,0.6117461481412051,1.0,0.9989188893717628,0.0005408477249375244,1
5618,0.6202186939027272,0.951229424500714,0.9989146875858403,0.0005429508960779312,0
5619,0.6288712148073996,0.9048374180359595,0.9989231218266076,0.0005387292116511366,0
5620,0.6117448222102471,1.0,0.9989267997940109,0.0005368882488423157,1
5621,0.611743883449826,1.0,0.9989324004374874,0.000534084926428079,1
5622,0.6202189710974332,0.951229424500714,0.9989130716061784,0.0005437597644373764,0
5623,0.6288686973898892,0.9048374180359595,0.9989375145095134,0.0005315251641593772,0
5624,0.6376844930453397,0.8607079764250578,0.9989011746936997,0.0005497147287194122,0
5625,0.6466165951460557,0.8187307530779818,0.9989341107859223,0.0005332288389841197,0
5626,0.6117500900035326,1.0,0.9988953730187325,0.0005526187656563697,1
5627,0.6202173438813665,0.951229424500714,0.9989225579447605,0.0005390114565976959,0
5628,0.628871012673289,0.9048374180359595,0.9989242774656745,0.0005381507695402315,0
5629,0.6376827210288752,0.8607079764250578,0.9989111433915062,0.0005447249217608816,0
5630,0.646623656205619,0.8187307530779818,0.9988948965348639,0.0005528572711070853,0
5631,0.6556570348104591,0.7788007830714049,0.9989315467068278,0.0005345122481487455,0
5632,0.6647754749049608,0.7408182206817179,0.9989173937289811,0.0005415963562414352,0
5633,0.6739424774407992,0.7046880897187134,0.9989132863085162,0.0005436522964700219,0
5634,0.6117446936884879,1.0,0.9989275665518825,0.0005365044581694344,1
5635,0.6117443375513507,1.0,0.9989296912624941,0.0005354409634661497,1
5636,0.6117458229442361,1.0,0.998920829468119,0.000539876627838039,1
5637,0.6117459962830467,1.0,0.9989197953434028,0.0005403942490653391,1
5638,0.6202203402269898,0.951229424500714,0.9989050899589057,0.000547754946494597,0
5639,0.6117460525340788,1.0,0.9989194597548373,0.0005405622248244521,1
5640,0.6202186911672491,0.951229424500714,0.9989147035330496,0.0005429429138101755,0
5641,0.611742871938,1.0,0.9989384351684147,0.0005310643453075304,1
5642,0.6202216582427015,0.951229424500714,0.998897406377107,0.0005516009632119013,0
5643,0.6117505076840695,1.0,0.9988928812697698,0.000553866019441844,1
5644,0.6202153364908287,0.951229424500714,0.9989342608000644,0.000533153751884202,0
5645,0.6288718636291047,0.9048374180359595,0.9989194124020447,0.0005405859268322813,0
5646,0.6117448120095575,1.0,0.9989268606510585,0.000536857787628462,1
5647,0.6117496125255276,1.0,0.9988982215117403,0.0005511929461845528,1
5648,0.6117438347628361,1.0,0.9989326909052906,0.0005339395373302437,1
5649,0.6117469310306765,1.0,0.9989142187455746,0.0005431855709613703,1
5650,0.6117437483363829,1.0,0.9989332065279903,0.0005336814505886136,1
5651,0.6117482366734316,1.0,0.9989064295077817,0.0005470844383595762,1
5652,0.6202215875487842,0.951229424500714,0.998897818496381,0.0005513946761665866,0
5653,0.6117452758563351,1.0,0.9989240933588899,0.0005382429220716176,1
5654,0.6117456484556891,1.0,0.9989218704536855,0.0005393555730189487,1
5655,0.6117448308543879,1.0,0.9989267482232962,0.0005369140619029362,1
5656,0.6117451939042005,1.0,0.9989245822813609,0.0005379981975952201,1
5657,0.62021843883145,0.951229424500714,0.9989161745944302,0.0005422065845258761,0
5658,0.611744086982076,1.0,0.9989311861603479,0.0005346927142408205,1
5659,0.6202173867744867,0.951229424500714,0.9989223078849491,0.0005391366213768254,0
5660,0.6288767056118639,0.9048374180359595,0.9988917305488976,0.0005544420179081036,0
5661,0.6117490210074941,1.0,0.9989017503508162,0.0005494265836229475,1
5662,0.6202187567831354,0.951229424500714,0.9989143210075858,0.0005431343843809937,0
5663,0.6117507163578563,1.0,0.9988916363919531,0.0005544891486160253,1
5664,0.6202236738872964,0.951229424500714,0.9988856560199155,0.0005574826614867616,0
5665,0.6288771809062892,0.9048374180359595,0.9988890133233906,0.0005558021398910778,0
5666,0.6117481023900554,1.0,0.9989072306148704,0.0005466834464629834,1
5667,0.6117503999775626,1.0,0.9988935238115705,0.0005535443925657395,1
5668,0.6202139119019607,0.951229424500714,0.9989425661074048,0.000528996685127811,0
5669,0.6117476553134472,1.0,0.9989098977891849,0.0005453484021905779,1
5670,0.620215733394347,0.951229424500714,0.9989319468828322,0.0005343119461733342,0
5671,0.6117448389016934,1.0,0.9989267002132888,0.000536938092698309,1
5672,0.6117445503041257,1.0,0.9989284219807444,0.0005360762847341001,1
5673,0.6202197757866372,0.951229424500714,0.998908380479296,0.0005461078856258089,0
5674,0.6117431165291789,1.0,0.998936975920012,0.0005317947454088859,1
5675,0.6117451377199914,1.0,0.9989249174738422,0.0005378304209527351,1
5676,0.611743181772278,1.0,0.9989365866755722,0.0005319895747750128,1
5677,0.6117482078694595,1.0,0.9989066013462923,0.0005469984250501124,1
5678,0.6202152247683375,0.951229424500714,0.9989349121350427,0.0005328277370544261,0
5679,0.6117460520732867,1.0,0.99891946250388,0.0005405608488163118,1
5680,0.6202134220949448,0.951229424500714,0.9989454216893114,0.000527567384824647,0
5681,0.6288743171902312,0.9048374180359595,0.9989053851426473,0.0005476071928687315,0
5682,0.6117417465995826,1.0,0.9989451490587627,0.0005277038440245352,1
5683,0.611750639197647,1.0,0.998892096703609,0.0005542587374617735,1
5684,0.6202132346662994,0.951229424500714,0.9989465144040724,0.0005270204509584096,0
5685,0.6288708980001296,0.9048374180359595,0.9989249330746931,0.0005378226121322016,0
5686,0.6376776798716692,0.8607079764250578,0.9989395037466209,0.0005305294887052762,0
5687,0.6466159657255628,0.8187307530779818,0.9989376064228505,0.0005314791586127474,0
5688,0.6117468007185296,1.0,0.9989149961701935,0.0005427964362880459,1
5689,0.6202160467492915,0.951229424500714,0.9989301200528077,0.0005352263386405177,0
5690,0.611742877855603,1.0,0.9989383998635362,0.0005310820165062471,1
5691,0.6202224084679246,0.951229424500714,0.9988930328577067,0.0005537901414732682,0
5692,0.6288709416211393,0.9048374180359595,0.9989246836847279,0.000537947441330096,0
5693,0.6376836923985041,0.8607079764250578,0.9989056788156192,0.0005474601954988294,0
5694,0.6466210401337587,0.8187307530779818,0.9989094249130441,0.0005455850983399346,0
5695,0.611749832749951,1.0,0.9988969077162453,0.0005518505689186716,1
5696,0.6202184553851717,0.951229424500714,0.9989160780898327,0.0005422548891807081,0
5697,0.6117431464393313,1.0,0.9989367974741302,0.0005318840633048114,1
5698,0.6202177255927949,0.951229424500714,0.9989203326332714,0.000540125313698049,0
5699,0.6288736916383194,0.9048374180359595,0.9989089614614133,0.0005458170771995116,0
5700,0.611746635653723,1.0,0.998915980925774,0.0005423035239287002,1
5701,0.620217567117411,0.951229424500714,0.9989212565164426,0.0005396628730439813,0
5702,0.6117470924842352,1.0,0.9989132555367684,0.0005436676990823913,1
5703,0.6202222384409415,0.951229424500714,0.9988940240460754,0.0005532939983206176,0
5704,0.611744715002468,1.0,0.9989274393931045,0.0005365681058203726,1
5705,0.6202173101219998,0.951229424500714,0.9989227547563592,0.0005389129446671296,0
5706,0.6288729312388569,0.9048374180359595,0.9989133087352992,0.0005436410708796295,0
5707,0.6117451991487395,1.0,0.9989245509926843,0.0005380138587761016,1
5708,0.6202193545452634,0.951229424500714,0.9989108362020408,0.0005448786839421509,0
5709,0.6117476473494614,1.0,0.9989099453009112,0.0005453246204034808,1
5710,0.6202127633953798,0.951229424500714,0.9989492619355395,0.0005256452383474393,0
5711,0.6117474782665012,1.0,0.99891095402066,0.0005448197104041818,1
5712,0.6202168074610955,0.951229424500714,0.998925685193937,0.0005374461479276146,0
5713,0.6288764912726293,0.9048374180359595,0.9988929559148241,0.0005538286555498537,0
5714,0.6117431337168776,1.0,0.9989368733770965,0.0005318460714300649,1
5715,0.6202214487094102,0.951229424500714,0.9988986278790566,0.0005509895384574842,0
5716,0.6288666083338937,0.9048374180359595,0.9989494583598182,0.0005255469229139532,0
5717,0.6376812967820118,0.8607079764250578,0.9989191557614067,0.0005407143859792039,0
5718,0.6466219355454387,0.8187307530779818,0.9989044522071935,0.0005480741719757199,0
5719,0.6117447472495707,1.0,0.9989272470075816,0.0005366644018743999,1
5720,0.611747572321661,1.0,0.9989103929036272,0.0005451005748737599,1
5721,0.6202168102754638,0.951229424500714,0.9989256687865585,0.0005374543604397471,0
5722,0.6117488328634602,1.0,0.9989028727719381,0.0005488647563506658,1
5723,0.6117425874173261,1.0,0.9989401326430503,0.0005302147067644731,1
5724,0.6117453345601845,1.0,0.9989237431347835,0.00053841822276267,1
5725,0.6117479947109608,1.0,0.9989078730069665,0.0005463618991411386,1
5726,0.6202137163550734,0.951229424500714,0.998943706147159,0.0005284260621799344,0
5727,0.6288756563112471,0.9048374180359595,0.9988977293637673,0.0005514392916497946,0
5728,0.6376799056693729,0.8607079764250578,0.9989269818084797,0.0005367971438422905,0
5729,0.6466153458456728,0.8187307530779818,0.9989410490884292,0.0005297559981148949,0
5730,0.6117450912566955,1.0,0.9989251946719165,0.0005376916727690221,1
5731,0.6202175909786756,0.951229424500714,0.998921117409456,0.0005397325016535616,0
5732,0.6288717122439629,0.9048374180359595,0.9989202778951001,0.0005401527123659378,0
5733,0.6117482294012843,1.0,0.998906472891897,0.0005470627225546277,1
5734,0.6117468762785172,1.0,0.9989145453894309,0.0005430220715353125,1
5735,0.6202182549259265,0.951229424500714,0.998917246724524,0.0005416699381356351,0
5736,0.6288735915877401,0.9048374180359595,0.9989095334583404,0.0005455307664417593,0
5737,0.63768049608531,0.8607079764250578,0.9989236602684242,0.0005384597005848545,0
5738,0.6466200334266443,0.8187307530779818,0.9989150157389638,0.0005427866412753785,0
5739,0.6117465390544782,1.0,0.9989165572252219,0.0005420150615892152,1
5740,0.6202173908642813,0.951229424500714,0.9989222840421266,0.0005391485556497141,0
5741,0.6288741634480818,0.9048374180359595,0.9989062640943654,0.0005471672356192167,0
5742,0.6117497424817405,1.0,0.9988974462300826,0.000551581014729427,1
5743,0.6202212232423173,0.951229424500714,0.9988999422715809,0.000550331618012497,0
5744,0.628869355635642,0.9048374180359595,0.9989337511326819,0.0005334088575165093,0
5745,0.6376861019932667,0.8607079764250578,0.9988921234692526,0.0005542453397968631,0
5746,0.6117442150480797,1.0,0.9989304221173531,0.0005350751446312692,1
5747,0.6202236169137914,0.951229424500714,0.9988859881486957,0.0005573164118650281,0
5748,0.6288688552258606,0.9048374180359595,0.9989366121149461,0.0005319768415475207,0
5749,0.6117457147562695,1.0,0.9989214749092112,0.0005395535587495134,1
5750,0.611746917228925,1.0,0.9989143010849116,0.0005431443565447484,1
5751,0.6202149753478465,0.951229424500714,0.9989363662427373,0.0005320999085349711,0
5752,0.6117461099489202,1.0,0.9989191172232644,0.0005407336759000935,1
5753,0.6117506437712246,1.0,0.9988920694191866,0.0005542723948041619,1
5754,0.6117457156735274,1.0,0.9989214694369177,0.0005395562978504762,1
5755,0.6117459567499364,1.0,0.9989200311944613,0.0005402761960286185,1
5756,0.6117464514296767,1.0,0.9989170799846532,0.0005417533984449343,1
5757,0.6202146881297884,0.951229424500714,0.9989380407118993,0.0005312617831972933,0
5758,0.628877570566982,0.9048374180359595,0.9988867856675108,0.0005569172078986869,0
5759,0.6376794909630787,0.8607079764250578,0.9989293148562671,0.000535629368266399,0
5760,0.6117484411670475,1.0,0.9989052095426472,0.0005476950890889844,1
5761,0.6202135581501446,0.951229424500714,0.9989446284843844,0.0005279644061357546,0
5762,0.6117468191428069,1.0,0.998914886253395,0.0005428514543852055,1
5763,0.6117436670936023,1.0,0.9989336912251143,0.0005334388432735144,1
5764,0.6117458186227411,1.0,0.998920855249814,0.0005398637230642584,1
5765,0.6202157767413734,0.951229424500714,0.9989316941734374,0.0005344384359845626,0
5766,0.6288720661521844,0.9048374180359595,0.9989182545468145,0.0005411654810420262,0
5767,0.6376778636884343,0.8607079764250578,0.9989384696188444,0.0005310471017878712,0
5768,0.646619418822264,0.8187307530779818,0.998918429010857,0.0005410781545633536,0
5769,0.6556634455582434,0.7788007830714049,0.9988962923045205,0.0005521586146787498,0
5770,0.6647756471771833,0.7408182206817179,0.998916452880814,0.0005420672903828071,0
5771,0.6117490638920993,1.0,0.9989014945120532,0.0005495546436627342,1
5772,0.6202217505974894,0.951229424500714,0.9988968679833694,0.000551870457295717,0
5773,0.6288710146769503,0.9048374180359595,0.9989242660103544,0.0005381565033683187,0
5774,0.6376843072328302,0.8607079764250578,0.9989022199989344,0.0005491915014401612,0
5775,0.646626323672737,0.8187307530779818,0.9988800829995695,0.0005602722880366136,0
5776,0.6556565798620742,0.7788007830714049,0.998934048643833,0.0005332599431833937,0
5777,0.66477499577359,0.7408182206817179,0.9989200104640319,0.0005402865724496212,0
5778,0.6739405231391102,0.7046880897187134,0.9989239154993741,0.0005383319476205844,0
5779,0.6831335008156754,0.6703200460356393,0.998918556224927,0.0005410144786624024,0
5780,0.6923231493684191,0.6376281516217733,0.99894279459651,0.0005288823196543816,0
5781,0.6117475267764575,1.0,0.9989106646184801,0.0005449645692730636,1
5782,0.6117451689955811,1.0,0.998924730885051,0.0005379238157641964,1
5783,0.611744134229399,1.0,0.9989309042822689,0.000534833804099004,1
5784,0.6202176640553219,0.951229424500714,0.998920691385599,0.0005399457436905972,0
5785,0.6117451596149079,1.0,0.9989247868497285,0.0005378958033052235,1
5786,0.6202227413868091,0.951229424500714,0.9988910920796629,0.0005547616068180684,0
5787,0.6117429156579118,1.0,0.9989381743320713,0.0005311949020907593,1
5788,0.6202178207112602,0.951229424500714,0.9989197781101995,0.0005404028749848446,0
5789,0.6117447622596455,1.0,0.9989271574578175,0.0005367092248424628,1
5790,0.6202181133389821,0.951229424500714,0.9989180721474185,0.0005412567795101003,0
5791,0.6288722680316828,0.9048374180359595,0.9989171003728466,0.0005417431932969636,0
5792,0.6376836174497112,0.8607079764250578,0.9989061004491774,0.0005472491478102435,0
5793,0.6466157705487272,0.8187307530779818,0.9989386903870368,0.0005309366004032913,0
5794,0.6117509750897286,1.0,0.9988900928876173,0.0005552617577120127,1
5795,0.6202141427908294,0.951229424500714,0.9989412200260335,0.0005296704387168472,0
5796,0.6288736343415531,0.9048374180359595,0.998909289031419,0.0005456531133326121,0
5797,0.6117445812222874,1.0,0.9989282375233829,0.0005361686123596253,1
5798,0.6117484642834472,1.0,0.9989050716352958,0.0005477641183419827,1
5799,0.6117420545988197,1.0,0.9989433114953813,0.0005286235967623394,1
5800,0.6117445147301165,1.0,0.9989286342148969,0.0005359700538344252,1
5801,0.6117438315169497,1.0,0.9989327102703349,0.0005339298444629031,1
5802,0.6117448178457385,1.0,0.9989268258325543,0.0005368752155834832,1
5803,0.611746950716359,1.0,0.9989141013035376,0.0005432443558108079,1
5804,0.6117460901406861,1.0,0.9989192353973159,0.0005406745249426071,1
5805,0.611747935163865,1.0,0.9989082282533804,0.000546184081766591,1
5806,0.6117516930299869,1.0,0.9988858099245292,0.0005574056233387901,1
5807,0.6202154013076541,0.951229424500714,0.9989338829223955,0.0005333428923287751,0
5808,0.6288758168647398,0.9048374180359595,0.9988968114819087,0.0005518987392255658,0
5809,0.6117478454755897,1.0,0.9989087633165782,0.0005459162578367793,1
5810,0.6117450588264342,1.0,0.9989253881495641,0.0005375948298673243,1
5811,0.6117486026473331,1.0,0.9989042461874111,0.0005481772948535357,1
5812,0.6117463101161079,1.0,0.998917923045925,0.0005413314110083062,1
5813,0.6117474568655401,1.0,0.9989110816952076,0.0005447558035369821,1
5814,0.6117468628457637,1.0,0.9989146255274162,0.0005429819590040152,1
5815,0.611751585623413,1.0,0.998886450670231,0.0005570848932364236,1
5816,0.611746275836192,1.0,0.9989181275563084,0.0005412290450592024,1
5817,0.6117479031251932,1.0,0.9989084193899551,0.0005460884090356447,1
5818,0.6117478285663819,1.0,0.9989088641937452,0.0005458657641552436,1
5819,0.6117453211369361,1.0,0.9989238232171673,0.00053837813843131,1
5820,0.6202170409556621,0.951229424500714,0.9989243239541583,0.0005381275002676117,0
5821,0.628876169862721,0.9048374180359595,0.9988947934018784,0.0005529088946518785,0
5822,0.6376791119492214,0.8607079764250578,0.9989314471122812,0.0005345620986875288,0
5823,0.6117496995431053,1.0,0.9988977023896193,0.0005514527936068242,1
5824,0.6202199132618985,0.951229424500714,0.9989075790377411,0.0005465090444768814,0
5825,0.6117460474621307,1.0,0.9989194900136134,0.0005405470790710748,1
5826,0.6117487306081661,1.0,0.9989034828027142,0.0005485594060476574,1
5827,0.620220008265853,0.951229424500714,0.9989070251923247,0.0005467862701089296,0
5828,0.6288744444317943,0.9048374180359595,0.998904657696927,0.000547971314434161,0
5829,0.611745772055947,1.0,0.9989211330636617,0.0005397246660971127,1
5830,0.6117474480760831,1.0,0.9989111341316432,0.0005447295567391899,1
5831,0.6117487170213922,1.0,0.9989035638582198,0.0005485188338083424,1
5832,0.6202215449220149,0.951229424500714,0.998898066994727,0.000551270289912845,0
5833,0.6117481079941214,1.0,0.9989071971821428,0.0005467001811141714,1
5834,0.6202230149486435,0.951229424500714,0.9988894973324516,0.0005555598662564222,0
5835,0.6288747084145534,0.9048374180359595,0.9989031484979509,0.000548726741943968,0
5836,0.6117468447139253,1.0,0.9989147336995201,0.0005429278141875398,1
5837,0.6117461090839091,1.0,0.9989191223838383,0.0005407310928211282,1
5838,0.6202163852964511,0.951229424500714,0.9989281463598767,0.0005362142430200093,0
5839,0.6288713143197774,0.9048374180359595,0.9989225528961257,0.000539013983637805,0
5840,0.637679307990128,0.8607079764250578,0.9989303442246913,0.0005351141326644031,0
5841,0.6466166451080824,0.8187307530779818,0.9989338333105264,0.0005333677247381762,0
5842,0.6556567925475991,0.7788007830714049,0.998932879003019,0.0005338453879884992,0
5843,0.6647803993869396,0.7408182206817179,0.9988904995323127,0.0005550582094861061,0
5844,0.6739385590451208,0.7046880897187134,0.9989345980695944,0.0005329849372352639,0
5845,0.6117457420349979,1.0,0.9989213121663555,0.0005396350180399043,1
5846,0.611746231589252,1.0,0.9989183915290057,0.0005410969157809164,1
5847,0.611747627546985,1.0,0.9989100634389881,0.0005452654869097247,1
5848,0.6202153967381212,0.951229424500714,0.9989339095624534,0.0005333295580841442,0
5849,0.6288692445860571,0.9048374180359595,0.9989343860331664,0.0005330910685330208,0
5850,0.6376799705939468,0.8607079764250578,0.998926616557526,0.0005369799655235088,0
5851,0.6466175880690588,0.8187307530779818,0.9989285963815592,0.0005359889907920513,0
5852,0.6117436967421983,1.0,0.9989335143405658,0.0005335273799630621,1
5853,0.6202169894918772,0.951229424500714,0.9989246239804033,0.0005379773256283888,0
5854,0.6117462854753354,1.0,0.9989180700501834,0.0005412578292633637,1
5855,0.6202204872016397,0.951229424500714,0.9989042331426822,0.0005481838243728098,0
5856,0.6117482367495612,1.0,0.9989064290536076,0.0005470846656952676,1
5857,0.611746780047333,1.0,0.9989151194918362,0.000542734708495667,1
5858,0.6117500317504903,1.0,0.9988957205385574,0.0005524448136221189,1
5859,0.6202169052674689,0.951229424500714,0.9989251149965099,0.0005377315533377769,0
5860,0.6288714067133331,0.9048374180359595,0.9989220246656467,0.0005392783838243895,0
5861,0.6376800963588876,0.8607079764250578,0.998925909032932,0.0005373341080765786,0
5862,0.6466220299389855,0.8187307530779818,0.998903927990491,0.0005483365678629304,0
5863,0.6117488949731077,1.0,0.9989025022408183,0.0005490502254281079,1
5864,0.6202129970603193,0.951229424500714,0.9989478996566846,0.0005263270946916998,0
5865,0.6117507278333865,1.0,0.9988915679328564,0.0005545234161464771,1
5866,0.6117453637570995,1.0,0.9989235689475786,0.0005385054102088003,1
5867,0.6202162482559216,0.951229424500714,0.9989289452905133,0.0005358143492338505,0
5868,0.6288731916077508,0.9048374180359595,0.998911820179422,0.0005443861590535902,0
5869,0.637677763665287,0.8607079764250578,0.9989390323351091,0.0005307654447472725,0
5870,0.6117456894939732,1.0,0.9989216256222185,0.0005394781208899476,1
5871,0.6202215885131277,0.951229424500714,0.998897812874615,0.0005513974901511351,0
5872,0.6288721684729488,0.9048374180359595,0.9989176695641435,0.0005414582892070495,0
5873,0.6117528769264,1.0,0.9988787473013749,0.0005609408863550858,1
5874,0.6117453214539076,1.0,0.9989238213261323,0.0005383790849674699,1
5875,0.6202188845055473,0.951229424500714,0.9989135764160197,0.0005435070849359395,0
5876,0.6117495218273604,1.0,0.9988987625916423,0.0005509221079030155,1
5877,0.6202215393962793,0.951229424500714,0.9988980992077342,0.0005512541656416655,0
5878,0.6117457454105508,1.0,0.9989212920280613,0.0005396450980603088,1
5879,0.6202200623863376,0.951229424500714,0.9989067096858393,0.0005469441959855719,0
5880,0.6117417028382843,1.0,0.9989454101447525,0.0005275731631979261,1
5881,0.6202140808386587,0.951229424500714,0.9989415812067384,0.0005294896569889428,0
5882,0.6117438916588038,1.0,0.9989323514625326,0.0005341094400768686,1
5883,0.6117467084999,1.0,0.9989155463345954,0.0005425210553735377,1
5884,0.6117471231281261,1.0,0.9989130727198615,0.0005437592069898712,1
5885,0.6117413864953916,1.0,0.9989472974934781,0.0005266284934874771,1
5886,0.6117441961860731,1.0,0.9989305346482091,0.0005350188189617032,1
5887,0.6117481916913224,1.0,0.9989066978617142,0.0005469501145188067,1
5888,0.6117474030242177,1.0,0.9989114029036235,0.0005445950242793469,1
5889,0.6117424200033077,1.0,0.998941131451399,0.0005297147729763018,1
5890,0.6117462566377766,1.0,0.9989182420920689,0.0005411717151585606,1
5891,0.6117481975428318,1.0,0.9989066629528173,0.0005469675880714564,1
5892,0.6117421983822258,1.0,0.9989424536666723,0.0005290529650095137,1
5893,0.6202148238181446,0.951229424500714,0.9989372496540081,0.0005316577327818175,0
5894,0.611741851088209,1.0,0.9989445256655027,0.0005280158698925722,1
5895,0.6117466043591777,1.0,0.9989161676252037,0.0005422100729199046,1
5896,0.6202168696029389,0.951229424500714,0.9989253229156598,0.0005376274819088173,0
5897,0.628870044907465,0.9048374180359595,0.9989298103916499,0.0005353813350710012,0
5898,0.6376792807501139,0.8607079764250578,0.9989304974715596,0.0005350374271876634,0
5899,0.6117467540464201,1.0,0.9989152746098977,0.0005426570652372506,1
5900,0.6202170582502169,0.951229424500714,0.9989242231294934,0.0005381779668883647,0
5901,0.6288734697510819,0.9048374180359595,0.9989102300085719,0.0005451821112505864,0
5902,0.637678683567635,0.8607079764250578,0.9989338571083142,0.0005333558131447266,0
5903,0.6466216243560536,0.8187307530779818,0.9989061804068887,0.0005472091251754622,0
5904,0.6556593530321546,0.7788007830714049,0.9989187980233032,0.0005408934486017661,0
5905,0.6647735591774713,0.7408182206817179,0.9989278563566215,0.000536359400256007,0
5906,0.6739390245520576,0.7046880897187134,0.9989320661989257,0.0005342522243440511,0
5907,0.6831343662260756,0.6703200460356393,0.998913856420131,0.0005433669306329875,0
5908,0.6923224254196634,0.6376281516217733,0.9989467302634533,0.000526912407457353,0
5909,0.611748476168182,1.0,0.9989050007335962,0.0005477996080517411,1
5910,0.6117423783198572,1.0,0.9989413801391593,0.0005295902973081842,1
5911,0.611746394257015,1.0,0.9989174210703615,0.0005415826707354308,1
5912,0.6202157485848644,0.951229424500714,0.9989318583234265,0.0005343562732218353,0
5913,0.6288706525161603,0.9048374180359595,0.998926336556816,0.0005371201163337224,0
5914,0.611747849231494,1.0,0.9989087409095592,0.0005459274735854583,1
5915,0.6202164489103262,0.951229424500714,0.9989277754985594,0.0005363998726809513,0
5916,0.6117484754337705,1.0,0.9989050051149325,0.0005477974149821999,1
5917,0.6202179830102417,0.951229424500714,0.9989188319381485,0.000540876472825176,0
5918,0.6288742478733037,0.9048374180359595,0.9989057814309309,0.0005474088316370669,0
5919,0.6376840926711073,0.8607079764250578,0.9989034270372485,0.0005485873193887249,0
5920,0.6466187783035009,0.8187307530779818,0.9989219862163033,0.0005392976292425164,0
5921,0.6556583867363177,0.7788007830714049,0.9989241119871671,0.0005382335979011077,0
5922,0.6117465029163798,1.0,0.9989167728208875,0.000541907146848587,1
5923,0.6117456052411598,1.0,0.9989221282685725,0.0005392265264632262,1
5924,0.620221587778904,0.951229424500714,0.9988978171548677,0.0005513953476633977,0
5925,0.6117438085159554,1.0,0.9989328474948915,0.0005338611588819039,1
5926,0.6202229852332187,0.951229424500714,0.9988896705603538,0.0005554731560208806,0
5927,0.6117484452033417,1.0,0.998905185463003,0.0005477071421067469,1
5928,0.6117471255053945,1.0,0.9989130585374328,0.000543766305920321,1
5929,0.6117478458491913,1.0,0.9989087610877411,0.0005459173734727766,1
5930,0.6117475299109171,1.0,0.9989106459188296,0.0005449739292945935,1
5931,0.6117431277109895,1.0,0.9989369092086094,0.0005318281366069132,1
5932,0.6117504682571065,1.0,0.9988931164780666,0.0005537482849613004,1
5933,0.611749843135155,1.0,0.9988968457611718,0.0005518815806652038,1
5934,0.6117439062013533,1.0,0.998932264701348,0.0005341528670357765,1
5935,0.6117490846303629,1.0,0.998901370792826,0.0005496165713079913,1
5936,0.6117444644845205,1.0,0.9989289339796918,0.0005358200107083449,1
5937,0.6202203821955451,0.951229424500714,0.9989048452952527,0.0005478774124252542,0
5938,0.6288727541327753,0.9048374180359595,0.9989143212707909,0.0005431342526353863,0
5939,0.6376801003510075,0.8607079764250578,0.998925886574195,0.0005373453495195336,0
5940,0.6117493530872709,1.0,0.9988997692489965,0.0005504182245844188,1
5941,0.6117442306502061,1.0,0.998930329034979,0.000535121735653182,1
5942,0.6117491692078033,1.0,0.9989008662254815,0.0005498691325151076,1
5943,0.61174623267821,1.0,0.9989183850323925,0.0005411001676047544,1
5944,0.6117471804404724,1.0,0.9989127308030409,0.0005439303514510438,1
5945,0.6117447428365071,1.0,0.9989272733358215,0.0005366512236176023,1
5946,0.6202203153903811,0.951229424500714,0.998905234748667,0.0005476824722664355,0
5947,0.6288732578275715,0.9048374180359595,0.9989114415943421,0.0005445756578381647,0
5948,0.6117464359207359,1.0,0.9989171725092433,0.0005417070859993501,1
5949,0.6202174722306816,0.951229424500714,0.9989218096897039,0.000539385987801757,0
5950,0.6288705893552542,0.9048374180359595,0.9989266976610828,0.0005369393701724351,0
5951,0.6117463314080875,1.0,0.9989177960202382,0.0005413949926559215,1
5952,0.6202175075324694,0.951229424500714,0.998921603886321,0.0005394890005712002,0
5953,0.6117437778231704,1.0,0.9989330306089254,0.0005337695040636873,1
5954,0.6117388273122216,1.0,0.998962566157171,0.0005189861748969287,1
5955,0.6117425899997302,1.0,0.9989401172361876,0.0005302224183691743,1
5956,0.6117407971527264,1.0,0.9989508136136774,0.0005248685838205316,1
5957,0.6202136569924598,0.951229424500714,0.9989440522319883,0.0005282528368183762,0
5958,0.6288680328269094,0.9048374180359595,0.9989413140232151,0.0005296233903143393,0
5959,0.6376770588388826,0.8607079764250578,0.9989429976016666,0.0005287807096637433,0
5960,0.6117468669973133,1.0,0.9989146007598335,0.0005429943562511455,1
5961,0.6117487153695598,1.0,0.998903573712665,0.0005485139011774272,1
5962,0.6117428339238452,1.0,0.9989386619638582,0.0005309508270917405,1
5963,0.6202202697394892,0.951229424500714,0.998905500879352,0.000547549261106716,0
5964,0.6288708908107852,0.9048374180359595,0.99892497417761,0.0005378020385562317,0
5965,0.637680088414526,0.8607079764250578,0.9989259537260616,0.0005373117374842283,0
5966,0.6466170018347879,0.8187307530779818,0.998931852150967,0.0005343593627516138,0
5967,0.6556617945197335,0.7788007830714049,0.9989053716643569,0.0005476139393987889,0
5968,0.6117453836895037,1.0,0.9989234500319673,0.0005385649320891954,1
5969,0.6117450965623957,1.0,0.9989251630183258,0.0005377075165936718,1
5970,0.6117490432162962,1.0,0.9989016178586795,0.0005494929025304167,1
5971,0.6117496622981209,1.0,0.9988979245825549,0.000551341574554875,1
5972,0.6202145726224076,0.951229424500714,0.9989387141161846,0.0005309247232241343,0
5973,0.6288743526099162,0.9048374180359595,0.9989051826466481,0.0005477085518275816,0
5974,0.6117485428082234,1.0,0.9989046031739818,0.0005479986058008755,1
5975,0.6202177567339088,0.951229424500714,0.9989201510862852,0.0005402161853105524,0
5976,0.6288712176411404,0.9048374180359595,0.9989231056255861,0.0005387373208946239,0
5977,0.6376828842928122,0.8607079764250578,0.9989102249246687,0.0005451846559753703,0
5978,0.6466142734779848,0.8187307530779818,0.9989470047980649,0.0005267749954385481,0
5979,0.6556607948165334,0.7788007830714049,0.9989108692601504,0.0005448621368651397,0
5980,0.6117467756422503,1.0,0.9989151457719828,0.000542721554151604,1
5981,0.6202195699384269,0.951229424500714,0.9989095805173522,0.0005455072112502306,0
5982,0.6117485605112932,1.0,0.9989044975614584,0.0005480514699726628,1
5983,0.6117491024032555,1.0,0.9989012647642697,0.0005496696438961058,1
5984,0.6202152175511764,0.951229424500714,0.9989349542106513,0.0005328066768195772,0
5985,0.6288732557833031,0.9048374180359595,0.9989114532816179,0.0005445698078322265,0
5986,0.6376802265541304,0.8607079764250578,0.998925176585159,0.0005377007258781804,0
5987,0.6466208186708109,0.8187307530779818,0.9989106548213813,0.0005449694731644867,0
5988,0.6556561208743718,0.7788007830714049,0.9989365728020166,0.0005319965189373031,0
5989,0.6117481553884282,1.0,0.9989069144373304,0.0005468417082015667,1
5990,0.6117477722185826,1.0,0.998909200354273,0.0005456975003209503,1
5991,0.6202198919406995,0.951229424500714,0.9989077033341889,0.0005464468282905923,0
5992,0.6117460232278121,1.0,0.99891963459335,0.0005404747110135724,1
5993,0.6117496626186409,1.0,0.9988979226704231,0.0005513425316755974,1
5994,0.62021911608132,0.951229424500714,0.9989122263858479,0.0005441828346284267,0
5995,0.6117485384397537,1.0,0.99890462923529,0.0005479855608575763,1
5996,0.6202191305611736,0.951229424500714,0.9989121419719256,0.0005442250875529792,0
5997,0.6117518535238715,1.0,0.9988848524817973,0.0005578848789160223,1
5998,0.6202190509359353,0.951229424500714,0.9989126061672595,0.0005439927371756799,0
5999,0.6117485788811434,1.0,0.9989043879710914,0.0005481063252532413,1
6000,0.6117469242098572,1.0,0.9989142594376362,0.0005431652028156726,1
6001,0.6202140144576959,0.951229424500714,0.9989419682074757,0.0005292959516363858,0
6002,0.6288742225678672,0.9048374180359595,0.9989059261034094,0.0005473364161646686,0
6003,0.6376808440842932,0.8607079764250578,0.9989217025153382,0.0005394396328270844,0
6004,0.6466194704489462,0.8187307530779818,0.9989181422959441,0.0005412216672595487,0
6005,0.6117459185142504,1.0,0.9989202593052801,0.0005401620173227709,1
6006,0.6202192472260064,0.951229424500714,0.9989114618455228,0.0005445655212136132,0
6007,0.6117462163534179,1.0,0.9989184824244511,0.0005410514188504334,1
6008,0.6117473060015242,1.0,0.9989119817253417,0.0005443052981090395,1
6009,0.6202190261090752,0.951229424500714,0.9989127509017426,0.0005439202911620344,0
6010,0.6117477081607128,1.0,0.9989095825118579,0.0005455062129088213,1
6011,0.6202182881646943,0.951229424500714,0.9989170529494549,0.0005417669306986147,0
6012,0.6288686087489845,0.9048374180359595,0.9989380212960619,0.0005312715014364616,0
6013,0.637680884744836,0.8607079764250578,0.9989214737698688,0.0005395541290358068,0
6014,0.6117445627775666,1.0,0.9989283475643471,0.000536113532848404,1
6015,0.6117455823164542,1.0,0.9989222650358185,0.0005391580690565765,1
6016,0.6202223473653129,0.951229424500714,0.9988933890609958,0.0005536118424893594,0
6017,0.6117452927687765,1.0,0.9989239924601266,0.0005382934257930324,1
6018,0.6117428760888655,1.0,0.9989384104040291,0.0005310767406589686,1
6019,0.6202193898820374,0.951229424500714,0.9989106301979206,0.0005449817983213366,0
6020,0.6117415873868881,1.0,0.9989460989443265,0.0005272283999458028,1
6021,0.620216874400161,0.951229424500714,0.9989252949485316,0.0005376414805171293,0
6022,0.6288693760751237,0.9048374180359595,0.998933634274701,0.0005334673488767458,0
6023,0.6376770754924045,0.8607079764250578,0.9989429039107688,0.0005288276046830015,0
6024,0.6466197744802809,0.8187307530779818,0.9989164538238537,0.0005420668183514858,0
6025,0.6556592750926633,0.7788007830714049,0.9989192266357869,0.0005406789104467983,0
6026,0.6647794802886997,0.7408182206817179,0.9988955189655253,0.0005525457115678349,0
6027,0.673941289051865,0.7046880897187134,0.9989197497860104,0.000540417052394343,0
6028,0.6117464824625051,1.0,0.9989168948463415,0.0005418460679630421,1
6029,0.6202188916915087,0.951229424500714,0.9989135345235813,0.0005435280539367956,0
6030,0.6117479112584953,1.0,0.9989083708682289,0.0005461126964109417,1
6031,0.6117463413399029,1.0,0.9989177367680926,0.0005414246508258151,1
6032,0.6202155038514843,0.951229424500714,0.9989332850992788,0.0005336421229914784,0
6033,0.6117464518026605,1.0,0.9989170777594744,0.0005417545122404796,1
6034,0.6117463155071818,1.0,0.9989178908833485,0.0005413475097168309,1
6035,0.6202193401834991,0.951229424500714,0.9989109199273762,0.0005448367756311569,0
6036,0.6288757423320788,0.9048374180359595,0.9988972375838479,0.0005516854530064966,0
6037,0.6376829149386474,0.8607079764250578,0.9989100525218463,0.0005452709514366592,0
6038,0.6117487673100174,1.0,0.9989032638481302,0.0005486690035271815,1
6039,0.6202193116971519,0.951229424500714,0.99891108599537,0.0005447536511119201,0
6040,0.6117474934363604,1.0,0.9989108635198373,0.000544865010151102,1
6041,0.6202196067422524,0.951229424500714,0.9989093659610913,0.0005456146064981339,0
6042,0.6117474838807089,1.0,0.9989109205272416,0.0005448364753714794,1
6043,0.6202182390268355,0.951229424500714,0.9989173394129204,0.0005416235437058635,0
6044,0.6117464337176266,1.0,0.9989171856527456,0.0005417005071244432,1
6045,0.620216596779734,0.951229424500714,0.9989269134382773,0.0005368313656653159,0
6046,0.6117484104994637,1.0,0.9989053924987449,0.0005476035107894406,1
6047,0.6117411031215539,1.0,0.9989489881484557,0.0005257822758986557,1
6048,0.6117481725169034,1.0,0.998906812252354,0.0005468928566019511,1
6049,0.6202128097126869,0.951229424500714,0.9989489919029987,0.0005257803966520263,0
6050,0.628869872186047,0.9048374180359595,0.9989307978816245,0.0005348870613611453,0
6051,0.6376760406270136,0.8607079764250578,0.998948725972102,0.0005259135020128946,0
6052,0.6466161126294897,0.8187307530779818,0.9989367905554887,0.0005318875263074418,0
6053,0.6117518085227833,1.0,0.9988851209402664,0.0005577504998470153,1
6054,0.6117433072481435,1.0,0.9989358380792939,0.0005323642715119117,1
6055,0.6117495438719918,1.0,0.9988986310794962,0.0005509879364733476,1
6056,0.6117469248173593,1.0,0.9989142558133627,0.0005431670169220582,1
6057,0.611747688151985,1.0,0.9989097018803291,0.0005454464635250075,1
6058,0.6117457206329647,1.0,0.9989214398492827,0.000539571107641007,1
6059,0.6202185082209044,0.951229424500714,0.9989157700690927,0.0005424090666908911,0
6060,0.6288685681438525,0.9048374180359595,0.998938253447856,0.000531155302151737,0
6061,0.6376830567086365,0.8607079764250578,0.9989092549736378,0.0005456701608173576,0
6062,0.6117405667720848,1.0,0.9989521881094449,0.0005241806146016722,1
6063,0.6202153089901464,0.951229424500714,0.9989344211272269,0.000533073502784772,0
6064,0.6117444005070416,1.0,0.9989293156689768,0.0005356289614760369,1
6065,0.6117453861747517,1.0,0.9989234352051174,0.0005385723535037061,1
6066,0.6202169958058387,0.951229424500714,0.998924587170936,0.0005379957501756387,0
6067,0.6288695748796763,0.9048374180359595,0.9989324976568991,0.0005340362647734468,0
6068,0.6117465830240221,1.0,0.9989162949081627,0.000542146362392947,1
6069,0.6202155829044015,0.951229424500714,0.9989328242268346,0.0005338728053390206,0
6070,0.6117441281023784,1.0,0.9989309408361379,0.0005348155076041426,1
6071,0.6202152413553915,0.951229424500714,0.9989348154335405,0.0005328761393605856,0
6072,0.6117433211639682,1.0,0.9989357550567298,0.0005324058270174077,1
6073,0.6202183184334712,0.951229424500714,0.998916876488858,0.0005418552566571973,0
6074,0.6117440118883525,1.0,0.9989316341706239,0.0005344684694771647,1
6075,0.6202152992853542,0.951229424500714,0.998934477705534,0.0005330451834555149,0
6076,0.6117516308125587,1.0,0.9988861810893492,0.0005572198339586132,1
6077,0.6202159578676796,0.951229424500714,0.9989306382238101,0.0005349669757193456,0
6078,0.611743859487859,1.0,0.9989325433951672,0.0005340133712009623,1
6079,0.611744871983336,1.0,0.9989265028491385,0.0005370368808124259,1
6080,0.6202195803617767,0.951229424500714,0.9989095197520597,0.0005455376270634599,0
6081,0.6288698705993165,0.9048374180359595,0.998930806953351,0.0005348825206430071,0
6082,0.6376776625784845,0.8607079764250578,0.9989396010357652,0.0005304807924933393,0
6083,0.611742981438633,1.0,0.9989377818794403,0.0005313913370244612,1
6084,0.6202187982866092,0.951229424500714,0.9989140790520268,0.0005432554936609809,0
6085,0.6288708240316203,0.9048374180359595,0.9989253559675269,0.0005376109381964001,0
6086,0.6376826197999423,0.8607079764250578,0.9989117128712632,0.0005444398715847322,0
6087,0.6466205395726075,0.8187307530779818,0.9989122048133631,0.0005441936326166907,0
6088,0.611744794248509,1.0,0.9989269666130247,0.000536804749731131,1
6089,0.6202197065109002,0.951229424500714,0.9989087843374276,0.0005459057359303111,0
6090,0.6117469141984715,1.0,0.9989143191641789,0.0005431353070861988,1
6091,0.611749141761325,1.0,0.9989010299640984,0.0005497871731290375,1
6092,0.6117463349927532,1.0,0.9989177746345064,0.0005414056971063866,1
6093,0.6117488401818252,1.0,0.9989028291123339,0.0005488866101296805,1
6094,0.6202143619120078,0.951229424500714,0.9989399425526505,0.0005303098528155677,0
6095,0.6288742363829501,0.9048374180359595,0.9989058471218679,0.0005473759501901155,0
6096,0.6117457451050333,1.0,0.9989212938507561,0.0005396441857287777,1
6097,0.6117492699700522,1.0,0.9989002651042134,0.0005501700239595462,1
6098,0.6202161663416976,0.951229424500714,0.998929422841519,0.0005355753177723068,0
6099,0.6288739630231669,0.9048374180359595,0.9989074099354116,0.0005465936881152285,0
6100,0.6117506178739778,1.0,0.9988922239134478,0.0005541950620001765,1
6101,0.6202191026177504,0.951229424500714,0.998912304875098,0.0005441435472691405,0
6102,0.6117478967116984,1.0,0.9989084576516428,0.0005460692572864373,1
6103,0.6117452267112977,1.0,0.9989243865557628,0.0005380961657605531,1
6104,0.6202144219785011,0.951229424500714,0.9989395923662479,0.0005304851318534314,0
6105,0.6117451813294625,1.0,0.9989246573016713,0.0005379606470588852,1
6106,0.620217163043541,0.951229424500714,0.9989236122004159,0.0005384837604861328,0
6107,0.6288727009110322,0.9048374180359595,0.9989146255457858,0.0005429819498092023,0
6108,0.6376812581930146,0.8607079764250578,0.998919372852257,0.0005406057231181931,0
6109,0.6117468224608629,1.0,0.9989148664583148,0.0005428613626770262,1
6110,0.6202193163802829,0.951229424500714,0.9989110586939322,0.0005447673167116901,0
6111,0.6117454607414012,1.0,0.9989229903448439,0.000538795023408551,1
6112,0.6202195304564656,0.951229424500714,0.9989098106864865,0.0005453920010689329,0
6113,0.6117432489705255,1.0,0.998936185766833,0.0005321902425776527,1
6114,0.6117488498340268,1.0,0.9989027715296261,0.0005489154331080658,1
6115,0.6202171193696059,0.951229424500714,0.9989238668127237,0.0005383563171700531,0
6116,0.6117420690936038,1.0,0.9989432250177446,0.0005286668813208723,1
6117,0.6117440389564048,1.0,0.9989314726821846,0.0005345493000599535,1
6118,0.6202200691899131,0.951229424500714,0.9989066700230077,0.0005469640491069302,0
6119,0.6288735790723495,0.9048374180359595,0.9989096050098313,0.0005454949516427816,0
6120,0.6376819784181872,0.8607079764250578,0.9989153210779372,0.0005426338059881504,0
6121,0.6466190712548678,0.8187307530779818,0.998920359270314,0.0005401119807818402,0
6122,0.6117455178397624,1.0,0.9989226496995581,0.0005389655297174302,1
6123,0.6202178350442031,0.951229424500714,0.9989196945518296,0.0005404446993511276,0
6124,0.6288692248829914,0.9048374180359595,0.9989344986809747,0.0005330346845484942,0
6125,0.6117449478137114,1.0,0.9989260504474713,0.0005372633247842065,1
6126,0.6117398917117061,1.0,0.9989562156674294,0.0005221647273983776,1
6127,0.6117435751145499,1.0,0.9989342399756167,0.0005331641752166861,1
6128,0.6117416520134514,1.0,0.998945713372901,0.0005274213890873027,1
6129,0.6117448848288173,1.0,0.9989264262133746,0.0005370752398742491,1
6130,0.6117443755817437,1.0,0.998929464373226,0.0005355545296639381,1
6131,0.611748179494239,1.0,0.9989067706270033,0.0005469136920548292,1
6132,0.6117424952680551,1.0,0.9989406824143956,0.0005299395295160685,1
6133,0.6117469942092394,1.0,0.9989138418311515,0.0005433742330542555,1
6134,0.6117468369742749,1.0,0.9989147798732364,0.0005429047022473426,1
6135,0.6117488558853681,1.0,0.9989027354287854,0.000548933503355992,1
6136,0.61174719752421,1.0,0.9989126288840703,0.0005439813664059684,1
6137,0.6202217571280044,0.951229424500714,0.9988968299129344,0.0005518895135351281,0
6138,0.6288711536151776,0.9048374180359595,0.9989234716739607,0.0005385540994307053,0
6139,0.6117437444100611,1.0,0.9989332299525485,0.0005336697258017252,1
6140,0.6117481476247744,1.0,0.9989069607537043,0.0005468185246735746,1
6141,0.6202145618454481,0.951229424500714,0.9989387769455419,0.0005308932751711242,0
6142,0.6288730091514543,0.9048374180359595,0.9989128633006119,0.0005438640305612939,0
6143,0.6117459290913605,1.0,0.998920196203142,0.0005401936024966146,1
6144,0.6202204296844698,0.951229424500714,0.9989045684496621,0.0005480159870003427,0
6145,0.6117505745778075,1.0,0.998892482203914,0.0005540657735611592,1
6146,0.6117493145382675,1.0,0.9988999992220504,0.0005503031114196426,1
6147,0.6117532775845751,1.0,0.9988763571618224,0.0005621372990420602,1
6148,0.6117432565105367,1.0,0.9989361407826924,0.0005322127586012736,1
6149,0.620221918888912,0.951229424500714,0.9988958869086271,0.0005523615366331209,0
6150,0.6288695834111581,0.9048374180359595,0.9989324488802184,0.0005340606791768221,0
6151,0.6117439989834544,1.0,0.9989317111614683,0.0005344299328853051,1
6152,0.6202151333858444,0.951229424500714,0.9989354448895826,0.0005325610758378803,0
6153,0.6288716960697652,0.9048374180359595,0.9989203703656333,0.0005401064271262745,0
6154,0.6117453877782472,1.0,0.9989234256387541,0.0005385771418403078,1
6155,0.6117445460720774,1.0,0.9989284472290951,0.0005360636470165947,1
6156,0.6202198025534735,0.951229424500714,0.9989082244362048,0.0005461859924404704,0
6157,0.6288688347125847,0.9048374180359595,0.9989367293953013,0.0005319181389497027,0
6158,0.6376840103701085,0.8607079764250578,0.9989038900302023,0.0005483555688340873,0
6159,0.6117440100270334,1.0,0.9989316452752853,0.0005344629112082411,1
6160,0.6202184727152594,0.951229424500714,0.9989159770592055,0.000542305459310964,0
6161,0.6288683442355464,0.9048374180359595,0.9989395336005308,0.0005305145459037258,0
6162,0.6376821225763504,0.8607079764250578,0.9989145100891905,0.0005430397408350482,0
6163,0.6466250533514768,0.8187307530779818,0.9988871375791892,0.0005567410559956439,0
6164,0.655663099273466,0.7788007830714049,0.9988981965792569,0.0005512054261765802,0
6165,0.6647755080321184,0.7408182206817179,0.998917212808121,0.0005416869147188935,0
6166,0.6739496440573625,0.7046880897187134,0.9988743090418252,0.0005631625120638736,0
6167,0.6117481040572613,1.0,0.9989072206686561,0.0005466884250105247,1
6168,0.6202176022014284,0.951229424500714,0.9989210519827852,0.0005397652503219435,0
6169,0.6288778585753773,0.9048374180359595,0.9988851391531974,0.0005577413832176305,0
6170,0.6117438254364495,1.0,0.9989327465467618,0.000533911686870395,1
6171,0.6117469300956032,1.0,0.9989142243240918,0.000543182778670966,1
6172,0.6117475860257315,1.0,0.99891031114752,0.0005451414975185527,1
6173,0.6117438309010451,1.0,0.9989327139448381,0.0005339280052483333,1
6174,0.6117461396388824,1.0,0.9989189400957964,0.000540822335472527,1
6175,0.61174922639957,1.0,0.9989005250342675,0.0005500399158649536,1
6176,0.620218805326434,0.951229424500714,0.9989140380114999,0.000543276036232433,0
6177,0.6117465708172433,1.0,0.9989163677323397,0.0005421099108030102,1
6178,0.611750395287484,1.0,0.9988935517910603,0.0005535303873245053,1
6179,0.61174814581062,1.0,0.9989069715765798,0.0005468131073144738,1
6180,0.6117521849585914,1.0,0.9988828752783301,0.0005588745852966777,1
6181,0.6117502637495957,1.0,0.9988943365039636,0.0005531375964241976,1
6182,0.6117456401972489,1.0,0.9989219197229599,0.0005393309117944137,1
6183,0.6202217853998676,0.951229424500714,0.998896665098679,0.0005519720116791044,0
6184,0.611746358045872,1.0,0.998917637102083,0.0005414745378239154,1
6185,0.6202214986484973,0.951229424500714,0.99889833675237,0.0005511352623181873,0
6186,0.6288722817681065,0.9048374180359595,0.9989170218398136,0.0005417825023828543,0
6187,0.6376801780918295,0.8607079764250578,0.9989254492225689,0.0005375642605156882,0
6188,0.6466166138612722,0.8187307530779818,0.9989340068467308,0.0005332808640355426,0
6189,0.6556578875144236,0.7788007830714049,0.9989268573778571,0.0005368594259873237,0
6190,0.6647738048969105,0.7408182206817179,0.9989265143682442,0.0005370311150701294,0
6191,0.6117468881656575,1.0,0.998914474472372,0.0005430575685964756,1
6192,0.6117413067334946,1.0,0.9989477733656559,0.0005263903067154801,1
6193,0.6117459773348779,1.0,0.9989199083865009,0.0005403376663986085,1
6194,0.6202156000874252,0.951229424500714,0.9989327240511646,0.0005339229466861709,0
6195,0.6288711921474931,0.9048374180359595,0.9989232513775027,0.0005386643663773333,0
6196,0.6117494313011074,1.0,0.9988993026463902,0.0005506517829100998,1
6197,0.6117447543604643,1.0,0.9989272045841509,0.0005366856363696307,1
6198,0.6117516672465075,1.0,0.9988859637386482,0.0005573286305005635,1
6199,0.6117425895362543,1.0,0.9989401200013274,0.0005302210343323499,1
6200,0.6202195576529149,0.951229424500714,0.9989096521385494,0.0005454713615617428,0
6201,0.6288714863975846,0.9048374180359595,0.9989215690968364,0.0005395064140924797,0
6202,0.6117466502968146,1.0,0.9989158935668985,0.000542347250769125,1
6203,0.6202179525663137,0.951229424500714,0.9989190094203337,0.0005407876356925119,0
6204,0.6117449113272204,1.0,0.9989262681247069,0.0005371543691654496,1
6205,0.6117494759070373,1.0,0.9988990365396153,0.000550784982928188,1
6206,0.6117442209444719,1.0,0.9989303869394431,0.0005350927524194181,1
6207,0.6202180803948013,0.951229424500714,0.9989182642053861,0.0005411606465265482,0
6208,0.6117467374577545,1.0,0.9989153735757363,0.0005426075285867055,1
6209,0.6202172980830067,0.951229424500714,0.998922824941737,0.0005388778141352734,0
6210,0.6288716893309496,0.9048374180359595,0.9989204088925479,0.0005400871428494849,0
6211,0.6117479693434896,1.0,0.9989080243443516,0.0005462861477241767,1
6212,0.6202178815245414,0.951229424500714,0.9989194235802399,0.0005405803316887292,0
6213,0.6288738832077194,0.9048374180359595,0.9989078662455232,0.0005463652835589936,0
6214,0.6376840332754294,0.8607079764250578,0.9989037611738745,0.0005484200677000048,0
6215,0.6466219583152152,0.8187307530779818,0.9989043257546925,0.0005481374675735554,0
6216,0.6556624522689309,0.7788007830714049,0.9989017545708345,0.0005494244712939313,0
6217,0.6117494540684344,1.0,0.9988991668227326,0.0005507197695762659,1
6218,0.6202227707914949,0.951229424500714,0.9988909206628847,0.0005548474103627957,0
6219,0.6117482375103361,1.0,0.9989064245149838,0.0005470869374915575,1
6220,0.6117475464373917,1.0,0.9989105473247135,0.0005450232801155825,1
6221,0.6117492777820355,1.0,0.998900218499983,0.0005501933517296421,1
6222,0.611744708927595,1.0,0.9989274756356725,0.0005365499650795977,1
6223,0.611750890610323,1.0,0.9988905968619678,0.0005550094906072778,1
6224,0.6117441672238851,1.0,0.9989307074368501,0.0005349323321540522,1
6225,0.6117472427498747,1.0,0.9989123590747357,0.00054411641794256,1
6226,0.6117494542602797,1.0,0.9988991656782359,0.0005507203424552684,1
6227,0.6117462497490198,1.0,0.9989182831896847,0.0005411511440982083,1
6228,0.6117420883765267,1.0,0.9989431099735099,0.0005287244642937989,1
6229,0.6117479696427652,1.0,0.9989080225589314,0.0005462870414101201,1
6230,0.62021238822598,0.951229424500714,0.9989514491983587,0.0005245504578075648,0
6231,0.62887130864889,0.9048374180359595,0.9989225853176151,0.0005389977554083275,0
6232,0.6117455452443592,1.0,0.9989224862054934,0.000539047364921681,1
6233,0.6117446881087205,1.0,0.9989275998406673,0.0005364877959081803,1
6234,0.611748743659424,1.0,0.9989034049419809,0.0005485983791504729,1
6235,0.6117453622209822,1.0,0.9989235781119697,0.0005385008230754777,1
6236,0.6117471950402035,1.0,0.998912643703273,0.0005439739487388475,1
6237,0.6117463891770848,1.0,0.9989174513766658,0.0005415675011612866,1
6238,0.6202196769794864,0.951229424500714,0.9989089564973636,0.0005458195619353018,0
6239,0.6288717604740647,0.9048374180359595,0.998920002155788,0.0005402907310628204,0
6240,0.6376799637519335,0.8607079764250578,0.9989266550491356,0.0005369606990388115,0
6241,0.6466179215801418,0.8187307530779818,0.9989267441667888,0.0005369160923357453,0
6242,0.6117514571434043,1.0,0.9988872171326301,0.0005567012349614974,1
6243,0.6202146444758908,0.951229424500714,0.998938295212631,0.0005311343975693079,0
6244,0.6288755443618098,0.9048374180359595,0.9988983693776622,0.0005511189316814945,0
6245,0.6376811662917486,0.8607079764250578,0.9989198898631887,0.0005403469380690552,0
6246,0.6117442132004813,1.0,0.9989304331401364,0.0005350696273384324,1
6247,0.6117449292977972,1.0,0.9989261609128127,0.0005372080327356926,1
6248,0.6117443152467634,1.0,0.9989298243316653,0.0005353743575961197,1
6249,0.6117469470577792,1.0,0.9989141231301129,0.0005432334306597277,1
6250,0.6117487041527009,1.0,0.9989036406298218,0.0005484804058750024,1
6251,0.6202192767203489,0.951229424500714,0.9989112899010872,0.0005446515871248202,0
6252,0.6117467351611676,1.0,0.9989153872768781,0.0005426006705775337,1
6253,0.6202169643254516,0.951229424500714,0.998924770696985,0.0005379038883702295,0
6254,0.6117474180767116,1.0,0.9989113131029213,0.0005446399735641344,1
6255,0.6202200114452409,0.951229424500714,0.9989070066574258,0.0005467955476985958,0
6256,0.6288724733024962,0.9048374180359595,0.9989159268121006,0.0005423306101280901,0
6257,0.6376818814192634,0.8607079764250578,0.9989158667640281,0.0005423606667488774,0
6258,0.6466161318305013,0.8187307530779818,0.9989366839179734,0.0005319409018172952,0
6259,0.6117492149510104,1.0,0.9989005933333841,0.0005500057287199111,1
6260,0.6202183236480735,0.951229424500714,0.9989168460888289,0.0005418704731533306,0
6261,0.6288730655315908,0.9048374180359595,0.9989125409694833,0.0005440253715512665,0
6262,0.6376821534988273,0.8607079764250578,0.9989143361291158,0.0005431268153985481,0
6263,0.6466177211217806,0.8187307530779818,0.9989278574484389,0.0005363588537613421,0
6264,0.6117444887874072,1.0,0.9989287889888612,0.0005358925838596086,1
6265,0.6117440474346137,1.0,0.9989314221010612,0.0005345746176748554,1
6266,0.620217063482654,0.951229424500714,0.9989241926251713,0.0005381932354752148,0
6267,0.6288746406482645,0.9048374180359595,0.9989035359199795,0.0005485328182617281,0
6268,0.6376781920110434,0.8607079764250578,0.9989366225245482,0.0005319716312058632,0
6269,0.6117515388825204,1.0,0.9988867295083467,0.0005569453187749645,1
6270,0.6117438861151878,1.0,0.9989323845358753,0.0005340928857315159,1
6271,0.6117474155826901,1.0,0.9989113279818426,0.0005446325259954803,1
6272,0.6117431046943473,1.0,0.9989370465273868,0.0005317594041541117,1
6273,0.6202210257291003,0.951229424500714,0.9989010937050304,0.0005497552676007805,0
6274,0.6117439053903563,1.0,0.9989322695397745,0.0005341504452366679,1
6275,0.620215934788033,0.951229424500714,0.9989307727759285,0.0005348996276452458,0
6276,0.611746677603133,1.0,0.9989157306608075,0.0005424287922208931,1
6277,0.6117410059181014,1.0,0.9989495680812471,0.0005254920045084403,1
6278,0.6202197709763372,0.951229424500714,0.9989084085219898,0.000546093848956407,0
6279,0.6288674388122346,0.9048374180359595,0.9989447102068517,0.0005279235017343769,0
6280,0.6117464315835517,1.0,0.9989171983843966,0.0005416941343984714,1
6281,0.6202226008532261,0.951229424500714,0.9988919113310984,0.0005543515265269941,0
6282,0.6288696816301372,0.9048374180359595,0.9989318873372219,0.0005343417508122962,0
6283,0.6117494668332498,1.0,0.9988990906713404,0.0005507578872350036,1
6284,0.6202184641642339,0.951229424500714,0.9989160269098156,0.0005422805069576239,0
6285,0.6288682559893398,0.9048374180359595,0.9989400381318544,0.0005302620125024624,0
6286,0.6376805866555427,0.8607079764250578,0.9989231507430322,0.0005387147378525501,0
6287,0.6466172202676459,0.8187307530779818,0.9989306390388303,0.000534966567773017,0
6288,0.6117476918058744,1.0,0.9989096800818803,0.0005454573746458809,1
6289,0.6202184099936018,0.951229424500714,0.9989163427128442,0.0005421224341215441,0
6290,0.6288736003257986,0.9048374180359595,0.998909483502164,0.0005455557717980785,0
6291,0.6117471928237745,1.0,0.9989126569261493,0.0005439673301039579,1
6292,0.6202206279684479,0.951229424500714,0.9989034125172148,0.0005485945873755023,0
6293,0.6288740521607601,0.9048374180359595,0.9989069003303198,0.0005468487694254252,0
6294,0.6117454829295497,1.0,0.9989228579717043,0.0005388612813431539,1
6295,0.6202191850156272,0.951229424500714,0.9989118245161821,0.0005443839883113886,0
6296,0.6117462801205737,1.0,0.9989181019961328,0.0005412418389885382,1
6297,0.6202191908248939,0.951229424500714,0.9989117906496301,0.000544400940034131,0
6298,0.6288716345847007,0.9048374180359595,0.9989207218859102,0.0005399304770578024,0
6299,0.6376838336086635,0.8607079764250578,0.9989048844213005,0.0005478578279537141,0
6300,0.6117459740247344,1.0,0.9989199281345255,0.0005403277817100722,1
6301,0.6117456921911071,1.0,0.9989216095313136,0.0005394861750278482,1
6302,0.6117474849680073,1.0,0.9989109140406025,0.0005448397222271447,1
6303,0.6202215308628266,0.951229424500714,0.9988981489546293,0.0005512292647564429,0
6304,0.6288703914096399,0.9048374180359595,0.9989278293591961,0.0005363729134569532,0
6305,0.6117468325328771,1.0,0.9989148063700215,0.0005428914394618979,1
6306,0.6202206889721508,0.951229424500714,0.9989030568854382,0.0005487725985002308,0
6307,0.6288704443730668,0.9048374180359595,0.9989275265555991,0.0005365244777812166,0
6308,0.611746851275267,1.0,0.9989146945554382,0.0005429474074927943,1
6309,0.6117457435246525,1.0,0.9989213032791884,0.0005396394664219003,1
6310,0.6202198724088182,0.951229424500714,0.9989078171994499,0.0005463898334079964,0
6311,0.6288730187746248,0.9048374180359595,0.9989128082839309,0.0005438915688403794,0
6312,0.6376786689769441,0.8607079764250578,0.9989339391929902,0.0005333147270046715,0
6313,0.6117477829922877,1.0,0.9989091360803317,0.00054572967238588,1
6314,0.6117467059256101,1.0,0.9989155616924815,0.0005425133680940222,1
6315,0.6202217540322528,0.951229424500714,0.9988968479599968,0.0005518804800385064,0
6316,0.6288720123045913,0.9048374180359595,0.998918562401511,0.0005410113870270068,0
6317,0.6376831745380069,0.8607079764250578,0.9989085921075737,0.0005460019558631961,0
6318,0.6466190863721836,0.8187307530779818,0.9989202753142951,0.000540154004163207,0
6319,0.6556578425955275,0.7788007830714049,0.9989271044025487,0.0005367357809680973,0
6320,0.6647757148762634,0.7408182206817179,0.9989160831490712,0.0005422523568166043,0
6321,0.6739369837303464,0.7046880897187134,0.9989431661839545,0.0005286963293366965,0
6322,0.6831296349225275,0.6703200460356393,0.9989395510937841,0.0005305057899917996,0
6323,0.6923262924751746,0.6376281516217733,0.9989257076177741,0.0005374349239510745,0
6324,0.6117475820969493,1.0,0.9989103345859516,0.0005451297655187252,1
6325,0.6117444162606718,1.0,0.9989292216828863,0.0005356760048921029,1
6326,0.6202174654153466,0.951229424500714,0.9989218494219475,0.0005393661002377951,0
6327,0.6288737385596351,0.9048374180359595,0.9989086932087623,0.0005459513500398693,0
6328,0.6376788537985415,0.8607079764250578,0.9989328994196389,0.0005338351687734398,0
6329,0.61175064039481,1.0,0.9988920895617378,0.0005542623123580422,1
6330,0.6202176635453295,0.951229424500714,0.9989206943587629,0.0005399442555024473,0
6331,0.6288725272823921,0.9048374180359595,0.9989156182021128,0.0005424850826053257,0
6332,0.6117441737691219,1.0,0.9989306683879124,0.0005349518775229785,1
6333,0.6117426238427237,1.0,0.9989399153257765,0.0005303234806990757,1
6334,0.6117432116065274,1.0,0.9989364086826368,0.0005320786659914273,1
6335,0.6202152524222798,0.951229424500714,0.9989347509142714,0.0005329084333952519,0
6336,0.6117459149183364,1.0,0.9989202807581985,0.0005401512792693775,1
6337,0.6117508735255928,1.0,0.9988906987834909,0.0005549584732494942,1
6338,0.6202174922939028,0.951229424500714,0.9989216927245494,0.0005394445335058203,0
6339,0.6117482063078241,1.0,0.9989066106626852,0.0005469937617548154,1
6340,0.620219763059145,0.951229424500714,0.9989084546769912,0.0005460707462375318,0
6341,0.6117467899718424,1.0,0.9989150602835143,0.0005427643448093204,1
6342,0.6117525143753741,1.0,0.9988809101188578,0.0005598582648921449,1
6343,0.6117423970921914,1.0,0.998941268141468,0.0005296463555013385,1
6344,0.6202192967955106,0.951229424500714,0.9989111728680783,0.0005447101674096665,0
6345,0.6288686367582874,0.9048374180359595,0.998937861158467,0.0005313516553620897,0
6346,0.6117444843718091,1.0,0.9989288153322821,0.0005358793980244986,1
6347,0.6202171047450084,0.951229424500714,0.9989239520718933,0.0005383136416625179,0
6348,0.6117464619513705,1.0,0.9989170172134231,0.0005417848180859302,1
6349,0.6202176990342596,0.951229424500714,0.9989204874647014,0.0005400478143154768,0
6350,0.6117459391857418,1.0,0.9989201359809283,0.0005402237461535678,1
6351,0.6117489520865306,1.0,0.9989021615161473,0.0005492207749704541,1
6352,0.6117422422497075,1.0,0.9989421919483377,0.000529183962730149,1
6353,0.6117514743514497,1.0,0.9988871144759874,0.0005567526204663253,1
6354,0.6202162868948543,0.951229424500714,0.9989287200298559,0.0005359271003378548,0
6355,0.6288719203572969,0.9048374180359595,0.9989190880781635,0.0005407482642189715,0
6356,0.6376783893785003,0.8607079764250578,0.9989355121666326,0.0005325274014657946,0
6357,0.6117430969591641,1.0,0.9989370926759971,0.0005317363052964898,1
6358,0.6117471723118098,1.0,0.9989127792974066,0.0005439060778768769,1
6359,0.620215659271455,0.951229424500714,0.998932379013057,0.0005340956500920042,0
6360,0.6117457299023672,1.0,0.9989213845487184,0.0005395987877786453,1
6361,0.620216991390904,0.951229424500714,0.9989246129093563,0.0005379828671110724,0
6362,0.6288716485765223,0.9048374180359595,0.9989206418923386,0.0005399705170595001,0
6363,0.6376817867331379,0.8607079764250578,0.9989163994393986,0.0005420940400758007,0
6364,0.6466216808080519,0.8187307530779818,0.9989058668987304,0.0005473660509276513,0
6365,0.6556588664205106,0.7788007830714049,0.9989214740492249,0.0005395539892069489,0
6366,0.6647768783390109,0.7408182206817179,0.9989097290375912,0.0005454328700731776,0
6367,0.6117502089030163,1.0,0.9988946637013589,0.0005529738166680684,1
6368,0.6202193549512,0.951229424500714,0.9989108338355374,0.0005448798684840246,0
6369,0.6117479566612356,1.0,0.9989081000042184,0.0005462482764376656,1
6370,0.6117483815508178,1.0,0.998905565200081,0.0005475170655051921,1
6371,0.6117520712585265,1.0,0.9988835535655768,0.0005585350624991442,1
6372,0.6117480896153804,1.0,0.9989073068260126,0.0005466452992071947,1
6373,0.6202172118235979,0.951229424500714,0.9989233278203149,0.0005386261037734631,0
6374,0.6288728613793808,0.9048374180359595,0.9989137081296564,0.0005434411564957402,0
6375,0.6376828799845145,0.8607079764250578,0.998910249161658,0.0005451725242600223,0
6376,0.6117456444592213,1.0,0.9989218942963309,0.0005393436388298254,1
6377,0.6117466370829536,1.0,0.9989159723991603,0.0005423077918621486,1
6378,0.6117458470888111,1.0,0.9989206854235263,0.0005399487279478882,1
6379,0.620219121545734,0.951229424500714,0.9989121945296805,0.000544198780057352,0
6380,0.6288755225586787,0.9048374180359595,0.9988984940260253,0.0005510565387699278,0
6381,0.6117483842891859,1.0,0.9989055488635692,0.0005475252427105813,1
6382,0.6202191484524374,0.951229424500714,0.9989120376703495,0.0005442772951381542,0
6383,0.6288784254426414,0.9048374180359595,0.998881898442218,0.0005593635498258908,0
6384,0.6117446409143149,1.0,0.9989278814016451,0.000536346864303979,1
6385,0.6202202830599755,0.951229424500714,0.9989054232249955,0.0005475881308293451,0
6386,0.6288710495651415,0.9048374180359595,0.9989240665478186,0.0005382563420460312,0
6387,0.6376786700888023,0.8607079764250578,0.99893393293787,0.0005333178579025079,0
6388,0.6117499944927324,1.0,0.9988959428070343,0.0005523335565370623,1
6389,0.6202190802924199,0.951229424500714,0.9989124350262204,0.0005440784008527308,0
6390,0.6117407845831572,1.0,0.9989508886061021,0.0005248310482277368,1
6391,0.6202174918230583,0.951229424500714,0.9989216954694924,0.0005394431595528313,0
6392,0.6117433868438642,1.0,0.9989353632070513,0.0005326019606292954,1
6393,0.6202163275720892,0.951229424500714,0.9989284828862031,0.0005360457993382286,0
6394,0.6288727555277706,0.9048374180359595,0.9989143132954401,0.0005431382446448827,0
6395,0.637680424521148,0.8607079764250578,0.9989240628706704,0.0005382581826004725,0
6396,0.6466246024809695,0.8187307530779818,0.9988896414501868,0.0005554877272835458,0
6397,0.6556606726150884,0.7788007830714049,0.9989115412761754,0.0005445257626101404,0
6398,0.6647827360811474,0.7408182206817179,0.998877738366929,0.0005614459201032702,0
6399,0.6739422800117203,0.7046880897187134,0.9989143600939888,0.0005431148199391883,0
6400,0.6831328934917038,0.6703200460356393,0.9989218544468925,0.0005393635850535434,0
6401,0.6117477861062641,1.0,0.9989091175029231,0.0005457389712340775,1
6402,0.6202204569792473,0.951229424500714,0.9989044093296877,0.000548095634242005,0
6403,0.6117466955596497,1.0,0.9989156235344893,0.0005424824135228052,1
6404,0.620219498148254,0.951229424500714,0.9989099990346607,0.0005452977242111106,0
6405,0.6288707485920322,0.9048374180359595,0.9989257872710637,0.0005373950544763775,0
6406,0.6117490497781982,1.0,0.9989015787120243,0.0005495124973809865,1
6407,0.6117430732074078,1.0,0.9989372343805527,0.0005316653776341542,1
6408,0.6117481326350348,1.0,0.9989070501794411,0.0005467737628807888,1
6409,0.6117457000269868,1.0,0.9989215627830274,0.0005395095744052088,1
6410,0.6117477444684409,1.0,0.9989093659065368,0.0005456146338051317,1
6411,0.6117457610782233,1.0,0.9989211985559185,0.0005396918846028937,1
6412,0.6117456374280631,1.0,0.9989219362437289,0.0005393226424949552,1
6413,0.6117448903533931,1.0,0.99892639325392,0.0005370917373130072,1
6414,0.611747825161416,1.0,0.9989088845071358,0.0005458555963656598,1
6415,0.6117473765525079,1.0,0.9989115608295187,0.00054451597528547,1
6416,0.6202166652643395,0.951229424500714,0.9989265141818916,0.0005370312083465469,0
6417,0.6288735441973397,0.9048374180359595,0.9989098043930936,0.0005453951511996483,0
6418,0.6117460614163659,1.0,0.9989194067639314,0.0005405887489384964,1
6419,0.6117490652239498,1.0,0.9989014865665701,0.0005495586207731765,1
6420,0.6117431385008849,1.0,0.998936844835404,0.0005318603574643206,1
6421,0.6202193805514211,0.951229424500714,0.9989106845929588,0.000544954571142489,0
6422,0.611744754621971,1.0,0.9989272030240078,0.0005366864172788739,1
6423,0.6202166531667481,0.951229424500714,0.998926584709267,0.0005369959067643847,0
6424,0.628869450496181,0.9048374180359595,0.9989332087897796,0.0005336803184862105,0
6425,0.637679100144505,0.8607079764250578,0.9989315135233446,0.0005345288576371108,0
6426,0.6117446221759802,1.0,0.9989279931942471,0.0005362909080143661,1
6427,0.6202211904549038,0.951229424500714,0.9989001334106823,0.0005502359432231291,0
6428,0.6117424428349526,1.0,0.9989409952354923,0.0005297829531281115,1
6429,0.6202175299014074,0.951229424500714,0.9989214734792705,0.0005395542744918251,0
6430,0.6117459028729533,1.0,0.9989203526199377,0.0005401153095638859,1
6431,0.620216713125904,0.951229424500714,0.9989262351553014,0.0005371708715876272,0
6432,0.6117498756642518,1.0,0.9988966517021856,0.0005519787173244104,1
6433,0.6202138645903553,0.951229424500714,0.9989428419342333,0.0005288586257439179,0
6434,0.6288729964325981,0.9048374180359595,0.9989129360156599,0.0005438276334699769,0
6435,0.6376842539580725,0.8607079764250578,0.9989025197012072,0.0005490414856418458,0
6436,0.6466173150286555,0.8187307530779818,0.9989301127644915,0.0005352299867016348,0
6437,0.6117497999749713,1.0,0.9988971032421722,0.0005517526980040945,1
6438,0.6202141365231476,0.951229424500714,0.9989412565665646,0.0005296521490869055,0
6439,0.6117490670845089,1.0,0.9989014754669449,0.0005495641766890863,1
6440,0.6202199786584623,0.951229424500714,0.9989071977947523,0.0005466998744743202,0
6441,0.6288727208256443,0.9048374180359595,0.9989145116915804,0.0005430389387695077,0
6442,0.6376839711342079,0.8607079764250578,0.9989041107559995,0.0005482450848450901,0
6443,0.6466176346572666,0.8187307530779818,0.9989283376451767,0.0005361184977542593,0
6444,0.6556605956798467,0.7788007830714049,0.9989119643624037,0.0005443139890339994,0
6445,0.6647752048815269,0.7408182206817179,0.9989188684379628,0.0005408582031657028,0
6446,0.6739408034681972,0.7046880897187134,0.9989223908188587,0.0005390951096869458,0
6447,0.6117525863567729,1.0,0.9988804807094261,0.0005600732101972611,1
6448,0.6117417715603337,1.0,0.998945000139497,0.0005277783822897174,1
6449,0.611750964682716,1.0,0.9988901549721653,0.0005552306809466647,1
6450,0.620218047920382,0.951229424500714,0.9989184535247896,0.0005410658843261209,0
6451,0.6288735535939418,0.9048374180359595,0.998909750671951,0.0005454220410869385,0
6452,0.6376846242466151,0.8607079764250578,0.998900436609798,0.0005500841767654686,0
6453,0.6466217212739899,0.8187307530779818,0.9989056421697948,0.0005474785384844529,0
6454,0.6556628625785471,0.7788007830714049,0.9988994982044734,0.0005505538961343341,0
6455,0.6647751788706516,0.7408182206817179,0.9989190104941731,0.000540787098191811,0
6456,0.6739448081000367,0.7046880897187134,0.9989006103143913,0.0005499972288716253,0
6457,0.6117461583877903,1.0,0.9989188282416339,0.0005408783230828555,1
6458,0.6202254665801646,0.951229424500714,0.9988752055427048,0.0005627137566652581,0
6459,0.6117481608063245,1.0,0.9989068821152683,0.0005468578869175739,1
6460,0.6117502626686198,1.0,0.9988943429527241,0.0005531343684749865,1
6461,0.6117432178736654,1.0,0.9989363712925192,0.0005320973809556065,1
6462,0.6117425336646444,1.0,0.9989404533366243,0.0005300541898765876,1
6463,0.6202148774920686,0.951229424500714,0.9989369367373453,0.0005318143575908181,0
6464,0.6288674852234893,0.9048374180359595,0.9989444448573819,0.0005280563166451595,0
6465,0.6376827349367443,0.8607079764250578,0.9989110651505686,0.0005447640848742452,0
6466,0.6466148572032329,0.8187307530779818,0.9989437629026621,0.0005283976544222966,0
6467,0.6556616317903767,0.7788007830714049,0.9989062665477801,0.0005471660075686978,0
6468,0.6117468886698327,1.0,0.9989144714645314,0.0005430590741511116,1
6469,0.6202161354146863,0.951229424500714,0.9989296031427116,0.0005354850705675729,0
6470,0.6117489606806841,1.0,0.9989021102455504,0.0005492464384438639,1
6471,0.611747845020029,1.0,0.9989087660343681,0.0005459148974573185,1
6472,0.6202157688487157,0.951229424500714,0.9989317401869393,0.0005344154046296129,0
6473,0.6117478081035899,1.0,0.99890898627095,0.0005458046588824199,1
6474,0.6202191794506411,0.951229424500714,0.9989118569586425,0.0005443677494107154,0
6475,0.6117494171439605,1.0,0.9988993871040768,0.0005506095075361941,1
6476,0.620221757007494,0.951229424500714,0.9988968306154649,0.0005518891618819421,0
6477,0.6288731002161201,0.9048374180359595,0.9989123426744777,0.00054412462700016,0
6478,0.6117512206098092,1.0,0.9988886282035394,0.0005559949140232763,1
6479,0.6117506003618114,1.0,0.9988923283851613,0.0005541427682163608,1
6480,0.6117482426752512,1.0,0.9989063937021787,0.0005471023607608568,1
6481,0.6202176377193076,0.951229424500714,0.9989208449198508,0.0005398688936256472,0
6482,0.6117453018939026,1.0,0.9989239380200959,0.0005383206751296117,1
6483,0.6202133742251229,0.951229424500714,0.9989457007716817,0.0005274276963465943,0
6484,0.6288732368148056,0.9048374180359595,0.9989115617263233,0.00054451552639457,0
6485,0.63767733333585,0.8607079764250578,0.9989414533131165,0.0005295536715582398,0
6486,0.6117456581951515,1.0,0.9989218123487419,0.0005393846568477528,1
6487,0.620217634983408,0.951229424500714,0.9989208608696578,0.0005398609101067834,0
6488,0.6288678158944778,0.9048374180359595,0.9989425542977864,0.0005290025961875814,0
6489,0.6376814062987988,0.8607079764250578,0.9989185396510822,0.0005410227745563833,0
6490,0.6117464287693859,1.0,0.9989172151733938,0.000541685730800546,1
6491,0.6202190315166524,0.951229424500714,0.9989127193768962,0.0005439360707418554,0
6492,0.6117454085731105,1.0,0.9989233015777867,0.0005386392391802345,1
6493,0.6117491700926853,1.0,0.9989008609465043,0.0005498717749080379,1
6494,0.6117418947795716,1.0,0.9989442649971036,0.0005281463418188928,1
6495,0.6202223142391983,0.951229424500714,0.9988935821727999,0.0005535151796284678,0
6496,0.6117423807783247,1.0,0.9989413654716864,0.000529597638816583,1
6497,0.6202186832875526,0.951229424500714,0.9989147494698752,0.0005429199204432036,0
6498,0.6288690435988546,0.9048374180359595,0.998935535132705,0.0005325159061931105,0
6499,0.6376824980960483,0.8607079764250578,0.9989123975367851,0.0005440971659790542,0
6500,0.6466181146341943,0.8187307530779818,0.9989256720077397,0.0005374527481169502,0
6501,0.611746375352422,1.0,0.9989175338530882,0.0005415262182610144,1
6502,0.6117473864630565,1.0,0.9989115017048009,0.0005445455698571343,1
6503,0.6117467206582211,1.0,0.9989154737996,0.0005425573622457021,1
6504,0.6117495048486448,1.0,0.9988988638819607,0.0005508714069126011,1
6505,0.6202180626788848,0.951229424500714,0.9989183674856486,0.0005411089504765336,0
6506,0.6117455002868417,1.0,0.9989227544191775,0.0005389131134397899,1
6507,0.6117512493376753,1.0,0.9988884568236817,0.0005560806992988835,1
6508,0.6117472024259398,1.0,0.998912599641102,0.0005439960038065955,1
6509,0.6202161251987282,0.951229424500714,0.9989296627006733,0.0005354552596780934,0
6510,0.6288738499569344,0.9048374180359595,0.99890805634251,0.0005462701311555011,0
6511,0.6376809166713256,0.8607079764250578,0.9989212941599216,0.0005396440309791032,0
6512,0.6466171171140913,0.8187307530779818,0.9989312119232443,0.0005346798190102128,0
6513,0.611745281560119,1.0,0.9989240593304038,0.0005382599546403738,1
6514,0.6117487477987539,1.0,0.9989033802477151,0.0005486107398382292,1
6515,0.6202178282217979,0.951229424500714,0.9989197343251714,0.0005404247911736972,0
6516,0.6288715818117759,0.9048374180359595,0.9989210235975775,0.0005397794582556415,0
6517,0.6117476201157819,1.0,0.9989101077722385,0.0005452432960984637,1
6518,0.6202153811458248,0.951229424500714,0.9989340004644626,0.0005332840585750094,0
6519,0.6117465387234681,1.0,0.9989165591999888,0.0005420140731348746,1
6520,0.611749161006892,1.0,0.9989009151500006,0.0005498446433392795,1
6521,0.6202161744108985,0.951229424500714,0.998929375798942,0.00053559886426967,0
6522,0.6288707837894273,0.9048374180359595,0.9989255860403339,0.0005374957780499778,0
6523,0.6376781911652492,0.8607079764250578,0.9989366272828556,0.0005319692495195469,0
6524,0.6466185211658573,0.8187307530779818,0.9989234142684998,0.0005385828330945549,0
6525,0.6117492407349464,1.0,0.9989004395131651,0.0005500827234839001,1
6526,0.6202167462235301,0.951229424500714,0.9989260422005839,0.0005372674526610712,0
6527,0.6288718894656329,0.9048374180359595,0.9989192646905845,0.0005406598624618143,0
6528,0.6376770610714954,0.8607079764250578,0.9989429850412299,0.0005287869965273702,0
6529,0.6117468636565037,1.0,0.9989146206906511,0.0005429843800142353,1
6530,0.6117452665300318,1.0,0.9989241489991454,0.0005382150719804887,1
6531,0.6117436838139961,1.0,0.998933591470661,0.0005334887737439754,1
6532,0.6202185832572902,0.951229424500714,0.9989153326236442,0.0005426280268662014,0
6533,0.6288734111835796,0.9048374180359595,0.9989105648440509,0.0005450145108933364,0
6534,0.6376809745507891,0.8607079764250578,0.9989209685455468,0.0005398070140037608,0
6535,0.6466216434976528,0.8187307530779818,0.9989060741033307,0.0005472623351594229,0
6536,0.6556607090104941,0.7788007830714049,0.9989113411287661,0.0005446259453696239,0
6537,0.6647797335774686,0.7408182206817179,0.9988941356872503,0.0005532381159317452,0
6538,0.6739434009446084,0.7046880897187134,0.9989082635338346,0.0005461664222597133,0
6539,0.6117487000511767,1.0,0.9989036650985577,0.0005484681580792627,1
6540,0.6117464710753021,1.0,0.9989169627810888,0.0005418120637604387,1
6541,0.6202167087305638,0.951229424500714,0.9989262607795487,0.0005371580456921366,0
6542,0.6288740601267888,0.9048374180359595,0.9989068547880615,0.0005468715654734492,0
6543,0.6117442335950254,1.0,0.9989303114661717,0.0005351305294633887,1
6544,0.6117454751402397,1.0,0.9989229044422493,0.000538838021016554,1
6545,0.6202197949602188,0.951229424500714,0.99890826870273,0.0005461638349873819,0
6546,0.6288705364643006,0.9048374180359595,0.9989270000499932,0.0005367880132883571,0
6547,0.6117472106147218,1.0,0.9989125507880867,0.0005440204569051054,1
6548,0.6202197682793245,0.951229424500714,0.9989084242448144,0.0005460859789533241,0
6549,0.6288736684759,0.9048374180359595,0.9989090938827231,0.0005457507942317178,0
6550,0.637683250097089,0.8607079764250578,0.9989081670393926,0.0005462147222138414,0
6551,0.6117440333561204,1.0,0.9989315060935692,0.0005345325764983607,1
6552,0.6117496824858271,1.0,0.998897804148459,0.0005514018580434046,1
6553,0.6117453130506778,1.0,0.998923871459358,0.0005383539913499933,1
6554,0.6117478831038812,1.0,0.9989085388332931,0.0005460286221079158,1
6555,0.6117474763621766,1.0,0.99891096538154,0.000544814023771217,1
6556,0.6117472117202329,1.0,0.998912544192777,0.0005440237581499634,1
6557,0.6117489919023869,1.0,0.9989019239846179,0.0005493396712782344,1
6558,0.611747151225076,1.0,0.9989129050976708,0.0005438431092879934,1
6559,0.6117455517337385,1.0,0.9989224474902793,0.0005390667434097066,1
6560,0.6117497038317934,1.0,0.9988976768045368,0.0005514656002650116,1
6561,0.6202180079050569,0.951229424500714,0.9989186868062454,0.0005409491173228501,0
6562,0.6288705000402661,0.9048374180359595,0.9989272082940727,0.000536683779416578,0
6563,0.6117505643927791,1.0,0.9988925429643998,0.0005540353596352171,1
6564,0.6202160755244758,0.951229424500714,0.9989299522964132,0.000535310306680547,0
6565,0.6288709168241978,0.9048374180359595,0.998924825453751,0.0005378764805182144,0
6566,0.6117431743392855,1.0,0.9989366310212627,0.0005319673783261902,1
6567,0.6202172924485534,0.951229424500714,0.9989228577896893,0.0005388613724488146,0
6568,0.6288686260349918,0.9048374180359595,0.9989379224667639,0.0005313209686210057,0
6569,0.637680600469013,0.8607079764250578,0.9989230730319458,0.0005387536352838708,0
6570,0.6466182352229847,0.8187307530779818,0.9989250022977658,0.0005377879633472811,0
6571,0.655657853035738,0.7788007830714049,0.9989270469881804,0.0005367645189859729,0
6572,0.6647742852109659,0.7408182206817179,0.9989238911551129,0.0005383441328636463,0
6573,0.6739379145260114,0.7046880897187134,0.998938103590365,0.0005312303105427809,0
6574,0.683139638986422,0.6703200460356393,0.9988852219952714,0.000557699915952134,0
6575,0.6117439170860448,1.0,0.9989321997630359,0.0005341853708983526,1
6576,0.6202189659666216,0.951229424500714,0.9989131015175637,0.0005437447924714536,0
6577,0.6117408836638558,1.0,0.9989502974721659,0.0005251269256917482,1
6578,0.6117453679086526,1.0,0.9989235441796428,0.0005385178075216646,1
6579,0.6202231389821292,0.951229424500714,0.9988887742720552,0.000555921798512182,0
6580,0.6117463696599368,1.0,0.998917567813834,0.000541509219487783,1
6581,0.6202149533219311,0.951229424500714,0.9989364946527535,0.0005320356351677261,0
6582,0.6288687479579415,0.9048374180359595,0.9989372253969981,0.000531669874190248,0
6583,0.6376822423627322,0.8607079764250578,0.9989138362091103,0.0005433770471313749,0
6584,0.6117431664790263,1.0,0.9989366779160552,0.0005319439059707475,1
6585,0.6117457631252853,1.0,0.9989211863433038,0.0005396979975049085,1
6586,0.6117473591101287,1.0,0.9989116648879232,0.0005444638893936218,1
6587,0.6117467722275606,1.0,0.9989151661435763,0.0005427113572928835,1
6588,0.61175007323737,1.0,0.9988954730405099,0.0005525686994657617,1
6589,0.6117506813545461,1.0,0.9988918452097979,0.0005543846238531241,1
6590,0.6117506656889478,1.0,0.9988919386654516,0.0005543378441893453,1
6591,0.611748409585257,1.0,0.9989053979527032,0.0005476007808221012,1
6592,0.611749475213534,1.0,0.9988990406768659,0.0005507829120229236,1
6593,0.6117456659418667,1.0,0.9989217661323894,0.0005394077899663904,1
6594,0.6202173338248652,0.951229424500714,0.9989226165725158,0.000538982111102852,0
6595,0.6117440053676912,1.0,0.9989316730730002,0.0005344489974861634,1
6596,0.620217579475769,0.951229424500714,0.9989211844693798,0.0005396989354788086,0
6597,0.6117431081107267,1.0,0.9989370261450444,0.0005317696061696648,1
6598,0.6117438752059692,1.0,0.9989324496205351,0.0005340603086229096,1
6599,0.6202200056867093,0.951229424500714,0.998907040227976,0.0005467787440575433,0
6600,0.6288688355480667,0.9048374180359595,0.9989367246186077,0.0005319205298386876,0
6601,0.6117443713530457,1.0,0.9989294896016281,0.0005355419019446512,1
6602,0.6117476872657158,1.0,0.9989097071676517,0.0005454438169781732,1
6603,0.6117438054174631,1.0,0.9989328659805832,0.0005338519061621094,1
6604,0.6202182431317771,0.951229424500714,0.9989173154819627,0.0005416355221534498,0
6605,0.6288702828723493,0.9048374180359595,0.9989284498912223,0.0005360623145251712,0
6606,0.6117451573777097,1.0,0.9989248001967532,0.0005378891226097896,1
6607,0.6117474027849337,1.0,0.9989114043311532,0.0005445943097366418,1
6608,0.6117490171590808,1.0,0.9989017733094866,0.0005494150916668434,1
6609,0.6117460970288431,1.0,0.9989191943032205,0.0005406950942212592,1
6610,0.620219946065296,0.951229424500714,0.9989073878034277,0.0005466047662111306,0
6611,0.6288706074103978,0.9048374180359595,0.9989265944359875,0.0005369910381781039,0
6612,0.637679161987049,0.8607079764250578,0.9989311656091542,0.0005347030008322324,0
6613,0.6117476731069982,1.0,0.9989097916360281,0.0005454015366938615,1
6614,0.6202212182370727,0.951229424500714,0.9988999714503952,0.00055031701253866,0
6615,0.628870461899671,0.9048374180359595,0.9989274263521629,0.0005365746332922619,0
6616,0.637687607593715,0.8607079764250578,0.9988836537274882,0.0005584849255707602,0
6617,0.6117468299313696,1.0,0.9989148218902674,0.0005428836709086566,1
6618,0.6117470117355033,1.0,0.9989137372719631,0.000543426569496848,1
6619,0.611746288696174,1.0,0.9989180508349971,0.0005412674472626312,1
6620,0.61174637895842,1.0,0.9989175123400992,0.000541536986411774,1
6621,0.6202199843873033,0.951229424500714,0.9989071643972818,0.0005467165914782692,0
6622,0.6117429824985903,1.0,0.9989377755556594,0.0005313945022770778,1
6623,0.6202198192777529,0.951229424500714,0.9989081269383994,0.0005462347946265439,0
6624,0.6117446049066552,1.0,0.9989280962227782,0.0005362393384685648,1
6625,0.6117469215493497,1.0,0.9989142753098554,0.0005431572580802005,1
6626,0.6117493120432749,1.0,0.9989000141065126,0.000550295660993127,1
6627,0.6117459684841977,1.0,0.998919961188882,0.0005403112366622299,1
6628,0.611749213451831,1.0,0.9989006022770975,0.0005500012519414275,1
6629,0.6117460685199123,1.0,0.9989193643848321,0.000540609961410684,1
6630,0.6117475995200047,1.0,0.9989102306430376,0.0005451817936716737,1
6631,0.6117486724637582,1.0,0.9989038296786784,0.0005483857777091826,1
6632,0.611746675559635,1.0,0.9989157428520598,0.0005424226899782951,1
6633,0.6117457174178424,1.0,0.9989214590304635,0.0005395615066955193,1
6634,0.6117478328959429,1.0,0.9989088383643938,0.0005458786929381618,1
6635,0.6117466903597122,1.0,0.9989156545566599,0.0005424668855996449,1
6636,0.6117493171593018,1.0,0.998899983585657,0.0005503109382259129,1
6637,0.6202204055151559,0.951229424500714,0.9989047093491954,0.0005479454599811548,0
6638,0.6117468203639156,1.0,0.9989148789684235,0.0005428551008277897,1
6639,0.611747870569193,1.0,0.9989086136128685,0.0005459911914675126,1
6640,0.6202176305154515,0.951229424500714,0.9989208869170484,0.0005398478723420649,0
6641,0.6117478087902265,1.0,0.9989089821746037,0.0005458067092926286,1
6642,0.6202156901360772,0.951229424500714,0.9989321990748737,0.0005341857153472835,0
6643,0.6288713410914363,0.9048374180359595,0.9989223998377256,0.0005390905953888885,0
6644,0.6117445307592083,1.0,0.9989285385855006,0.0005360179198168504,1
6645,0.6117475221413569,1.0,0.9989106922706997,0.0005449507280857322,1
6646,0.6202172137016015,0.951229424500714,0.9989233168718497,0.0005386315839064544,0
6647,0.6288725256347896,0.9048374180359595,0.9989156276216652,0.0005424803677164414,0
6648,0.6117453916803524,1.0,0.9989234023590159,0.0005385887942542871,1
6649,0.6202177906928257,0.951229424500714,0.9989199531120769,0.000540315279431147,0
6650,0.628875003050107,0.9048374180359595,0.998901464059491,0.000549569886688638,0
6651,0.6117444807450793,1.0,0.9989288369693226,0.0005358685679033291,1
6652,0.6202179956707967,0.951229424500714,0.9989187581295852,0.0005409134170510862,0
6653,0.6288756802409327,0.9048374180359595,0.9988975925580489,0.0005515077699953716,0
6654,0.63767901504324,0.8607079764250578,0.9989319922868575,0.0005342892198883632,0
6655,0.6117440139688856,1.0,0.9989316217581281,0.000534474682362732,1
6656,0.611743904352231,1.0,0.9989322757332533,0.0005341473451872609,1
6657,0.6202179309179414,0.951229424500714,0.9989191356261663,0.0005407244644927478,0
6658,0.6117465919307999,1.0,0.9989162417713996,0.0005421729595987648,1
6659,0.6117479781990177,1.0,0.9989079715139945,0.0005463125917796864,1
6660,0.6117494514732685,1.0,0.998899182304782,0.0005507120200206371,1
6661,0.6117470351121252,1.0,0.9989135978103992,0.0005434963761119923,1
6662,0.6117494451476152,1.0,0.9988992200419011,0.000550693130667739,1
6663,0.6117480903102497,1.0,0.9989073026805619,0.0005466473741998688,1
6664,0.6117484094710077,1.0,0.998905398634289,0.0005476004396557498,1
6665,0.6117486356424485,1.0,0.9989040493461095,0.0005482758234771387,1
6666,0.6117473431188795,1.0,0.9989117602891358,0.0005444161368187939,1
6667,0.6117476916273056,1.0,0.9989096811471895,0.0005454568414098946,1
6668,0.6117502127148319,1.0,0.9988946409612643,0.0005529851992970943,1
6669,0.6117487249021474,1.0,0.998903516843482,0.0005485423669804075,1
6670,0.6117505300476918,1.0,0.9988927478557893,0.0005539328003709897,1
6671,0.6117477799484399,1.0,0.9989091542393667,0.0005457205829531975,1
6672,0.6117478739317926,1.0,0.9989085935522354,0.0005460012327431279,1
6673,0.6117470440547347,1.0,0.9989135444600854,0.0005435230802811148,1
6674,0.6117487096034657,1.0,0.9989036081118323,0.0005484966827153168,1
6675,0.6117464986597164,1.0,0.9989167982156475,0.0005418944356997092,1
6676,0.6117493314121755,1.0,0.9988998985568138,0.0005503534994673641,1
6677,0.6202182343395243,0.951229424500714,0.9989173667389735,0.0005416098658710998,0
6678,0.6288699074723964,0.9048374180359595,0.998930596140953,0.0005349880396733199,0
6679,0.6376841139950249,0.8607079764250578,0.9989033070773445,0.0005486473651889314,0
6680,0.6466174908324099,0.8187307530779818,0.9989291364038579,0.0005357186901145258,0
6681,0.6556604378116787,0.7788007830714049,0.9989128325197857,0.0005438794377242918,0
6682,0.6647761322978276,0.7408182206817179,0.9989138034463795,0.0005433934463093035,0
6683,0.6739406571315832,0.7046880897187134,0.9989231867280541,0.000538696725945766,0
6684,0.6117444550058304,1.0,0.9989289905294902,0.0005357917054932163,1
6685,0.6117477423742921,1.0,0.9989093783998477,0.0005456083803294694,1
6686,0.6117442074794093,1.0,0.9989304672720889,0.0005350525430897317,1
6687,0.6117492876433824,1.0,0.9989001596697954,0.0005502227992100941,1
6688,0.6117472323748854,1.0,0.9989124209703112,0.0005440854364590801,1
6689,0.6117497514700461,1.0,0.9988973926084516,0.0005516078551386649,1
6690,0.611743245263087,1.0,0.9989362078856254,0.0005321791714038459,1
6691,0.6117446070844474,1.0,0.9989280832301015,0.0005362458417778675,1
6692,0.6117467025961658,1.0,0.9989155815555244,0.0005425034257908819,1
6693,0.6117422595456877,1.0,0.9989420887586008,0.0005292356122365012,1
6694,0.611745502514023,1.0,0.9989227411319527,0.0005389197642167653,1
6695,0.6117429455086909,1.0,0.9989379962400945,0.0005312840427389143,1
6696,0.6202185477521935,0.951229424500714,0.9989155396104306,0.0005425244211059558,0
6697,0.6117429519817961,1.0,0.9989379576210723,0.0005313033727789637,1
6698,0.6117486441399524,1.0,0.9989039986519573,0.0005483011983635268,1
6699,0.6202142765859237,0.951229424500714,0.9989404400022427,0.0005300608641391306,0
6700,0.6288764121917705,0.9048374180359595,0.9988934080163738,0.0005536023543006673,0
6701,0.6117463444212013,1.0,0.9989177183853972,0.0005414338521318294,1
6702,0.6202159217688912,0.951229424500714,0.9989308486762841,0.0005348616368480539,0
6703,0.6288691440919811,0.9048374180359595,0.998934960585426,0.0005328034860338994,0
6704,0.6376813219911563,0.8607079764250578,0.9989190139418797,0.0005407853724730734,0
6705,0.6466149125437992,0.8187307530779818,0.9989434555526935,0.000528551491919095,0
6706,0.6117467687902349,1.0,0.998915186650213,0.0005427010928394291,1
6707,0.6202196251132537,0.951229424500714,0.9989092588631914,0.0005456682139170095,0
6708,0.6288712674176646,0.9048374180359595,0.9989228210440358,0.0005388797650873419,0
6709,0.6376829789114763,0.8607079764250578,0.9989096926330587,0.0005454510922068695,0
6710,0.6466187853950528,0.8187307530779818,0.9989219468323496,0.0005393173424709254,0
6711,0.6556624524913639,0.7788007830714049,0.9989017533476341,0.0005494250835665771,0
6712,0.6647776036436346,0.7408182206817179,0.998905767896564,0.0005474156062333844,0
6713,0.6739414976825321,0.7046880897187134,0.9989186150704474,0.0005409850240495779,0
6714,0.61174345501355,1.0,0.998934956503401,0.0005328055292224645,1
6715,0.6202213751304375,0.951229424500714,0.9988990568178845,0.0005507748326185903,0
6716,0.628876193239311,0.9048374180359595,0.9988946597587325,0.0005529757901626289,0
6717,0.6376822505484033,0.8607079764250578,0.9989137901591502,0.0005434000971481194,0
6718,0.6117454819350546,1.0,0.9989228639048006,0.0005388583115962222,1
6719,0.6202159689084332,0.951229424500714,0.9989305738572883,0.0005349991934336291,0
6720,0.61174619551692,1.0,0.998918606732909,0.0005409891973317236,1
6721,0.6202175214726346,0.951229424500714,0.998921522617559,0.0005395296788211632,0
6722,0.6288707510663997,0.9048374180359595,0.9989257731245952,0.0005374021353170542,0
6723,0.6376839826777785,0.8607079764250578,0.9989040458163891,0.0005482775902736963,0
6724,0.6466185593738561,0.8187307530779818,0.9989232020745298,0.000538689044436463,0
6725,0.6117463330207976,1.0,0.9989177863989827,0.0005413998084954815,1
6726,0.611744795993579,1.0,0.9989269562019807,0.0005368099608448413,1
6727,0.6202152938868077,0.951229424500714,0.9989345091787105,0.0005330294300819631,0
6728,0.6288730154643547,0.9048374180359595,0.9989128272090937,0.0005438820959602924,0
6729,0.637680822185521,0.8607079764250578,0.9989218257120716,0.0005393779679711281,0
6730,0.6117450195688134,1.0,0.9989256223590407,0.0005374775991652543,1
6731,0.6202139800061645,0.951229424500714,0.9989421690598446,0.0005291954190954557,0
6732,0.6288751070905445,0.9048374180359595,0.9989008692587577,0.0005498676142081852,0
6733,0.6376814062582552,0.8607079764250578,0.998918539879169,0.0005410226603895736,0
6734,0.6117497240657155,1.0,0.9988975560947742,0.0005515260217539589,1
6735,0.6117441273695828,1.0,0.9989309452080041,0.0005348133193316885,1
6736,0.6202155950554379,0.951229424500714,0.9989327533872511,0.000533908262971573,0
6737,0.6288719029575611,0.9048374180359595,0.9989191875551393,0.0005406984719125024,0
6738,0.6376737000812233,0.8607079764250578,0.998961893837518,0.000519322683942462,0
6739,0.6466171618522649,0.8187307530779818,0.998930963460576,0.0005348041832788511,0
6740,0.6556641311724195,0.7788007830714049,0.9988925220162714,0.0005540458453119595,0
6741,0.664774384225546,0.7408182206817179,0.9989233503924859,0.0005386148055236136,0
6742,0.6739415943637805,0.7046880897187134,0.998918089233941,0.0005412482269956778,0
6743,0.6831386952258136,0.6703200460356393,0.9988903471519365,0.00055513448430696,0
6744,0.692322548431477,0.6376281516217733,0.9989460615223568,0.000527247130671401,0
6745,0.7015026530200849,0.6065306597126334,0.9989113616558498,0.0005446156706421616,0
6746,0.6117437301817735,1.0,0.9989333148389612,0.0005336272372716842,1
6747,0.61175176235072,1.0,0.998885396384416,0.0005576126240764183,1
6748,0.6202180562323135,0.951229424500714,0.9989184050678782,0.0005410901390149535,0
6749,0.6288762295396096,0.9048374180359595,0.9988944522312457,0.0005530796687379626,0
6750,0.6376810499147743,0.8607079764250578,0.9989205445681358,0.0005400192317438859,0
6751,0.6117489340206232,1.0,0.9989022692928998,0.0005491668273713303,1
6752,0.6202182068728735,0.951229424500714,0.9989175268638745,0.0005415297166547731,0
6753,0.6288755105395512,0.9048374180359595,0.9988985627393103,0.0005510221442427797,0
6754,0.6117448940406589,1.0,0.9989263712558033,0.0005371027481928472,1
6755,0.6202187662166133,0.951229424500714,0.9989142660126057,0.0005431619117577265,0
6756,0.611748427202447,1.0,0.9989052928523934,0.000547653388564273,1
6757,0.6117473952209707,1.0,0.9989114494565167,0.0005445717224670065,1
6758,0.6202202643344904,0.951229424500714,0.9989055323888419,0.0005475334890995638,0
6759,0.6117444243738279,1.0,0.9989291732798358,0.0005357002323602296,1
6760,0.6202206499882247,0.951229424500714,0.9989032841490466,0.0005486588419244729,0
6761,0.6288716002187119,0.9048374180359595,0.9989209183620216,0.0005398321328710826,0
6762,0.6117480931733958,1.0,0.9989072855996072,0.0005466559240196601,1
6763,0.611747035848335,1.0,0.9989135934182783,0.000543498574560846,1
6764,0.620219764666681,0.951229424500714,0.9989084453055084,0.0005460754370992144,0
6765,0.611746768902044,1.0,0.9989151859831744,0.000542701426720914,1
6766,0.6202224964141306,0.951229424500714,0.9988925201675364,0.0005540467707043164,0
6767,0.62887377176375,0.9048374180359595,0.9989085033784273,0.0005460463689111057,0
6768,0.6117464030792655,1.0,0.9989173684377898,0.0005416090155423434,1
6769,0.6202194599742828,0.951229424500714,0.9989102215786986,0.0005451863307856164,0
6770,0.6288717722363666,0.9048374180359595,0.9989199349088163,0.0005403243909023768,0
6771,0.6376830477939864,0.8607079764250578,0.9989093051243065,0.0005456450581029984,0
6772,0.6117474059983834,1.0,0.9989113851602395,0.0005446039056396726,1
6773,0.6202206090828739,0.951229424500714,0.9989035226140153,0.0005485394785466885,0
6774,0.6117465608887316,1.0,0.998916426964655,0.0005420802625183889,1
6775,0.6202198229759885,0.951229424500714,0.9989081053787366,0.0005462455862411229,0
6776,0.6288706542400571,0.9048374180359595,0.9989263267009356,0.0005371250495705587,0
6777,0.6117488706720434,1.0,0.9989026472150596,0.0005489776586708664,1
6778,0.6202194285572952,0.951229424500714,0.998910404731384,0.0005450946545444804,0
6779,0.6288699858927365,0.9048374180359595,0.9989301477929272,0.0005352124537257933,0
6780,0.6376790071126713,0.8607079764250578,0.9989320369027416,0.000534266888096283,0
6781,0.6117456200701857,1.0,0.9989220397996202,0.0005392708086718634,1
6782,0.6202178996661566,0.951229424500714,0.9989193178180799,0.0005406332699753861,0
6783,0.611746593143471,1.0,0.998916234536751,0.0005421765808475603,1
6784,0.6117458893193847,1.0,0.9989204334793944,0.0005400748361401182,1
6785,0.620215534712365,0.951229424500714,0.9989331051826749,0.0005337321773638894,0
6786,0.6288728651404811,0.9048374180359595,0.9989136866270236,0.0005434519195040388,0
6787,0.6376839334597726,0.8607079764250578,0.9989043226976639,0.0005481389977643938,0
6788,0.6466220785067169,0.8187307530779818,0.9989036582686245,0.0005484715767939074,0
6789,0.6556562537131625,0.7788007830714049,0.9989358422672543,0.0005323621753010086,0
6790,0.6647725031910486,0.7408182206817179,0.9989336236134074,0.0005334726852140234,0
6791,0.6739426972176594,0.7046880897187134,0.998912090978436,0.0005442506120654476,0
6792,0.6831307584240444,0.6703200460356393,0.9989334495429347,0.0005335598133694176,0
6793,0.6117561482534879,1.0,0.998859232342427,0.0005707094141336885,1
6794,0.6202191289102182,0.951229424500714,0.9989121515965815,0.0005442202699841979,0
6795,0.628874132351785,0.9048374180359595,0.9989064418736094,0.0005470782486769379,0
6796,0.6376793034494358,0.8607079764250578,0.9989303697697149,0.0005351013464759123,0
6797,0.6117438191791092,1.0,0.9989327838782227,0.0005338930011979386,1
6798,0.6202196098466033,0.951229424500714,0.9989093478635759,0.0005456236651355431,0
6799,0.6288665316914276,0.9048374180359595,0.9989498965547906,0.0005253275950627488,0
6800,0.6117425983020843,1.0,0.9989400677035734,0.0005302472109541386,1
6801,0.6117451615042752,1.0,0.9989247755778473,0.0005379014453122273,1
6802,0.6117418316257008,1.0,0.9989446417814112,0.0005279577505983074,1
6803,0.6117458130659896,1.0,0.9989208884009518,0.0005398471295888396,1
6804,0.6117441709866214,1.0,0.9989306849883339,0.0005349435684271265,1
6805,0.6117426553389941,1.0,0.9989397274161863,0.00053041753520877,1
6806,0.6117450545892285,1.0,0.998925413428569,0.0005375821767678572,1
6807,0.6202151806808023,0.951229424500714,0.9989351691627198,0.0005326990862079186,0
6808,0.6117473791874264,1.0,0.9989115451100238,0.0005445238435971744,1
6809,0.6117471672473318,1.0,0.9989128095113138,0.0005438909544810419,1
6810,0.6202188007779484,0.951229424500714,0.9989140645281032,0.0005432627635173114,0
6811,0.6117462081768029,1.0,0.9989185312053136,0.0005410270020125537,1
6812,0.6117457850163777,1.0,0.9989210557427352,0.0005397633683164515,1
6813,0.620220725022732,0.951229424500714,0.9989028467223421,0.0005488777954544462,0
6814,0.6288735018594824,0.9048374180359595,0.9989100464421322,0.0005452739946106354,0
6815,0.6117481631819853,1.0,0.9989068679425621,0.0005468649810254578,1
6816,0.6117462087753419,1.0,0.99891852763449,0.0005410287893573642,1
6817,0.6202196335447077,0.951229424500714,0.998909209710132,0.0005456928172832274,0
6818,0.6288740139747105,0.9048374180359595,0.9989071186422659,0.0005467394940154322,0
6819,0.6117508165166046,1.0,0.9988910388792825,0.0005547882365388346,1
6820,0.611749832574456,1.0,0.998896908763196,0.0005518500448651847,1
6821,0.6202198740637729,0.951229424500714,0.998907807551538,0.0005463946626383955,0
6822,0.6288711373750528,0.9048374180359595,0.9989235645218134,0.0005385076254759645,0
6823,0.6376815432920739,0.8607079764250578,0.9989177689665324,0.0005414085341637147,0
6824,0.6466172493537083,0.8187307530779818,0.9989304775034925,0.0005350474219107113,0
6825,0.6117441440846616,1.0,0.9989308454856721,0.0005348632338614946,1
6826,0.6202166112871438,0.951229424500714,0.9989268288619366,0.0005368736992650567,0
6827,0.6117454119506677,1.0,0.9989232814274756,0.0005386493251955797,1
6828,0.6117436703130585,1.0,0.9989336720177243,0.0005334484572200025,1
6829,0.6202168912159595,0.951229424500714,0.9989251969148083,0.0005376905501165357,0
6830,0.6288741006125831,0.9048374180359595,0.9989066233284216,0.0005469874219547842,0
6831,0.6376864749882969,0.8607079764250578,0.9988900251804392,0.0005552956489182997,0
6832,0.6466179691299258,0.8187307530779818,0.9989264800907136,0.0005370482722537273,0
6833,0.6117459636771929,1.0,0.9989199898670522,0.0005402968820738395,1
6834,0.6117502692170141,1.0,0.9988943038870788,0.0005531539229185063,1
6835,0.6117437502693674,1.0,0.9989331949957443,0.0005336872228694764,1
6836,0.6117459371839672,1.0,0.9989201479233433,0.0005402177684910649,1
6837,0.6117466671480358,1.0,0.9989157930346088,0.0005423975714694976,1
6838,0.6117461777623133,1.0,0.9989187126551313,0.0005409361788895701,1
6839,0.611744190372656,1.0,0.9989305693310974,0.0005350014589519647,1
6840,0.6117431028480742,1.0,0.9989370575423732,0.0005317538908004933,1
6841,0.6117525521962388,1.0,0.9988806844961442,0.0005599712026491779,1
6842,0.6117512520527826,1.0,0.9988884406263554,0.0005560888069740654,1
6843,0.6117506610008003,1.0,0.9988919666333541,0.0005543238447260064,1
6844,0.6117472707287364,1.0,0.9989121921572203,0.0005441999675792784,1
6845,0.6117481002929629,1.0,0.9989072431257023,0.0005466771842038339,1
6846,0.6117473234189322,1.0,0.9989118778158612,0.0005443573094412469,1
6847,0.6117408792876735,1.0,0.9989503235812748,0.0005251138574196727,1
6848,0.6202176205561138,0.951229424500714,0.9989209449782176,0.0005398188103971875,0
6849,0.6288710657188303,0.9048374180359595,0.9989239741940735,0.0005383025686574762,0
6850,0.6376794303069211,0.8607079764250578,0.9989296560952614,0.000535458565922852,0
6851,0.6117478312974403,1.0,0.9989088479007612,0.0005458739195459717,1
6852,0.6202194294130486,0.951229424500714,0.9989103997425683,0.00054509715167322,0
6853,0.6117469576982689,1.0,0.9989140596504416,0.0005432652049993825,1
6854,0.6117469810548491,1.0,0.9989139203083768,0.0005433349517774812,1
6855,0.6117504013325477,1.0,0.9988935157281691,0.0005535484387434451,1
6856,0.6202173944053145,0.951229424500714,0.9989222633984919,0.0005391588886031386,0
6857,0.6288733917916096,0.9048374180359595,0.9989106757096559,0.0005449590176376254,0
6858,0.6376833897563322,0.8607079764250578,0.9989073813674072,0.0005466079877412749,0
6859,0.6466238044313022,0.8187307530779818,0.9988940733699831,0.0005532693090616425,0
6860,0.6556615115019638,0.7788007830714049,0.9989069280400072,0.0005468348994206388,0
6861,0.6117501931994083,1.0,0.9988947573841616,0.000552926923436146,1
6862,0.6202230974045426,0.951229424500714,0.9988890166509232,0.0005558004742742993,0
6863,0.6117511105612528,1.0,0.9988892847130613,0.000555666294151375,1
6864,0.6202251835690568,0.951229424500714,0.9988768553415162,0.00056188792905452,0
6865,0.6117503716158833,1.0,0.9988936930081789,0.0005534597005589774,1
6866,0.6117442953599164,1.0,0.9989299429766197,0.0005353149715689644,1
6867,0.6202208667067705,0.951229424500714,0.998902020751353,0.0005492912347259493,0
6868,0.6117501402792429,1.0,0.9988950730893752,0.0005527688961958223,1
6869,0.6202194752926702,0.951229424500714,0.998910132276591,0.0005452310305542298,0
6870,0.61175095369684,1.0,0.9988902205100127,0.0005551978756151792,1
6871,0.6202220172692432,0.951229424500714,0.9988953133894926,0.0005526486132477009,0
6872,0.6117489373030095,1.0,0.9989022497109906,0.0005491766290856407,1
6873,0.6202251891409729,0.951229424500714,0.9988768228602777,0.0005619041879350918,0
6874,0.6117470956108542,1.0,0.9989132368838208,0.000543677035702769,1
6875,0.6117511674988948,1.0,0.9988889450437897,0.0005558363176637538,1
6876,0.6202169144298474,0.951229424500714,0.9989250615811527,0.000537758289755675,0
6877,0.6117508317774499,1.0,0.9988909478383714,0.0005548338075329609,1
6878,0.6202205913676527,0.951229424500714,0.9989036258880516,0.0005484877848501801,0
6879,0.6288706619616639,0.9048374180359595,0.9989262825548882,0.0005371471463194565,0
6880,0.6376862191946013,0.8607079764250578,0.9988914641508757,0.000554575364720989,0
6881,0.6117498056977008,1.0,0.9988970691020405,0.0005517697869175548,1
6882,0.6202173951885561,0.951229424500714,0.9989222588323233,0.0005391611741506338,0
6883,0.6288749482415732,0.9048374180359595,0.9989017774008893,0.0005494130437164107,0
6884,0.6117425326945463,1.0,0.9989404591243228,0.0005300512929579239,1
6885,0.6202216074033303,0.951229424500714,0.9988977027517293,0.000551452612352026,0
6886,0.6117460556196268,1.0,0.9989194413467417,0.0005405714388284607,1
6887,0.611748594418825,1.0,0.9989042952768148,0.0005481527232278834,1
6888,0.6202173311817922,0.951229424500714,0.9989226319811997,0.0005389743984514867,0
6889,0.6117493651428272,1.0,0.9988996973287849,0.0005504542242994703,1
6890,0.620217289404023,0.951229424500714,0.9989228755388099,0.0005388524883191624,0
6891,0.6288753132772533,0.9048374180359595,0.9988996904876869,0.0005504576486163088,0
6892,0.6117446974473912,1.0,0.9989275441263384,0.0005365156829794397,1
6893,0.6202180999436517,0.951229424500714,0.9989181502395021,0.0005412176911790111,0
6894,0.6288749384148863,0.9048374180359595,0.9989018335802538,0.0005493849231523069,0
6895,0.637677242454302,0.8607079764250578,0.9989419646019723,0.0005292977562974941,0
6896,0.6117490940892628,1.0,0.9989013143634331,0.0005496448170368252,1
6897,0.6202182940925156,0.951229424500714,0.9989170183915006,0.0005417842284085437,0
6898,0.6117510276850058,1.0,0.9988897791229292,0.000555418814399058,1
6899,0.6117465401574478,1.0,0.998916550645035,0.0005420183552511881,1
6900,0.6117490774877646,1.0,0.9989014134037557,0.0005495952424110467,1
6901,0.6202187606738314,0.951229424500714,0.9989142983257333,0.0005431457376333638,0
6902,0.6288651196114686,0.9048374180359595,0.9989579700151606,0.0005212866377668172,0
6903,0.6376820828259395,0.8607079764250578,0.9989147337124872,0.0005429278076969834,0
6904,0.6117469600456332,1.0,0.9989140456463959,0.0005432722146343267,1
6905,0.620214535021834,0.951229424500714,0.9989389333264492,0.0005308150016579302,0
6906,0.6117473015494195,1.0,0.9989120082858907,0.0005442920033698149,1
6907,0.6202159028682483,0.951229424500714,0.9989309588652439,0.0005348064834038653,0
6908,0.6288703426594213,0.9048374180359595,0.9989281080750614,0.0005362334059679381,0
6909,0.6376830258465098,0.8607079764250578,0.9989094285930621,0.0005455832563221528,0
6910,0.6466174685964419,0.8187307530779818,0.9989292598956034,0.0005356568780533386,0
6911,0.6556601321295318,0.7788007830714049,0.9989145135465001,0.0005430380103018368,0
6912,0.6647738487800088,0.7408182206817179,0.9989262747024032,0.0005371510767821374,0
6913,0.6739390564250706,0.7046880897187134,0.9989318928433326,0.0005343389948132349,0
6914,0.6831348643650833,0.6703200460356393,0.9989111511748722,0.0005447210258358023,0
6915,0.6117449176044555,1.0,0.9989262306749186,0.0005371731141871061,1
6916,0.6117498000149422,1.0,0.9988971030037177,0.0005517528173630044,1
6917,0.6202183667999895,0.951229424500714,0.9989165945223313,0.0005419963928083301,0
6918,0.6288717750257953,0.9048374180359595,0.9989199189612048,0.000540332373329743,0
6919,0.637683761835085,0.8607079764250578,0.9989052881918848,0.0005476557213722707,0
6920,0.6466180569493868,0.8187307530779818,0.9989259923701409,0.0005372923946698767,0
6921,0.6556590297767547,0.7788007830714049,0.9989205757024571,0.0005400036477612561,0
6922,0.664777008313498,0.7408182206817179,0.998909019200391,0.0005457881761793374,0
6923,0.6739377141219778,0.7046880897187134,0.9989391935847468,0.0005306847343037234,0
6924,0.6117462647650277,1.0,0.9989181936057276,0.0005411959845834632,1
6925,0.6117483006640403,1.0,0.998906047753269,0.0005472755246187534,1
6926,0.6117480554040732,1.0,0.9989075109238339,0.0005465431386768411,1
6927,0.6202162074369011,0.951229424500714,0.9989291832609168,0.0005356952364699832,0
6928,0.6288705915912646,0.9048374180359595,0.9989266848773348,0.0005369457689142247,0
6929,0.6117453521869667,1.0,0.9989236379743558,0.0005384708596300812,1
6930,0.6202134228306992,0.951229424500714,0.9989454173998435,0.0005275695318228233,0
6931,0.628869525981892,0.9048374180359595,0.9989327772182018,0.0005338963347660176,0
6932,0.637678758347817,0.8607079764250578,0.9989334364082213,0.00053356638773803,0
6933,0.6466191372688792,0.8187307530779818,0.9989199926528072,0.0005402954876904142,0
6934,0.6117422579486176,1.0,0.9989420982868978,0.0005292308430426024,1
6935,0.6117433508871322,1.0,0.9989355777267581,0.0005324945864729792,1
6936,0.6117480505364208,1.0,0.9989075399632804,0.0005465286030738136,1
6937,0.6117425016374196,1.0,0.9989406444141448,0.0005299585497903724,1
6938,0.6117453598762503,1.0,0.9989235921005112,0.0005384938212679422,1
6939,0.6117443971188625,1.0,0.9989293358828407,0.0005356188437112226,1
6940,0.6117482613804138,1.0,0.9989062821110966,0.000547158217390171,1
6941,0.611747328915734,1.0,0.9989118450228215,0.0005443737238222497,1
6942,0.6117454720784262,1.0,0.9989229227088413,0.0005388288778725625,1
6943,0.6117472108364297,1.0,0.9989125494654115,0.0005440211189626749,1
6944,0.6117421414666784,1.0,0.9989427932313891,0.0005288830029372004,1
6945,0.6117448187741831,1.0,0.9989268202934785,0.0005368779880968362,1
6946,0.6202176965858643,0.951229424500714,0.9989205017384024,0.0005400406697524133,0
6947,0.6288724933857411,0.9048374180359595,0.998915811993598,0.0005423880816861082,0
6948,0.6117430669671208,1.0,0.9989372716105243,0.0005316467428443008,1
6949,0.6202190991140418,0.951229424500714,0.9989123253008451,0.0005441333232751402,0
6950,0.6117445911146246,1.0,0.9989281785058343,0.0005361981527951599,1
6951,0.6202235268316554,0.951229424500714,0.9988865132855688,0.0005570535506669668,0
6952,0.6117426523362541,1.0,0.9989397453308013,0.0005304085683941166,1
6953,0.6202210799177353,0.951229424500714,0.9989007778039223,0.0005499133919437194,0
6954,0.6117483679405264,1.0,0.9989056463961389,0.0005474764229973237,1
6955,0.6202178346431649,0.951229424500714,0.9989196968898065,0.0005404435290984076,0
6956,0.6288692246722818,0.9048374180359595,0.998934499885659,0.0005330340815638734,0
6957,0.6376818028114121,0.8607079764250578,0.9989163089878875,0.0005421393148932011,0
6958,0.6466164568612272,0.8187307530779818,0.9989348787824351,0.000532844431139143,0
6959,0.6556620029502848,0.7788007830714049,0.998904225461689,0.0005481876690823159,0
6960,0.6647745076207223,0.7408182206817179,0.9989226764770432,0.000538952126535126,0
6961,0.6739429087026807,0.7046880897187134,0.9989109407477255,0.000544826354106789,0
6962,0.6831339882270382,0.6703200460356393,0.9989159092257414,0.0005423394128506302,0
6963,0.6923275085761946,0.6376281516217733,0.9989190965611363,0.0005407440181429922,0
6964,0.6117480022927267,1.0,0.9989078277756356,0.0005463845395332998,1
6965,0.6202166965842161,0.951229424500714,0.9989263315911413,0.0005371226018396441,0
6966,0.6288738817084114,0.9048374180359595,0.9989078748171678,0.0005463609930508996,0
6967,0.6117479920128035,1.0,0.9989078891036443,0.0005463538420028858,1
6968,0.6117508147372025,1.0,0.9988910494945793,0.00055478292299802,1
6969,0.6117449394303298,1.0,0.9989261004624511,0.0005372382904092847,1
6970,0.611750590431726,1.0,0.9988923876247289,0.0005541131155881108,1
6971,0.6117465458711817,1.0,0.9989165165575742,0.0005420354174679076,1
6972,0.6117472482076448,1.0,0.9989123265145291,0.0005441327157723487,1
6973,0.6117449446808485,1.0,0.9989260691380281,0.0005372539694588113,1
6974,0.6117475997052089,1.0,0.9989102295381418,0.0005451823467223026,1
6975,0.6117504192179748,1.0,0.9988934090295181,0.0005536018471673553,1
6976,0.6117461726121326,1.0,0.9989187433806023,0.0005409207995248444,1
6977,0.6202157817144502,0.951229424500714,0.9989316651808382,0.0005344529477874047,0
6978,0.6288751127921328,0.9048374180359595,0.9989008366627062,0.0005498839301675417,0
6979,0.6117473787082061,1.0,0.998911547968974,0.0005445224125644674,1
6980,0.6117465703844658,1.0,0.9989163703142385,0.0005421086184531913,1
6981,0.6117456424096784,1.0,0.9989219065237603,0.0005393375185167735,1
6982,0.6117446719886209,1.0,0.9989276960128789,0.0005364396581817269,1
6983,0.6117444054909668,1.0,0.9989292859348993,0.0005356438444499497,1
6984,0.620218560801602,0.951229424500714,0.9989154635352857,0.0005425624999748367,0
6985,0.6288717534199186,0.9048374180359595,0.9989200424854782,0.0005402705444165912,0
6986,0.6117490548923861,1.0,0.9989015482020694,0.0005495277691335144,1
6987,0.6117477852784119,1.0,0.998909122441736,0.0005457364991308457,1
6988,0.6117511017024874,1.0,0.9988893375612509,0.0005556398406749798,1
6989,0.6117466785753678,1.0,0.9989157248605762,0.0005424316954844267,1
6990,0.6202225850296289,0.951229424500714,0.9988920035760473,0.000554305352890158,0
6991,0.6117483480156112,1.0,0.9989057652638976,0.0005474169240085661,1
6992,0.620219019205196,0.951229424500714,0.998912791149664,0.0005439001452981682,0
6993,0.6117456314134923,1.0,0.9989219721262391,0.0005393046818775277,1
6994,0.620219159105406,0.951229424500714,0.9989119755662249,0.0005443083810216788,0
6995,0.6288725654599164,0.9048374180359595,0.9989153999363877,0.0005425943339499917,0
6996,0.6376808769832759,0.8607079764250578,0.9989215174343495,0.0005395322732238647,0
6997,0.6117459549345556,1.0,0.9989200420248655,0.0005402707749719518,1
6998,0.6202164723701904,0.951229424500714,0.9989276387303943,0.0005364683301700016,0
6999,0.6288734642037705,0.9048374180359595,0.9989102617230248,0.0005451662367248521,0
7000,0.6376815497926656,0.8607079764250578,0.9989177323961033,0.0005414268391888821,0
7001,0.6466187248852622,0.8187307530779818,0.9989222828822409,0.0005391491362181958,0
7002,0.6556563712519267,0.7788007830714049,0.9989351958741067,0.0005326857162779517,0
7003,0.6647765788579153,0.7408182206817179,0.9989113646131889,0.0005446141903611777,0
7004,0.6739399531574908,0.7046880897187134,0.9989270155772245,0.0005367802413335044,0
7005,0.6831339660235138,0.6703200460356393,0.9989160298069191,0.0005422790568339968,0
7006,0.6923323286008153,0.6376281516217733,0.9988928940046035,0.0005538596449677713,0
7007,0.6117461098690229,1.0,0.998919117699924,0.0005407334373123817,1
7008,0.61174346785913,1.0,0.9989348798660759,0.0005328438887410719,1
7009,0.6202187816513954,0.951229424500714,0.998914176031428,0.0005432069512494925,0
7010,0.6288714843080524,0.9048374180359595,0.9989215810430536,0.000539500434535342,0
7011,0.6117462172525538,1.0,0.9989184770602961,0.0005410541038318125,1
7012,0.611743288207876,1.0,0.9989359516745778,0.0005323074133668959,1
7013,0.6117496230173699,1.0,0.9988981589203719,0.0005512242763886674,1
7014,0.6117540477876574,1.0,0.9988717625140126,0.000564437212511971,1
7015,0.6117415587116088,1.0,0.9989462700252619,0.0005271427692391749,1
7016,0.6117492097109375,1.0,0.9989006245942926,0.000549990081062764,1
7017,0.6117507094375646,1.0,0.998891677676055,0.000554468483661225,1
7018,0.6117482648214108,1.0,0.998906261582831,0.0005471684927614339,1
7019,0.6117486647864108,1.0,0.9989038754799543,0.0005483628519412385,1
7020,0.6117545669818426,1.0,0.9988686652780766,0.00056598758206588,1
7021,0.6117454119443784,1.0,0.9989232814649971,0.0005386493064145508,1
7022,0.6117559152064611,1.0,0.9988606225553951,0.0005700135142733112,1
7023,0.620212626470781,0.951229424500714,0.998950060214363,0.0005252456792632299,0
7024,0.6288674646135337,0.9048374180359595,0.9989445626917368,0.0005279973372151175,0
7025,0.611745606673639,1.0,0.9989221197225001,0.0005392308041102,1
7026,0.6117453539857719,1.0,0.9989236272427818,0.0005384762311988339,1
7027,0.6117434035511919,1.0,0.9989352635303016,0.0005326518521229647,1
7028,0.6202185339463608,0.951229424500714,0.9989156200953695,0.0005424841349493922,0
7029,0.6117488876977885,1.0,0.9989025456436009,0.0005490285001939028,1
7030,0.6202248412058969,0.951229424500714,0.9988788511352767,0.0005608889111294988,0
7031,0.6288758328577362,0.9048374180359595,0.9988967200502556,0.0005519445055430672,0
7032,0.6376862352225948,0.8607079764250578,0.9988913739851318,0.0005546204976263786,0
7033,0.6466227955493534,0.8187307530779818,0.998899676168424,0.0005504648161342627,0
7034,0.6556685504274412,0.7788007830714049,0.9988682203132745,0.0005662103165037464,0
7035,0.6647792323340664,0.7408182206817179,0.9988968731147058,0.0005518678887941495,0
7036,0.6739424700094861,0.7046880897187134,0.998913326726228,0.0005436320656293865,0
7037,0.6117436088347791,1.0,0.9989340387994023,0.0005332648706511795,1
7038,0.6202184733450397,0.951229424500714,0.9989159733877242,0.0005423072970437708,0
7039,0.6288751525503082,0.9048374180359595,0.9989006093647617,0.00054999770420902,0
7040,0.6376811527259303,0.8607079764250578,0.9989199661807341,0.0005403087380375839,0
7041,0.6466211626949612,0.8187307530779818,0.9989087442625356,0.000545925795265745,0
7042,0.6556616168994589,0.7788007830714049,0.9989063484361586,0.0005471250185501526,0
7043,0.6647835473469458,0.7408182206817179,0.9988733079206593,0.0005636636370094536,0
7044,0.6739494747015146,0.7046880897187134,0.99887523010342,0.0005627014624793605,0
7045,0.6117484804310651,1.0,0.9989049753021796,0.0005478123376991555,1
7046,0.6202262631133049,0.951229424500714,0.9988705622142566,0.0005650380406273195,0
7047,0.6117425730850273,1.0,0.9989402181508829,0.0005301719074884489,1
7048,0.6117506883319392,1.0,0.9988918035850385,0.0005544054593222193,1
7049,0.6202213629265543,0.951229424500714,0.9988991279621402,0.0005507392212859458,0
7050,0.6288742004041576,0.9048374180359595,0.9989060528144966,0.0005472729912335104,0
7051,0.6376826520688779,0.8607079764250578,0.9989115313370948,0.0005445307375655406,0
7052,0.6466240861590593,0.8187307530779818,0.998892508809438,0.0005540524560499065,0
7053,0.6556606054662945,0.7788007830714049,0.9989119105442562,0.0005443409274183582,0
7054,0.611740503760708,1.0,0.9989525640480817,0.0005239924481555758,1
7055,0.6202237233266195,0.951229424500714,0.9988853678120051,0.000557626926223258,0
7056,0.6117395140320194,1.0,0.9989584689977254,0.0005210368862981627,1
7057,0.6202174400197497,0.951229424500714,0.9989219974739787,0.0005392919943303509,0
7058,0.6288726060559948,0.9048374180359595,0.9989151678435547,0.0005427105063805858,0
7059,0.637680729867776,0.8607079764250578,0.9989223450676441,0.0005391180099722971,0
7060,0.6466122099073879,0.8187307530779818,0.9989584655674094,0.0005210386032444738,0
7061,0.6117506666644363,1.0,0.9988919328460167,0.0005543407571344918,1
7062,0.6202182607567185,0.951229424500714,0.9989172127322213,0.0005416869527098654,0
7063,0.6288715678412982,0.9048374180359595,0.9989211034691645,0.000539739479327441,0
7064,0.611741013524161,1.0,0.9989495227021479,0.0005255147179174527,1
7065,0.6202195075758865,0.951229424500714,0.9989099440740962,0.000545325234480347,0
7066,0.6288731722637224,0.9048374180359595,0.9989119307711283,0.0005443308029661684,0
7067,0.6376749124832448,0.8607079764250578,0.9989550728592121,0.0005227367288800122,0
7068,0.6117514823391588,1.0,0.9988870668243637,0.0005567764728237198,1
7069,0.611743359753292,1.0,0.9989355248307875,0.000532521062640784,1
7070,0.6117514580880014,1.0,0.9988872114975231,0.0005567040556537821,1
7071,0.6202221504369226,0.951229424500714,0.9988945370743717,0.0005530372002258333,0
7072,0.6288742151384428,0.9048374180359595,0.998905968577815,0.0005473151557018118,0
7073,0.637687506628199,0.8607079764250578,0.9988842217051924,0.0005582006194152865,0
7074,0.6466203320857211,0.8187307530779818,0.9989133571086477,0.0005436168578939121,0
7075,0.6117503306760623,1.0,0.9988939372419886,0.0005533374484206887,1
7076,0.6202189538614259,0.951229424500714,0.9989131720879207,0.0005437094689010625,0
7077,0.6117455679757098,1.0,0.9989223505917456,0.0005391152449418358,1
7078,0.6202176211763619,0.951229424500714,0.9989209413622813,0.0005398206203183614,0
7079,0.6117505012894274,1.0,0.998892919418096,0.0005538469241383585,1
7080,0.6202169003693664,0.951229424500714,0.9989251435517486,0.0005377172603553555,0
7081,0.6288697514546175,0.9048374180359595,0.9989314881330899,0.0005345415663437095,0
7082,0.6376777143425425,0.8607079764250578,0.9989393098181355,0.0005306265558967534,0
7083,0.6466194280951068,0.8187307530779818,0.998918377513016,0.0005411039313639573,0
7084,0.6556545635644114,0.7788007830714049,0.9989451371319957,0.0005277098137052218,0
7085,0.6117461130595839,1.0,0.9989190986653406,0.0005407429649023995,1
7086,0.6202181825031887,0.951229424500714,0.9989176689341341,0.0005414586045530559,0
7087,0.6117444730153314,1.0,0.9989288830849369,0.0005358454853715464,1
7088,0.6202174966749143,0.951229424500714,0.998921667184003,0.0005394573175643962,0
7089,0.6288733338521272,0.9048374180359595,0.9989110069548905,0.0005447932144343043,0
7090,0.6117494160377054,1.0,0.9988993937036947,0.0005506062040914319,1
7091,0.620226852157493,0.951229424500714,0.9988671284464236,0.000566756868804381,0
7092,0.6288720009240725,0.9048374180359595,0.998918627465646,0.0005409788197410707,0
7093,0.6376801515878313,0.8607079764250578,0.9989255983278171,0.0005374896277004063,0
7094,0.6466186728252615,0.8187307530779818,0.9989225720051107,0.0005390044188398756,0
7095,0.611744582660137,1.0,0.9989282289451912,0.0005361729060573187,1
7096,0.6202200836188766,0.951229424500714,0.9989065859064297,0.000547006153431644,0
7097,0.611740512018213,1.0,0.9989525147821223,0.0005240171069644074,1
7098,0.6202153084114024,0.951229424500714,0.9989344245012673,0.000533071813964971,0
7099,0.6288714963856862,0.9048374180359595,0.9989215119931313,0.0005395349967703021,0
7100,0.6376806681475504,0.8607079764250578,0.9989226922897414,0.0005389442116592342,0
7101,0.6117495703534147,1.0,0.9988984730987183,0.0005510670139619915,1
7102,0.620220203812125,0.951229424500714,0.9989058852158234,0.0005473568823496373,0
7103,0.6288730381061562,0.9048374180359595,0.9989126977635396,0.0005439468891829238,0
7104,0.6117481299271668,1.0,0.998907066334032,0.0005467656767476743,1
7105,0.611742358696678,1.0,0.9989414972130999,0.0005295316983072994,1
7106,0.6117462904155073,1.0,0.9989180405776344,0.0005412725814989655,1
7107,0.6117485003113489,1.0,0.9989048567008236,0.0005478717033875714,1
7108,0.6202166333174807,0.951229424500714,0.998926700427915,0.0005369379852698695,0
7109,0.6288712068134414,0.9048374180359595,0.9989231675295485,0.0005387063355464272,0
7110,0.6117489090914277,1.0,0.9989024180143686,0.0005490923849246871,1
7111,0.6202180543226914,0.951229424500714,0.998918416200596,0.0005410845666290268,0
7112,0.628876054993067,0.9048374180359595,0.9988954501080154,0.0005525801783918954,0
7113,0.6376811772325435,0.8607079764250578,0.9989198283133052,0.0005403777462880492,0
7114,0.6466268513318356,0.8187307530779818,0.9988771527248285,0.0005617390702305218,0
7115,0.6117469748305391,1.0,0.99891395744173,0.0005433163649144542,1
7116,0.6117460596739872,1.0,0.9989194171588014,0.0005405835458811662,1
7117,0.611747250858777,1.0,0.9989123106982876,0.0005441406325040128,1
7118,0.6117427536267657,1.0,0.9989391410228168,0.000530711043178079,1
7119,0.6117454633504232,1.0,0.9989229747795766,0.0005388028144332909,1
7120,0.6202196171809621,0.951229424500714,0.9989093051062742,0.0005456450671290149,0
7121,0.6117409079462812,1.0,0.9989501525987649,0.000525199438514392,1
7122,0.6202150262982493,0.951229424500714,0.998936069204456,0.0005322485858359164,0
7123,0.6288732287413086,0.9048374180359595,0.998911607883279,0.0005444924227703756,0
7124,0.637685658639326,0.8607079764250578,0.9988946175705059,0.000552996907618353,0
7125,0.6117473281346899,1.0,0.9989118496824058,0.000544371391492156,1
7126,0.6117470203918599,1.0,0.9989136856293814,0.0005434524188675824,1
7127,0.6117442546440901,1.0,0.9989301858873567,0.0005351933861118749,1
7128,0.6202158009652259,0.951229424500714,0.9989315529505243,0.0005345091229614468,0
7129,0.611747743580161,1.0,0.9989093712058528,0.0005456119812542123,1
7130,0.6202168804948864,0.951229424500714,0.9989252594171439,0.000537659265324652,0
7131,0.6117438215593878,1.0,0.9989327696774162,0.0005339001091869931,1
7132,0.6117448718005948,1.0,0.9989265039393678,0.0005370363351119907,1
7133,0.620221331779399,0.951229424500714,0.9988993095388997,0.0005506483328579057,0
7134,0.611744095959601,1.0,0.9989311326003204,0.0005347195229088048,1
7135,0.6202186621107366,0.951229424500714,0.9989148729258743,0.0005428581253843937,0
7136,0.6288749785368943,0.9048374180359595,0.9989016042019635,0.0005494997383968222,0
7137,0.6117444545522456,1.0,0.9989289932355743,0.0005357903510005425,1
7138,0.6117468149251966,1.0,0.9989149114150983,0.0005428388598672678,1
7139,0.6202218283828442,0.951229424500714,0.998896414524278,0.0005520974372817342,0
7140,0.6288754922697439,0.9048374180359595,0.9988986671877088,0.0005509698624611806,0
7141,0.6376844410582997,0.8607079764250578,0.9989014671513973,0.0005495683390353445,0
7142,0.6466206449981055,0.8187307530779818,0.9989116193249173,0.0005444866957179655,0
7143,0.6556610349980398,0.7788007830714049,0.998909548444071,0.0005455232653968593,0
7144,0.6647707025590458,0.7408182206817179,0.9989434578280648,0.000528550353030117,0
7145,0.6117492246331772,1.0,0.9989005355721053,0.0005500346411466658,1
7146,0.6202190274762912,0.951229424500714,0.9989127429312087,0.000543924280766706,0
7147,0.6117453379860287,1.0,0.998923722696381,0.0005384284529743694,1
7148,0.6117444410673779,1.0,0.9989290736862092,0.0005357500825569137,1
7149,0.6202174880077596,0.951229424500714,0.9989217177120312,0.000539432026278496,0
7150,0.6117499032362457,1.0,0.9988964872158544,0.0005520610513398346,1
7151,0.6202179262423273,0.951229424500714,0.9989191628840973,0.0005407108207804302,0
7152,0.6117445435067405,1.0,0.9989284625338654,0.0005360559864227985,1
7153,0.6117482215832988,1.0,0.9989065195323721,0.0005470393767884423,1
7154,0.6117465700027418,1.0,0.9989163725915585,0.000542107478557945,1
7155,0.6117485185567955,1.0,0.9989047478525614,0.0005479261871892046,1
7156,0.6202163148721311,0.951229424500714,0.9989285569255054,0.0005360087399786868,0
7157,0.6288717851639289,0.9048374180359595,0.9989198609998706,0.0005403613853329515,0
7158,0.6117447137284218,1.0,0.9989274469940383,0.0005365643012728202,1
7159,0.6117467032085058,1.0,0.998915577902382,0.0005425052543450066,1
7160,0.6202175838886214,0.951229424500714,0.9989211587432257,0.0005397118124478833,0
7161,0.6117468548187579,1.0,0.9989146734154484,0.0005429579889720134,1
7162,0.6117475516573896,1.0,0.9989105161831032,0.0005450388679031386,1
7163,0.6202162368258641,0.951229424500714,0.9989290119264839,0.0005357809955260644,0
7164,0.6288716291189537,0.9048374180359595,0.9989207531344978,0.0005399148358830953,0
7165,0.6376776295705615,0.8607079764250578,0.9989397867339582,0.0005303878448438355,0
7166,0.6117469778395835,1.0,0.9989139394901961,0.0005433253504400701,1
7167,0.6202168638824637,0.951229424500714,0.9989253562652237,0.0005376107891878505,0
7168,0.6117424752352028,1.0,0.9989408019323652,0.0005298797071639411,1
7169,0.6117452469205705,1.0,0.9989242659882205,0.0005381565144472172,1
7170,0.6117505049350888,1.0,0.9988928976692817,0.000553857810597816,1
7171,0.6202167399379885,0.951229424500714,0.998926078844443,0.0005372491110337539,0
7172,0.6117506076645224,1.0,0.9988922848196339,0.0005541645751354816,1
7173,0.6202179111742343,0.951229424500714,0.9989192507281874,0.0005406668512133899,0
7174,0.628870381749806,0.9048374180359595,0.9989278845866107,0.000536345270112025,0
7175,0.6376785605990443,0.8607079764250578,0.9989345489083792,0.0005330095440596284,0
7176,0.6466150169245497,0.8187307530779818,0.9989428758440823,0.0005288416528767404,0
7177,0.655664787688189,0.7788007830714049,0.9988889117597933,0.0005558529781729718,0
7178,0.6647732057198781,0.7408182206817179,0.9989297867567799,0.0005353931651666048,0
7179,0.6739413673777334,0.7046880897187134,0.9989193237814529,0.0005406302850631489,0
7180,0.6831302846146452,0.6703200460356393,0.9989360227188236,0.0005322718534077116,0
7181,0.6117469016801445,1.0,0.9989143938467944,0.0005430979251950618,1
7182,0.6117437311355047,1.0,0.9989333091489704,0.0005336300853050538,1
7183,0.620217389686939,0.951229424500714,0.9989222909058365,0.0005391451200922059,0
7184,0.6288718198627317,0.9048374180359595,0.9989196626212907,0.0005404606818868407,0
7185,0.6376801918948964,0.8607079764250578,0.9989253715697788,0.0005376031286780574,0
7186,0.6466185611357561,0.8187307530779818,0.9989231922895502,0.0005386939422001957,0
7187,0.6556592728077173,0.7788007830714049,0.9989192392013888,0.0005406726208482713,0
7188,0.664775686495384,0.7408182206817179,0.9989162381483819,0.0005421747730729262,0
7189,0.6739454526811895,0.7046880897187134,0.998897104595109,0.0005517520207887735,0
7190,0.6831341320264308,0.6703200460356393,0.998915128291507,0.0005427303038817903,0
7191,0.6923304090344834,0.6376281516217733,0.9989033290479965,0.0005486363678023268,0
7192,0.6117499102720538,1.0,0.9988964452423181,0.0005520820612932145,1
7193,0.6202193382009961,0.951229424500714,0.9989109314848521,0.0005448309905928871,0
7194,0.6288752617821818,0.9048374180359595,0.998899984885248,0.0005503102877148422,0
7195,0.6376839298574459,0.8607079764250578,0.9989043429629502,0.000548128854007136,0
7196,0.6117452677788373,1.0,0.9989241415488347,0.0005382188011479101,1
7197,0.6117440964878302,1.0,0.9989311294488982,0.0005347211003059303,1
7198,0.6202194343441663,0.951229424500714,0.9989103709954605,0.0005451115409058098,0
7199,0.628872640943619,0.9048374180359595,0.9989149683867238,0.0005428103431120692,0
7200,0.6376811881422741,0.8607079764250578,0.9989197669381855,0.0005404084670325318,0
7201,0.6466173590306581,0.8187307530779818,0.9989298683906294,0.000535352304513905,0
7202,0.6117461924951821,1.0,0.9989186247602966,0.0005409801738800878,1
7203,0.6202159872107013,0.951229424500714,0.9989304671568553,0.0005350526007682267,0
7204,0.6117432206599476,1.0,0.9989363546693947,0.0005321057013677753,1
7205,0.6117432674245119,1.0,0.9989360756692949,0.0005322453499737676,1
7206,0.6202165684818077,0.951229424500714,0.9989270784115907,0.0005367487904050258,0
7207,0.6288736683514822,0.9048374180359595,0.9989090945940291,0.0005457504381903298,0
7208,0.6376803864566196,0.8607079764250578,0.9989242770123626,0.0005381509964402285,0
7209,0.6117485982807963,1.0,0.998904272237174,0.0005481642556845281,1
7210,0.6202199066035934,0.951229424500714,0.9989076178537399,0.0005464896152529231,0
7211,0.611746122837777,1.0,0.9989190403295747,0.0005407721643479375,1
7212,0.6117493248090077,1.0,0.9988999379495509,0.0005503337814073601,1
7213,0.611744531714228,1.0,0.9989285328878637,0.0005360207716909778,1
7214,0.6117475071912787,1.0,0.9989107814603229,0.0005449060846457509,1
7215,0.6202172911038317,0.951229424500714,0.9989228656291992,0.0005388574484671806,0
7216,0.6288697164088949,0.9048374180359595,0.9989316884982821,0.000534441276596865,0
7217,0.6376851013582824,0.8607079764250578,0.9988977525835785,0.0005514276689330083,0
7218,0.6117455856778725,1.0,0.9989222449818219,0.0005391681068730663,1
7219,0.6202184779791459,0.951229424500714,0.9989159463718997,0.0005423208196150078,0
7220,0.6117457257808969,1.0,0.9989214091371026,0.0005395864803116466,1
7221,0.6202205136849819,0.951229424500714,0.9989040787531944,0.000548261103802865,0
7222,0.6288749614035931,0.9048374180359595,0.9989017021533669,0.0005494507088436584,0
7223,0.6376854923473906,0.8607079764250578,0.9988955530529834,0.000552528648993771,0
7224,0.6117488338423516,1.0,0.9989028669321073,0.0005488676794731528,1
7225,0.6117496194895464,1.0,0.99889817996637,0.0005512137417823267,1
7226,0.6117478866145553,1.0,0.9989085178892783,0.0005460391055577306,1
7227,0.62022126129994,0.951229424500714,0.9988997204090769,0.0005504426714419903,0
7228,0.6288739956558429,0.9048374180359595,0.9989072233723589,0.0005466870716802443,0
7229,0.6117501570951658,1.0,0.998894972770804,0.0005528191109676312,1
7230,0.620220485870417,0.951229424500714,0.9989042409032888,0.000548179939812972,0
7231,0.6117471511611093,1.0,0.9989129054792864,0.0005438429182725557,1
7232,0.6202224944730419,0.951229424500714,0.9988925314832806,0.0005540411065593043,0
7233,0.6288733460758611,0.9048374180359595,0.9989109370706911,0.0005448281946284155,0
7234,0.6376815202208731,0.8607079764250578,0.9989178987583831,0.0005413435679341057,0
7235,0.6466167637295175,0.8187307530779818,0.9989331745199808,0.0005336974716848555,0
7236,0.6117507550251989,1.0,0.9988914057158124,0.0005546046146781097,1
7237,0.6202165618821301,0.951229424500714,0.9989271168868773,0.0005367295320994688,0
7238,0.6288729807572349,0.9048374180359595,0.9989130256333821,0.0005437827758478027,0
7239,0.637681886203422,0.8607079764250578,0.9989158398498151,0.000542374138460673,0
7240,0.6466182557562935,0.8187307530779818,0.998924888262663,0.0005378450422616459,0
7241,0.61174571593985,1.0,0.9989214678480567,0.0005395570931387358,1
7242,0.6202149168236323,0.951229424500714,0.9989367074361131,0.0005319291302306648,0
7243,0.6117457819145226,1.0,0.9989210742481625,0.000539754105608898,1
7244,0.6117455952520557,1.0,0.99892218786289,0.0005391966971531973,1
7245,0.6202168167213983,0.951229424500714,0.9989256312076519,0.0005374731701011949,0
7246,0.628870645031472,0.9048374180359595,0.9989263793483534,0.0005370986975689126,0
7247,0.6376800000558596,0.8607079764250578,0.9989264508115315,0.000537062927577744,0
7248,0.646619505141446,0.8187307530779818,0.9989179496270815,0.0005413181060331907,0
7249,0.6117492582338555,1.0,0.9989003351192708,0.0005501349778907055,1
7250,0.6117457841697252,1.0,0.998921060793798,0.0005397608400571291,1
7251,0.6202173363726046,0.951229424500714,0.9989226017196121,0.0005389895455644699,0
7252,0.6288711183323981,0.9048374180359595,0.9989236733922725,0.0005384531315902257,0
7253,0.6376794301833955,0.8607079764250578,0.9989296567901914,0.0005354582180855831,0
7254,0.6117464624903578,1.0,0.9989170139978867,0.0005417864275971848,1
7255,0.6202171789121642,0.951229424500714,0.9989235196888125,0.0005385300661328416,0
7256,0.6288758572614619,0.9048374180359595,0.9988965805346475,0.0005520143403994256,0
7257,0.6376816621978927,0.8607079764250578,0.9989171000374036,0.0005417433612002615,0
7258,0.6117458305564307,1.0,0.9989207840543748,0.0005398993592416901,1
7259,0.6202178638561632,0.951229424500714,0.9989195265835344,0.0005405287743324452,0
7260,0.6288725880512391,0.9048374180359595,0.9989152707789747,0.0005426589827787793,0
7261,0.6117490023368861,1.0,0.9989018617349962,0.0005493708303050264,1
7262,0.6117463753415426,1.0,0.998917533917994,0.0005415261857729722,1
7263,0.620220221197012,0.951229424500714,0.9989057838672021,0.0005474076121671076,0
7264,0.6288747168229856,0.9048374180359595,0.9989031004266906,0.0005487508039671722,0
7265,0.6376830927202495,0.8607079764250578,0.9989090523850714,0.0005457715657176885,0
7266,0.6117490530711823,1.0,0.9989015590669117,0.0005495223307386195,1
7267,0.6117463872770804,1.0,0.9989174627118828,0.0005415618274107254,1
7268,0.6202222848128217,0.951229424500714,0.9988937537166778,0.0005534293126921845,0
7269,0.6117462887971781,1.0,0.9989180502324174,0.0005412677488787739,1
7270,0.6117492639764369,1.0,0.9989003008605418,0.000550152126112754,1
7271,0.6202172959995138,0.951229424500714,0.998922837088164,0.0005388717343728575,0
7272,0.6288718482608028,0.9048374180359595,0.9989195002650372,0.0005405419478148035,0
7273,0.6376815724616405,0.8607079764250578,0.9989176048670855,0.0005414906727868481,0
7274,0.6466185057674676,0.8187307530779818,0.9989234997858297,0.0005385400283484634,0
7275,0.6117454577498163,1.0,0.998923008192459,0.000538786089979663,1
7276,0.6117473167725881,1.0,0.998911917466889,0.0005443374623316922,1
7277,0.620217733424896,0.951229424500714,0.9989202869735534,0.0005401481682329014,0
7278,0.6288704593643548,0.9048374180359595,0.9989274408471203,0.0005365673780318892,0
7279,0.6117475549692617,1.0,0.9989104964250443,0.0005450487577075265,1
7280,0.6202222423997159,0.951229424500714,0.9988940009680094,0.0005533055501297773,0
7281,0.6288749512841039,0.9048374180359595,0.9989017600066815,0.0005494217503822163,0
7282,0.6117437403913767,1.0,0.9989332539281452,0.0005336577252016305,1
7283,0.6117453783333134,1.0,0.9989234819866974,0.0005385489375054058,1
7284,0.6117459617424963,1.0,0.9989200014092839,0.0005402911047183835,1
7285,0.6202144908941716,0.951229424500714,0.9989391905895415,0.0005306862334967446,0
7286,0.6288707280130684,0.9048374180359595,0.9989259049252472,0.0005373361641273221,0
7287,0.6376841404694826,0.8607079764250578,0.9989031581425705,0.0005487219143390474,0
7288,0.6466168499520799,0.8187307530779818,0.9989326956641214,0.0005339371553725792,0
7289,0.6117486698363299,1.0,0.9989038453533068,0.0005483779317946176,1
7290,0.6117452505173031,1.0,0.99892424453029,0.0005381672549664604,1
7291,0.6202221258529598,0.951229424500714,0.9988946803891273,0.0005529654635509234,0
7292,0.6288736944082932,0.9048374180359595,0.9989089456252643,0.0005458250039223865,0
7293,0.6376805298650742,0.8607079764250578,0.9989234702319117,0.0005385548212322003,0
7294,0.6466215072151018,0.8187307530779818,0.9989068309536703,0.0005468834957107284,0
7295,0.6556576034924343,0.7788007830714049,0.9989284193151357,0.0005360776189682131,0
7296,0.6647733754248013,0.7408182206817179,0.9989288599168996,0.0005358570818114587,0
7297,0.6117437031812714,1.0,0.9989334759248402,0.0005335466083330157,1
7298,0.611744751995555,1.0,0.9989272186931463,0.0005366785742957799,1
7299,0.6202173771889902,0.951229424500714,0.9989223637668042,0.0005391086503058476,0
7300,0.6288708551102045,0.9048374180359595,0.998925178284986,0.0005376998750502154,0
7301,0.6376797890992365,0.8607079764250578,0.9989276376061085,0.0005364688929163613,0
7302,0.6117452057116628,1.0,0.9989245118385892,0.0005380334569008045,1
7303,0.6117474183628967,1.0,0.9989113113955884,0.000544640828160935,1
7304,0.6117500410341529,1.0,0.9988956651550547,0.0005524725359874404,1
7305,0.6117458343824058,1.0,0.9989207612289139,0.0005399107843023897,1
7306,0.6202199922477061,0.951229424500714,0.9989071185734306,0.0005467395284706869,0
7307,0.6288713084153104,0.9048374180359595,0.9989225866530328,0.0005389970869793154,0
7308,0.6376811081126731,0.8607079764250578,0.9989202171626458,0.0005401831114165387,0
7309,0.6466205662723866,0.8187307530779818,0.9989120565340879,0.000544267852996378,0
7310,0.6556612172988651,0.7788007830714049,0.9989085459291901,0.0005460250702828066,0
7311,0.6647748451781854,0.7408182206817179,0.998920832929541,0.0005398748952572792,0
7312,0.6117449826235661,1.0,0.9989258427730605,0.0005373672736362452,1
7313,0.6202170127792569,0.951229424500714,0.9989244882184125,0.00053804527970457,0
7314,0.6117472630925286,1.0,0.998912237713638,0.0005441771645656333,1
7315,0.6117492747866902,1.0,0.9989002363694225,0.0005501844071728982,1
7316,0.6202153487030267,0.951229424500714,0.9989341896037678,0.000533189388012621,0
7317,0.6117466714939908,1.0,0.9989157671071847,0.00054241054925233,1
7318,0.6202164893735466,0.951229424500714,0.9989275396029046,0.000536517947124552,0
7319,0.6288685426975448,0.9048374180359595,0.9989383989321146,0.0005310824827119473,0
7320,0.6117455849392895,1.0,0.9989222493881584,0.0005391659013277999,1
7321,0.6202155403931324,0.951229424500714,0.998933072064235,0.000533748754269943,0
7322,0.6117471922911342,1.0,0.9989126601038002,0.0005439657395490505,1
7323,0.6202186870763591,0.951229424500714,0.9989147273820013,0.0005429309763787982,0
7324,0.6117462366517734,1.0,0.998918361326518,0.000541112033376361,1
7325,0.6117466085408629,1.0,0.9989161426777783,0.0005422225601668601,1
7326,0.6202209241219351,0.951229424500714,0.9989016860402481,0.0005494587742613863,0
7327,0.6288725399710355,0.9048374180359595,0.998915545659529,0.0005425213932731851,0
7328,0.6376806083933642,0.8607079764250578,0.9989230284515556,0.0005387759495103102,0
7329,0.6117465732268806,1.0,0.9989163533567319,0.0005421171064043199,1
7330,0.611744611390092,1.0,0.9989280575426915,0.0005362586992651674,1
7331,0.6202207313045016,0.951229424500714,0.9989028101016862,0.0005488961258939838,0
7332,0.6288724869741876,0.9048374180359595,0.9989158486492745,0.0005423697339558049,0
7333,0.6117464993985171,1.0,0.9989167938080488,0.0005418966418888421,1
7334,0.6117477654590374,1.0,0.9989092406804779,0.000545677315200974,1
7335,0.6202214178953758,0.951229424500714,0.9988988075137125,0.0005508996221062312,0
7336,0.6288734867818919,0.9048374180359595,0.9989101326419861,0.0005452308476573385,0
7337,0.6117481789126402,1.0,0.9989067740967016,0.0005469119553070306,1
7338,0.6117499234994885,1.0,0.9988963663313885,0.0005521215603489798,1
7339,0.6117464610117371,1.0,0.9989170228191692,0.0005417820121741468,1
7340,0.6202193882013297,0.951229424500714,0.9989106399960038,0.000544976893937056,0
7341,0.6288780079932779,0.9048374180359595,0.9988842849479082,0.0005581689627365784,0
7342,0.6376781732758783,0.8607079764250578,0.998936727925689,0.0005319188745379937,0
7343,0.6117463319696728,1.0,0.998917792669881,0.0005413966696494112,1
7344,0.6117444052023306,1.0,0.9989292876569013,0.000535642982526079,1
7345,0.620221341074216,0.951229424500714,0.9988992553534409,0.0005506754554415798,0
7346,0.6288750637682299,0.9048374180359595,0.9989011169330183,0.0005497436408302958,0
7347,0.6117446362662188,1.0,0.99892790913211,0.000536332984190602,1
7348,0.6202152406311746,0.951229424500714,0.9989348196556801,0.0005328740260397097,0
7349,0.6288715484360627,0.9048374180359595,0.9989212144121954,0.0005396839479024271,0
7350,0.6376825984319803,0.8607079764250578,0.9989118330802479,0.0005443797016138126,0
7351,0.6117454663747457,1.0,0.9989229567366519,0.0005388118456225267,1
7352,0.620219883481361,0.951229424500714,0.9989077526497011,0.0005464221435720525,0
7353,0.6288683215639568,0.9048374180359595,0.9989396632211074,0.0005304496668175732,0
7354,0.6117480980655097,1.0,0.9989072564142394,0.0005466705326668473,1
7355,0.620215901132904,0.951229424500714,0.9989309689821375,0.0005348014195435436,0
7356,0.628872734603241,0.9048374180359595,0.9989144329234322,0.0005430783656425828,0
7357,0.6117442198049433,1.0,0.9989303937378768,0.0005350893495628588,1
7358,0.6202191993823339,0.951229424500714,0.9989117407619258,0.0005444259110606147,0
7359,0.6288692018978796,0.9048374180359595,0.9989346300931575,0.0005329689083767709,0
7360,0.6117465987692967,1.0,0.9989162009737553,0.0005421933805526717,1
7361,0.6117444349917617,1.0,0.9989291099333006,0.0005357319395817293,1
7362,0.6117459279056388,1.0,0.9989202032770563,0.000540190061716123,1
7363,0.6202162945771534,0.951229424500714,0.9989286752429195,0.0005359495178219492,0
7364,0.6117453301948929,1.0,0.9989237691778798,0.0005384051871850044,1
7365,0.6117454423332608,1.0,0.9989231001667066,0.0005387400532768672,1
7366,0.6202202904674216,0.951229424500714,0.9989053800418571,0.0005476097460585421,0
7367,0.6117476627026551,1.0,0.9989098537064837,0.0005453704675952575,1
7368,0.6202194857943446,0.951229424500714,0.9989100710546395,0.000545261674929274,0
7369,0.6117501212689913,1.0,0.998895186498648,0.0005527121288388645,1
7370,0.6202187654786078,0.951229424500714,0.9989142703150058,0.0005431597582194682,0
7371,0.6288739172495463,0.9048374180359595,0.9989076716261469,0.0005464626996480482,0
7372,0.6376826210372222,0.8607079764250578,0.9989117059107429,0.0005444433556365969,0
7373,0.6117501402777743,1.0,0.9988950730981367,0.0005527688918102032,1
7374,0.6117461859155384,1.0,0.9989186640137975,0.0005409605258831861,1
7375,0.6117496083062323,1.0,0.9988982466828673,0.0005511803467394183,1
7376,0.6202176181320588,0.951229424500714,0.9989209591100288,0.0005398117368589515,0
7377,0.628874574737279,0.9048374180359595,0.9989039127353739,0.0005483442037910556,0
7378,0.6117483410362413,1.0,0.9989058069013221,0.0005473960824912188,1
7379,0.6202196441497202,0.951229424500714,0.998909147885828,0.0005457237631916802,0
7380,0.6288755609787465,0.9048374180359595,0.9988982743787539,0.0005511664835224693,0
7381,0.6376855411594459,0.8607079764250578,0.998895278458537,0.0005526660980410553,0
7382,0.6117502581629488,1.0,0.9988943698321295,0.0005531209138962483,1
7383,0.6117488114143288,1.0,0.9989030007323106,0.0005488007058970263,1
7384,0.6117510498259823,1.0,0.9988896470377945,0.0005554849303741115,1
7385,0.6202206093360804,0.951229424500714,0.998903521137903,0.0005485402174129076,0
7386,0.611749302543059,1.0,0.998900070782275,0.0005502672919071407,1
7387,0.6202186818761909,0.951229424500714,0.9989147576977906,0.0005429158020160232,0
7388,0.6117498029406317,1.0,0.9988970855499085,0.0005517615539031885,1
7389,0.6117464852128611,1.0,0.9989168784380335,0.0005418542810127188,1
7390,0.6117482422181676,1.0,0.9989063964290441,0.0005471009958354636,1
7391,0.6202172321615448,0.951229424500714,0.9989232092533001,0.0005386854511820747,0
7392,0.6288724502927963,0.9048374180359595,0.9989160583615446,0.000542264764028447,0
7393,0.6376823001363535,0.8607079764250578,0.9989135111933042,0.0005435397317630896,0
7394,0.6117466525925782,1.0,0.9989158798706581,0.0005423541063215156,1
7395,0.6117475147238131,1.0,0.9989107365225027,0.0005449285780565532,1
7396,0.6202183980868526,0.951229424500714,0.9989164121266265,0.0005420876895804685,0
7397,0.6288743349332165,0.9048374180359595,0.9989052837051613,0.000547657967192601,0
7398,0.6117480825441918,1.0,0.9989073490113053,0.00054662418348829,1
7399,0.6202197862801566,0.951229424500714,0.9989083193050388,0.0005461385061813741,0
7400,0.6288744862964432,0.9048374180359595,0.9989044183550102,0.0005480911166312933,0
7401,0.6117490650729062,1.0,0.9989014874676576,0.0005495581697339407,1
7402,0.6202186597876632,0.951229424500714,0.998914886468863,0.0005428513465341892,0
7403,0.6288734243521036,0.9048374180359595,0.9989104895584467,0.0005450521947509465,0
7404,0.637682655065318,0.8607079764250578,0.9989115144801335,0.000544539175230372,0
7405,0.6466242488247337,0.8187307530779818,0.998891605455388,0.0005545046340623302,0
7406,0.6117469519530496,1.0,0.9989140939256146,0.0005432480487825701,1
7407,0.6202177711922443,0.951229424500714,0.9989200667968545,0.0005402583755867413,0
7408,0.6288711747803544,0.9048374180359595,0.9989233506686768,0.0005386146672793231,0
7409,0.6376790952928211,0.8607079764250578,0.9989315408179872,0.0005345151957184308,0
7410,0.6466190891962518,0.8187307530779818,0.998920259630459,0.000540161854557529,0
7411,0.6556617882952595,0.7788007830714049,0.9989054058940494,0.0005475968057978849,0
7412,0.6117434628540745,1.0,0.9989349097264678,0.0005328289426259177,1
7413,0.6202218374487355,0.951229424500714,0.998896361673592,0.0005521238918203003,0
7414,0.611743109325461,1.0,0.9989370188978598,0.0005317732336178516,1
7415,0.6117464666611938,1.0,0.9989169891151539,0.0005417988824521849,1
7416,0.6202124203606394,0.951229424500714,0.9989512618508672,0.0005246442298868416,0
7417,0.6288714172006606,0.9048374180359595,0.9989219647077437,0.0005393083951282175,0
7418,0.6376864200577199,0.8607079764250578,0.998890334192819,0.0005551409710637765,0
7419,0.6466179555978799,0.8187307530779818,0.9989265552432979,0.000537010655580724,0
7420,0.6117459204413606,1.0,0.9989202478083046,0.0005401677720241288,1
7421,0.6202152543933012,0.951229424500714,0.9989347394233405,0.0005329141849876357,0
7422,0.6288684443577504,0.9048374180359595,0.9989389611708118,0.0005308010646887807,0
7423,0.6376793373694358,0.8607079764250578,0.9989301789426175,0.0005351968622002595,0
7424,0.6117444482887374,1.0,0.9989290306036233,0.0005357716469442282,1
7425,0.6202152076713058,0.951229424500714,0.9989350118096975,0.0005327778465918451,0
7426,0.6288684994834803,0.9048374180359595,0.9989386460000912,0.000530958817455763,0
7427,0.6117476141662826,1.0,0.9989101432659065,0.0005452255299015445,1
7428,0.6117467467024998,1.0,0.9989153184227766,0.0005426351350100353,1
7429,0.6202187577104207,0.951229424500714,0.9989143156017285,0.0005431370902473451,0
7430,0.6288716444315899,0.9048374180359595,0.9989206655896056,0.0005399586556234386,0
7431,0.63768472652898,0.8607079764250578,0.9988998612121676,0.0005503721923549162,0
7432,0.6466185560626914,0.8187307530779818,0.9989232204635884,0.000538679839995941,0
7433,0.6556601776250225,0.7788007830714049,0.9989142633545935,0.0005431632422082652,0
7434,0.6647713363212886,0.7408182206817179,0.998939996501155,0.0005302828499395031,0
7435,0.6739386953983592,0.7046880897187134,0.9989338564499449,0.000533356142680688,0
7436,0.6831296161863175,0.6703200460356393,0.9989396528473583,0.0005304548591977878,0
7437,0.6117439554329923,1.0,0.9989319709843433,0.0005342998825333424,1
7438,0.6202180947715237,0.951229424500714,0.9989181803919711,0.0005412025986168768,0
7439,0.6117461335181221,1.0,0.9989189766116616,0.0005408040577810044,1
7440,0.6117507353723644,1.0,0.9988915229578916,0.00055454592858284,1
7441,0.6202181473687571,0.951229424500714,0.9989178737607093,0.0005413560803108069,0
7442,0.6117484798357198,1.0,0.9989049788538777,0.0005478105599033479,1
7443,0.6202209584881909,0.951229424500714,0.9989014856966085,0.0005495590562323271,0
7444,0.6288741858002209,0.9048374180359595,0.9989061363059797,0.0005472311997760879,0
7445,0.6376814678370804,0.8607079764250578,0.998918193454411,0.000541196060323702,0
7446,0.6117465317076981,1.0,0.9989166010552462,0.0005419931228081537,1
7447,0.6202157615398249,0.951229424500714,0.9989317827971327,0.0005343940767496343,0
7448,0.628872021592238,0.9048374180359595,0.9989185093026451,0.0005410379652032627,0
7449,0.6376783570789348,0.8607079764250578,0.9989356938787407,0.0005324364486018119,0
7450,0.611746562248859,1.0,0.9989164188502969,0.0005420843240984506,1
7451,0.611746270067224,1.0,0.9989181619733725,0.0005412118178898691,1
7452,0.6202204286768649,0.951229424500714,0.9989045743236825,0.0005480130467693462,0
7453,0.6117443799955818,1.0,0.998929438040279,0.0005355677102479162,1
7454,0.6202195341610632,0.951229424500714,0.9989097890896833,0.0005454028112558255,0
7455,0.611747417790714,1.0,0.9989113148091365,0.000544639119526759,1
7456,0.6117484314814406,1.0,0.998905267324854,0.0005476661663220599,1
7457,0.6202216860613515,0.951229424500714,0.9988972442047787,0.0005516821388864132,0
7458,0.6117506371493042,1.0,0.9988921089233317,0.000554252620823821,1
7459,0.6117442706472378,1.0,0.9989300904125208,0.0005352411746569617,1
7460,0.620218717923883,0.951229424500714,0.9989145475480286,0.0005430209910637148,0
7461,0.6288695380186681,0.9048374180359595,0.9989327084008246,0.000533930780216783,0
7462,0.6376774490843454,0.8607079764250578,0.9989408021262401,0.0005298796101237378,0
7463,0.6466196629932769,0.8187307530779818,0.9989170729790179,0.0005417569050599636,0
7464,0.6117440731161189,1.0,0.9989312688848326,0.0005346513077443215,1
7465,0.6117440472004156,1.0,0.9989314234982902,0.0005345739183130447,1
7466,0.6202167795412331,0.951229424500714,0.9989258479629012,0.0005373646759255758,0
7467,0.6117496556459907,1.0,0.9988979642672704,0.0005513217103055994,1
7468,0.6202191411525347,0.951229424500714,0.9989120802269473,0.0005442559936645325,0
7469,0.6288754244283494,0.9048374180359595,0.9988990550367601,0.0005507757241622782,0
7470,0.6117441915531845,1.0,0.9989305622880559,0.000535004984242756,1
7471,0.6117431558044104,1.0,0.9989367416014795,0.0005319120293644941,1
7472,0.6202197300500678,0.951229424500714,0.998908647110651,0.0005459744242771286,0
7473,0.6288693756289935,0.9048374180359595,0.9989336368253467,0.0005334660721924729,0
7474,0.6376799043162094,0.8607079764250578,0.9989269894210736,0.0005367933334567803,0
7475,0.6466184476363366,0.8187307530779818,0.9989238226261036,0.0005383784342815575,0
7476,0.6117484106285145,1.0,0.998905391728856,0.0005476038961557329,1
7477,0.6202184833238442,0.951229424500714,0.9989159152134793,0.0005423364157324884,0
7478,0.6288737703974234,0.9048374180359595,0.9989085111898148,0.0005460424589496685,0
7479,0.6117467494643067,1.0,0.9989153019461934,0.000542643382247322,1
7480,0.6117476907872634,1.0,0.9989096861587305,0.0005454543329042833,1
7481,0.6202196244016948,0.951229424500714,0.9989092630113843,0.0005456661375557907,0
7482,0.6117464617888907,1.0,0.9989170181827596,0.0005417843328922292,1
7483,0.6202159698193022,0.951229424500714,0.9989305685470109,0.0005350018514149097,0
7484,0.628874095994371,0.9048374180359595,0.9989066497310046,0.000546974206213678,0
7485,0.6376805480701759,0.8607079764250578,0.9989233678145779,0.0005386060850888329,0
7486,0.6117479968852922,1.0,0.9989078600353303,0.0005463683920503712,1
7487,0.6202215543898209,0.951229424500714,0.9988980118009019,0.0005512979172696681,0
7488,0.6117462588434774,1.0,0.9989182289330849,0.0005411783017757819,1
7489,0.6202176492298646,0.951229424500714,0.9989207778153586,0.0005399024821200972,0
7490,0.6117462674219426,1.0,0.9989181777548477,0.0005412039186065874,1
7491,0.6202159778041497,0.951229424500714,0.9989305219961286,0.000535025151774676,0
7492,0.6288708426669889,0.9048374180359595,0.9989252494253571,0.0005376642665931876,0
7493,0.611747395593298,1.0,0.9989114472352725,0.0005445728342993873,1
7494,0.6202162217863099,0.951229424500714,0.9989290996054314,0.0005357371090523159,0
7495,0.6288732438591141,0.9048374180359595,0.9989115214533392,0.0005445356848282677,0
7496,0.6376819252054031,0.8607079764250578,0.9989156204366353,0.0005424839641312213,0
7497,0.6466187121165862,0.8187307530779818,0.9989223537949516,0.0005391136416109794,0
7498,0.6556626368694297,0.7788007830714049,0.9989007394187608,0.0005499326056449133,0
7499,0.6647737700148546,0.7408182206817179,0.9989267048752866,0.0005369357591948796,0
7500,0.6117489349391296,1.0,0.9989022638133164,0.0005491695701739125,1
7501,0.6202149774612467,0.951229424500714,0.9989363539217185,0.0005321060756039235,0
7502,0.6117478166213061,1.0,0.9989089354558394,0.0005458300941886928,1
7503,0.6202170323222165,0.951229424500714,0.998924374285859,0.0005381023073184439,0
7504,0.6117460286566481,1.0,0.9989196022054063,0.0005404909225000395,1
7505,0.6202194026309459,0.951229424500714,0.9989105558751434,0.0005450190002379569,0
7506,0.6288734639121095,0.9048374180359595,0.9989102633904758,0.0005451654020897849,0
7507,0.6376837591373181,0.8607079764250578,0.9989053033684893,0.0005476481247540341,0
7508,0.6117496726443115,1.0,0.998897862860131,0.0005513724698166608,1
7509,0.6202194665667969,0.951229424500714,0.9989101831461004,0.0005452055680494368,0
7510,0.6117510065772039,1.0,0.9988899050445385,0.0005553557836203313,1
7511,0.6202196698939462,0.951229424500714,0.9989089978041007,0.0005457988860088186,0
7512,0.6288757068640898,0.9048374180359595,0.9988974403538169,0.0005515839561052961,0
7513,0.6376840383970603,0.8607079764250578,0.9989037323615958,0.0005484344896494717,0
7514,0.6466222880069479,0.8187307530779818,0.998902494805933,0.0005490539469551886,0
7515,0.655662954814055,0.7788007830714049,0.9988989909856485,0.0005508077850163917,0
7516,0.611746490145091,1.0,0.9989168490129187,0.0005418690095231236,1
7517,0.6202214083130174,0.951229424500714,0.9988988633753993,0.0005508716604724622,0
7518,0.6288752623439561,0.9048374180359595,0.998899981673581,0.0005503118953167555,0
7519,0.6117493494296286,1.0,0.9988997910695094,0.0005504073023110223,1
7520,0.6202201158532578,0.951229424500714,0.9989063979895821,0.0005471002147121767,0
7521,0.6288778625585,0.9048374180359595,0.9988851163821215,0.0005577527814631859,0
7522,0.6117459247299448,1.0,0.9989202222229756,0.000540180578516646,1
7523,0.6202199547525675,0.951229424500714,0.9989073371591569,0.0005466301160446897,0
7524,0.6117480564908472,1.0,0.9989075044403565,0.000546546383961006,1
7525,0.6202178666311469,0.951229424500714,0.9989195104059047,0.0005405368718966041,0
7526,0.6288720950986092,0.9048374180359595,0.9989180890558524,0.0005412483161363958,0
7527,0.6376805135326005,0.8607079764250578,0.9989235621143219,0.0005385088305188749,0
7528,0.6466191006428925,0.8187307530779818,0.9989201960600275,0.0005401936741312186,0
7529,0.6117491304271164,1.0,0.9989010975810779,0.00054975332744504,1
7530,0.6117455127895928,1.0,0.9989226798285508,0.0005389504489741087,1
7531,0.6202164935249391,0.951229424500714,0.9989275154007953,0.0005365300611711908,0
7532,0.6288707837006502,0.9048374180359595,0.9989255865478907,0.0005374955239986382,0
7533,0.6376823345812359,0.8607079764250578,0.9989133174175425,0.0005436367250354021,0
7534,0.6117478734764211,1.0,0.9989085962688954,0.0005459998729290332,1
7535,0.6117481242820986,1.0,0.9989071000113637,0.0005467488196584012,1
7536,0.6202189075971378,0.951229424500714,0.9989134417975722,0.0005435744673701119,0
7537,0.6288733677716905,0.9048374180359595,0.9989108130336768,0.0005448902807551424,0
7538,0.6376814905363934,0.8607079764250578,0.9989180657546443,0.0005412599793591849,0
7539,0.64662003332953,0.8187307530779818,0.9989150162782974,0.0005427863713157047,0
7540,0.6117482328240482,1.0,0.9989064524724002,0.0005470729434800261,1
7541,0.6202198059334563,0.951229424500714,0.9989082047318624,0.0005461958553798639,0
7542,0.6117465084967267,1.0,0.998916739529186,0.000541923810750415,1
7543,0.6202193627055039,0.951229424500714,0.9989107886299747,0.0005449024959109133,0
7544,0.6117436048099477,1.0,0.9989340628117016,0.0005332528516899819,1
7545,0.6117466527326625,1.0,0.9989158790349326,0.0005423545246377565,1
7546,0.6202151600138699,0.951229424500714,0.9989352896497248,0.0005326387784915904,0
7547,0.6288717648055067,0.9048374180359595,0.998919977392237,0.0005403031262252329,0
7548,0.6376795556028717,0.8607079764250578,0.9989289512063303,0.0005358113881539192,0
7549,0.6117431181646172,1.0,0.998936966162881,0.0005317996291659741,1
7550,0.6202186497607516,0.951229424500714,0.9989149449234759,0.0005428220874791783,0
7551,0.6288706443647096,0.9048374180359595,0.9989263831603741,0.0005370967895100838,0
7552,0.6376817306075715,0.8607079764250578,0.9989167151849532,0.000541935996066852,0
7553,0.6466234650373195,0.8187307530779818,0.9988959581809244,0.0005523258610959229,0
7554,0.6556575879962128,0.7788007830714049,0.9989285045344158,0.0005360349636212735,0
7555,0.664778406310919,0.7408182206817179,0.9989013842714412,0.0005496098245883462,0
7556,0.6117420139270724,1.0,0.9989435541480083,0.000528502142123899,1
7557,0.6202209766665067,0.951229424500714,0.9989013797232034,0.0005496121012083684,0
7558,0.6117444458876674,1.0,0.998929044928392,0.000535764476880985,1
7559,0.6202167837726897,0.951229424500714,0.9989258232940873,0.0005373770235959454,0
7560,0.6117429032452978,1.0,0.9989382483866674,0.000531157835435744,1
7561,0.6202200379542928,0.951229424500714,0.9989068521174468,0.0005468729022421208,0
7562,0.6288708332394084,0.9048374180359595,0.9989253033247386,0.0005376372879077902,0
7563,0.6376810563701638,0.8607079764250578,0.9989205082518696,0.0005400374094993497,0
7564,0.6117468436094915,1.0,0.998914740288424,0.0005429245161563749,1
7565,0.6117458003708852,1.0,0.9989209641389433,0.00053980921968553,1
7566,0.6117475007451963,1.0,0.9989108199165578,0.0005448868355621394,1
7567,0.6117454559338986,1.0,0.9989230190261149,0.0005387806673115945,1
7568,0.6202190416470125,0.951229424500714,0.99891266031939,0.0005439656316367986,0
7569,0.6288730621379648,0.9048374180359595,0.9989125603711939,0.0005440156601352988,0
7570,0.6376821899783153,0.8607079764250578,0.9989141309071045,0.0005432295379369361,0
7571,0.61174697142646,1.0,0.9989139777499855,0.0005433061997469887,1
7572,0.6202184731144046,0.951229424500714,0.9989159747322764,0.0005423066240380983,0
7573,0.6288725017004868,0.9048374180359595,0.9989157644571298,0.000542411875717945,0
7574,0.6376842342260007,0.8607079764250578,0.9989026307059043,0.0005489859223167144,0
7575,0.6466203578385791,0.8187307530779818,0.9989132140879697,0.0005436884460287783,0
7576,0.6117479453424516,1.0,0.9989081675298952,0.0005462144766944447,1
7577,0.620218579997206,0.951229424500714,0.9989153516292044,0.0005426185137676534,0
7578,0.6117475090643135,1.0,0.9989107702861151,0.0005449116778418921,1
7579,0.6202193154061141,0.951229424500714,0.9989110643730835,0.0005447644740405315,0
7580,0.6288731480661163,0.9048374180359595,0.9989120691112369,0.0005442615575728513,0
7581,0.6376821502893276,0.8607079764250578,0.998914354184744,0.0005431177777727363,0
7582,0.646619346837141,0.8187307530779818,0.9989188287889592,0.0005408780491240033,0
7583,0.6556635017434,0.7788007830714049,0.9988959833338613,0.0005523132707272699,0
7584,0.6117469450364488,1.0,0.9989141351890882,0.0005432273946176688,1
7585,0.6117489950816869,1.0,0.9989019050177059,0.0005493491651592671,1
7586,0.6202182954055881,0.951229424500714,0.9989170107365637,0.0005417880600266285,0
7587,0.6117487930981298,1.0,0.9989031100023795,0.0005487460108651829,1
7588,0.6202204871670927,0.951229424500714,0.9989042333440804,0.0005481837235632549,0
7589,0.6117467558926741,1.0,0.9989152635953853,0.0005426625784738366,1
7590,0.6202207717536862,0.951229424500714,0.9989025742962584,0.0005490141581255758,0
7591,0.6288738874458979,0.9048374180359595,0.9989078420155737,0.0005463774117795583,0
7592,0.6117484959621097,1.0,0.9989048826474165,0.0005478587158680807,1
7593,0.6202170459770457,0.951229424500714,0.9989242946802417,0.0005381421529876917,0
7594,0.6288729129829664,0.9048374180359595,0.9989134131062243,0.0005435888286486267,0
7595,0.637684949143917,0.8607079764250578,0.9988986088754982,0.000550999050713314,0
